calificacion_id,usuario_id,contenido_id,fecha_calificacion,puntuacion_1_5,recomendaria,categoria_comentario
K00001,U00975,C0363,2025-08-22 08:20:32,4,Sí,Contenido
K00002,U00975,C0135,2025-10-26 13:24:35,5,Sí,Historia
K00003,U00975,C0324,2025-04-22 20:21:42,4,Sí,Contenido
K00004,U00975,C0299,2025-06-07 00:40:30,4,Sí,Experiencia general
K00005,U00234,C0008,2025-12-23 20:16:42,4,Sí,Actuación
K00006,U01392,C0106,2025-09-27 17:30:05,5,Sí,Historia
K00007,U01392,C0395,2025-09-08 23:28:17,5,Sí,Actuación
K00008,U01392,C0228,2025-11-28 20:26:48,4,Sí,Historia
K00009,U00582,C0133,2025-11-29 11:26:57,5,Sí,Calidad técnica
K00010,U01205,C0373,2025-12-21 11:12:23,3,No,Experiencia general
K00011,U01205,C0158,2025-11-09 21:25:43,3,No,Actuación
K00012,U00586,C0289,2025-10-30 16:47:55,4,Sí,Contenido
K00013,U00586,C0218,2025-11-18 15:05:07,4,Sí,Calidad técnica
K00014,U00586,C0053,2025-09-24 08:28:26,4,Sí,Actuación
K00015,U00053,C0313,2025-01-04 22:45:05,3,No,Actuación
K00016,U00339,C0078,2025-06-23 01:20:45,4,Sí,Historia
K00017,U00339,C0257,2025-08-05 19:08:57,5,Sí,Historia
K00018,U00339,C0362,2025-11-16 20:28:54,4,Sí,Actuación
K00019,U01315,C0106,2025-07-23 14:48:01,4,Sí,Calidad técnica
K00020,U01315,C0050,2025-04-03 12:54:41,3,No,Experiencia general
K00021,U01315,C0327,2025-06-24 18:25:46,4,Sí,Actuación
K00022,U01315,C0076,2025-03-06 18:11:40,4,Sí,Historia
K00023,U01449,C0416,2025-10-03 23:45:07,4,Sí,Contenido
K00024,U01449,C0313,2025-07-22 17:34:26,4,Sí,Historia
K00025,U00617,C0174,2025-07-26 13:37:05,4,Sí,Experiencia general
K00026,U00617,C0320,2025-09-20 12:26:51,4,Sí,Contenido
K00027,U01175,C0310,2025-12-05 21:59:01,3,No,Actuación
K00028,U01175,C0255,2025-03-24 21:20:00,4,Sí,Experiencia general
K00029,U01175,C0315,2025-12-19 19:32:06,4,Sí,Experiencia general
K00030,U01175,C0257,2025-04-08 19:54:30,5,Sí,Experiencia general
K00031,U00315,C0351,2025-10-26 21:25:43,3,No,Actuación
K00032,U00315,C0060,2025-11-11 14:59:35,4,Sí,Calidad técnica
K00033,U00315,C0173,2025-12-27 08:06:04,4,Sí,Actuación
K00034,U00812,C0123,2025-10-21 21:42:01,3,No,Historia
K00035,U00812,C0061,2025-10-15 23:58:50,4,Sí,Actuación
K00036,U00812,C0063,2025-08-04 14:14:21,4,Sí,Calidad técnica
K00037,U00812,C0364,2025-07-27 18:19:24,4,Sí,Contenido
K00038,U00161,C0071,2025-03-07 11:12:09,4,Sí,Experiencia general
K00039,U00116,C0393,2025-08-25 23:54:39,4,Sí,Calidad técnica
K00040,U00116,C0404,2025-01-30 21:23:46,4,Sí,Contenido
K00041,U00116,C0134,2025-04-14 20:34:40,4,Sí,Historia
K00042,U00987,C0057,2025-04-10 10:47:40,4,Sí,Experiencia general
K00043,U00987,C0417,2025-12-03 18:59:40,4,Sí,Contenido
K00044,U00882,C0364,2025-11-28 22:00:59,4,Sí,Historia
K00045,U00882,C0090,2025-11-17 20:50:50,4,Sí,Calidad técnica
K00046,U01063,C0377,2025-10-24 23:49:04,4,Sí,Calidad técnica
K00047,U01063,C0295,2025-09-28 09:26:27,4,Sí,Experiencia general
K00048,U01063,C0021,2025-09-23 15:37:20,4,Sí,Actuación
K00049,U00102,C0113,2025-03-23 13:32:04,4,Sí,Calidad técnica
K00050,U00102,C0284,2025-10-13 15:27:17,4,Sí,Historia
K00051,U00102,C0171,2025-03-16 17:27:30,5,Sí,Experiencia general
K00052,U00037,C0218,2025-05-23 16:10:58,4,Sí,Actuación
K00053,U00037,C0152,2025-03-16 21:50:24,4,Sí,Calidad técnica
K00054,U00037,C0063,2025-04-05 22:46:35,3,No,Experiencia general
K00055,U00172,C0108,2025-09-25 07:41:06,5,Sí,Experiencia general
K00056,U00027,C0055,2025-05-12 21:33:38,4,Sí,Experiencia general
K00057,U00027,C0129,2025-11-28 09:05:20,4,Sí,Historia
K00058,U00027,C0243,2025-06-03 14:28:52,4,Sí,Historia
K00059,U00027,C0338,2025-07-14 11:52:16,4,Sí,Experiencia general
K00060,U01433,C0062,2025-02-25 20:56:01,3,No,Contenido
K00061,U00839,C0295,2025-10-04 16:41:56,4,Sí,Experiencia general
K00062,U00839,C0172,2025-08-26 23:24:40,4,Sí,Experiencia general
K00063,U00839,C0144,2025-06-13 18:23:06,4,Sí,Contenido
K00064,U00839,C0098,2025-05-18 22:34:07,5,Sí,Contenido
K00065,U01475,C0335,2025-12-16 08:30:59,3,No,Experiencia general
K00066,U01475,C0269,2025-04-28 07:33:09,4,Sí,Experiencia general
K00067,U00872,C0375,2025-05-26 08:38:38,4,Sí,Contenido
K00068,U00831,C0008,2025-06-25 20:39:48,4,Sí,Experiencia general
K00069,U00831,C0314,2025-08-06 21:56:16,3,No,Experiencia general
K00070,U00831,C0158,2025-12-20 20:53:37,4,Sí,Contenido
K00071,U01371,C0169,2025-10-02 17:09:33,4,Sí,Actuación
K00072,U00547,C0384,2025-04-02 16:45:54,3,No,Experiencia general
K00073,U00547,C0246,2025-05-19 23:37:55,5,Sí,Calidad técnica
K00074,U00547,C0058,2025-11-25 00:00:44,4,Sí,Historia
K00075,U00547,C0289,2025-10-10 03:20:04,5,Sí,Historia
K00076,U01301,C0353,2025-12-26 07:23:20,4,Sí,Calidad técnica
K00077,U00718,C0396,2025-09-14 18:08:37,4,Sí,Contenido
K00078,U00718,C0030,2025-07-14 13:42:54,3,No,Experiencia general
K00079,U00718,C0389,2025-07-09 05:29:57,3,No,Contenido
K00080,U00718,C0204,2025-04-21 05:41:32,4,Sí,Experiencia general
K00081,U01446,C0301,2025-06-17 20:25:01,3,No,Calidad técnica
K00082,U01446,C0391,2025-07-03 03:41:51,4,Sí,Historia
K00083,U01446,C0255,2025-09-13 20:35:07,4,Sí,Experiencia general
K00084,U01446,C0052,2025-12-27 22:30:07,5,Sí,Contenido
K00085,U01446,C0296,2025-09-28 21:12:50,4,Sí,Experiencia general
K00086,U00849,C0415,2025-07-26 19:55:53,4,Sí,Historia
K00087,U00849,C0397,2025-09-18 15:57:45,3,No,Experiencia general
K00088,U00849,C0180,2025-10-10 19:56:51,4,Sí,Experiencia general
K00089,U00849,C0366,2025-10-07 06:23:25,4,Sí,Experiencia general
K00090,U00837,C0250,2025-02-10 19:09:46,4,Sí,Historia
K00091,U00679,C0232,2025-10-19 07:40:43,4,Sí,Historia
K00092,U00679,C0040,2025-08-06 16:50:11,4,Sí,Contenido
K00093,U01343,C0256,2025-12-21 16:14:04,4,Sí,Contenido
K00094,U01343,C0198,2025-10-31 15:09:23,4,Sí,Contenido
K00095,U01343,C0161,2025-12-25 21:29:40,5,Sí,Contenido
K00096,U00775,C0328,2025-10-06 21:06:45,3,No,Historia
K00097,U00775,C0164,2025-09-23 19:08:52,4,Sí,Calidad técnica
K00098,U00775,C0237,2025-06-26 10:17:57,4,Sí,Contenido
K00099,U00775,C0322,2025-07-22 18:09:11,4,Sí,Experiencia general
K00100,U00497,C0168,2025-11-30 21:09:22,3,No,Historia
K00101,U00497,C0174,2025-12-10 22:25:58,5,Sí,Historia
K00102,U00698,C0355,2025-09-15 20:36:13,4,Sí,Contenido
K00103,U00698,C0234,2025-10-15 11:42:06,5,Sí,Contenido
K00104,U00698,C0052,2025-08-26 19:37:22,3,No,Contenido
K00105,U00365,C0368,2025-07-07 18:08:05,4,Sí,Contenido
K00106,U00365,C0313,2025-03-30 20:11:50,4,Sí,Experiencia general
K00107,U00919,C0170,2025-07-26 22:14:41,3,No,Calidad técnica
K00108,U00919,C0246,2025-10-23 09:27:22,4,Sí,Historia
K00109,U00919,C0301,2025-11-28 12:06:19,4,Sí,Experiencia general
K00110,U00919,C0169,2025-12-09 21:45:24,4,Sí,Actuación
K00111,U00238,C0070,2025-09-07 23:30:45,4,Sí,Historia
K00112,U00238,C0323,2025-09-24 22:44:56,4,Sí,Contenido
K00113,U00878,C0358,2025-04-01 22:04:01,4,Sí,Contenido
K00114,U01448,C0057,2025-06-22 16:57:22,5,Sí,Historia
K00115,U01448,C0258,2025-04-06 22:39:27,4,Sí,Experiencia general
K00116,U01448,C0359,2025-04-28 17:56:03,5,Sí,Historia
K00117,U01448,C0406,2025-05-20 19:34:55,5,Sí,Contenido
K00118,U01448,C0048,2025-01-19 08:10:45,4,Sí,Contenido
K00119,U00576,C0163,2025-10-15 20:50:56,4,Sí,Contenido
K00120,U00153,C0133,2025-11-30 21:43:06,4,Sí,Contenido
K00121,U00400,C0209,2025-12-14 12:27:36,4,Sí,Experiencia general
K00122,U00519,C0046,2025-04-02 19:07:06,4,Sí,Calidad técnica
K00123,U00078,C0054,2025-01-10 22:50:29,4,Sí,Contenido
K00124,U00078,C0217,2025-02-03 16:20:26,3,No,Contenido
K00125,U00078,C0376,2025-11-12 00:48:33,4,Sí,Historia
K00126,U00078,C0067,2025-04-02 20:50:48,4,Sí,Contenido
K00127,U00723,C0324,2025-04-08 19:21:36,3,No,Historia
K00128,U00723,C0378,2025-08-31 22:57:58,5,Sí,Historia
K00129,U00047,C0153,2025-09-29 21:56:05,4,Sí,Experiencia general
K00130,U00047,C0004,2025-10-13 07:04:55,3,No,Contenido
K00131,U00906,C0261,2025-12-07 17:43:14,4,Sí,Contenido
K00132,U00906,C0003,2025-12-15 18:35:16,4,Sí,Contenido
K00133,U00906,C0418,2025-03-07 10:55:48,4,Sí,Calidad técnica
K00134,U00906,C0037,2025-03-04 14:42:57,4,Sí,Actuación
K00135,U00659,C0278,2025-04-08 11:53:02,4,Sí,Contenido
K00136,U00659,C0311,2025-09-18 18:54:50,4,Sí,Contenido
K00137,U00659,C0366,2025-03-28 19:57:05,4,Sí,Actuación
K00138,U00659,C0118,2025-09-03 09:29:32,4,Sí,Experiencia general
K00139,U00069,C0034,2025-01-04 21:49:31,4,Sí,Historia
K00140,U00069,C0275,2025-02-07 17:56:28,4,Sí,Contenido
K00141,U00015,C0143,2025-04-10 08:10:52,4,Sí,Experiencia general
K00142,U00015,C0025,2025-07-13 11:02:41,4,Sí,Actuación
K00143,U00015,C0060,2025-02-09 20:24:43,4,Sí,Calidad técnica
K00144,U01336,C0080,2025-03-24 20:52:40,5,Sí,Contenido
K00145,U00633,C0200,2025-08-27 18:00:11,4,Sí,Contenido
K00146,U00561,C0144,2025-08-10 22:26:03,4,Sí,Actuación
K00147,U00561,C0238,2025-11-06 20:46:27,4,Sí,Contenido
K00148,U00481,C0056,2025-08-21 20:35:58,4,Sí,Historia
K00149,U00481,C0161,2025-07-29 10:55:03,5,Sí,Contenido
K00150,U00283,C0055,2025-09-13 12:35:14,4,Sí,Historia
K00151,U00283,C0367,2025-11-07 22:11:44,4,Sí,Historia
K00152,U00283,C0193,2025-07-10 13:18:03,4,Sí,Contenido
K00153,U00890,C0174,2025-09-23 11:23:03,4,Sí,Actuación
K00154,U00890,C0197,2025-02-17 07:50:24,4,Sí,Contenido
K00155,U00932,C0222,2025-01-17 21:13:17,5,Sí,Calidad técnica
K00156,U00932,C0202,2025-08-03 13:27:06,4,Sí,Experiencia general
K00157,U00932,C0327,2025-07-21 08:49:02,4,Sí,Historia
K00158,U00932,C0115,2025-11-09 09:37:54,5,Sí,Calidad técnica
K00159,U00932,C0209,2025-01-11 19:38:04,3,No,Calidad técnica
K00160,U00889,C0132,2025-06-21 12:54:56,5,Sí,Actuación
K00161,U00401,C0349,2025-01-14 23:56:33,4,Sí,Experiencia general
K00162,U00401,C0300,2025-05-01 18:17:01,4,Sí,Historia
K00163,U00401,C0143,2025-10-30 09:06:12,4,Sí,Contenido
K00164,U00401,C0372,2025-10-07 11:26:47,4,Sí,Experiencia general
K00165,U00434,C0180,2025-07-09 21:01:20,4,Sí,Historia
K00166,U00434,C0312,2025-04-23 19:56:47,4,Sí,Experiencia general
K00167,U00434,C0411,2025-04-22 22:50:40,4,Sí,Contenido
K00168,U00099,C0384,2025-07-07 19:00:08,4,Sí,Contenido
K00169,U00099,C0138,2025-08-01 00:30:59,4,Sí,Experiencia general
K00170,U00099,C0409,2025-01-27 17:30:21,4,Sí,Experiencia general
K00171,U01483,C0369,2025-07-09 12:19:50,3,No,Contenido
K00172,U01483,C0005,2025-09-27 22:11:52,3,No,Contenido
K00173,U01483,C0260,2025-05-31 20:03:02,4,Sí,Contenido
K00174,U01464,C0262,2025-01-13 19:34:18,4,Sí,Historia
K00175,U01464,C0405,2025-06-03 15:07:13,4,Sí,Actuación
K00176,U01464,C0184,2025-12-02 18:41:38,4,Sí,Experiencia general
K00177,U00014,C0185,2025-12-01 01:03:20,4,Sí,Experiencia general
K00178,U00014,C0206,2025-07-27 20:15:33,5,Sí,Experiencia general
K00179,U00014,C0208,2025-09-09 15:43:07,4,Sí,Calidad técnica
K00180,U00014,C0231,2025-10-04 04:01:21,5,Sí,Contenido
K00181,U01038,C0116,2025-11-22 22:27:41,5,Sí,Calidad técnica
K00182,U00266,C0359,2025-02-28 17:43:33,4,Sí,Historia
K00183,U00266,C0151,2025-01-28 17:10:50,4,Sí,Contenido
K00184,U00266,C0299,2025-05-31 18:47:46,4,Sí,Experiencia general
K00185,U00266,C0365,2025-04-28 22:11:04,4,Sí,Historia
K00186,U01036,C0334,2025-10-06 22:44:20,4,Sí,Historia
K00187,U00479,C0358,2025-01-22 18:02:43,5,Sí,Calidad técnica
K00188,U00479,C0273,2025-04-08 20:55:19,4,Sí,Contenido
K00189,U00479,C0083,2025-02-19 22:01:47,4,Sí,Contenido
K00190,U01261,C0201,2025-04-11 10:38:27,4,Sí,Contenido
K00191,U01308,C0134,2025-11-21 17:38:36,4,Sí,Experiencia general
K00192,U01308,C0166,2025-11-03 21:39:30,4,Sí,Experiencia general
K00193,U01308,C0269,2025-10-17 15:06:02,4,Sí,Historia
K00194,U00727,C0300,2025-06-17 13:02:45,5,Sí,Calidad técnica
K00195,U00383,C0038,2025-11-27 17:23:04,4,Sí,Historia
K00196,U00383,C0356,2025-08-22 09:37:29,3,No,Calidad técnica
K00197,U00383,C0132,2025-10-06 20:00:29,5,Sí,Contenido
K00198,U00383,C0420,2025-11-26 13:42:19,4,Sí,Contenido
K00199,U00383,C0410,2025-08-06 05:15:22,4,Sí,Contenido
K00200,U00540,C0300,2025-05-31 21:03:09,4,Sí,Historia
K00201,U00540,C0227,2025-02-25 21:08:52,4,Sí,Contenido
K00202,U00540,C0212,2025-06-20 22:28:14,4,Sí,Experiencia general
K00203,U00540,C0386,2025-11-14 18:38:40,4,Sí,Experiencia general
K00204,U00261,C0025,2025-07-14 11:33:40,3,No,Calidad técnica
K00205,U00261,C0265,2025-12-27 15:25:45,4,Sí,Contenido
K00206,U01179,C0411,2025-11-08 22:42:38,4,Sí,Experiencia general
K00207,U01179,C0235,2025-12-31 08:05:02,4,Sí,Experiencia general
K00208,U01179,C0152,2025-10-25 21:36:20,5,Sí,Contenido
K00209,U01179,C0246,2025-08-14 08:38:57,4,Sí,Actuación
K00210,U01179,C0140,2025-07-08 08:34:01,4,Sí,Experiencia general
K00211,U00719,C0303,2025-10-04 20:36:54,5,Sí,Experiencia general
K00212,U00719,C0223,2025-01-31 11:29:14,5,Sí,Historia
K00213,U00719,C0114,2025-08-18 17:42:06,4,Sí,Contenido
K00214,U00719,C0017,2025-02-21 20:21:48,4,Sí,Experiencia general
K00215,U01273,C0163,2025-11-13 12:20:22,3,No,Historia
K00216,U01273,C0032,2025-06-04 23:13:54,4,Sí,Contenido
K00217,U01273,C0229,2025-09-30 22:52:31,4,Sí,Experiencia general
K00218,U01081,C0103,2025-08-09 09:28:04,4,Sí,Historia
K00219,U01081,C0238,2025-02-23 21:08:42,4,Sí,Contenido
K00220,U01151,C0068,2025-12-18 18:39:05,4,Sí,Historia
K00221,U01151,C0203,2025-12-18 14:43:40,4,Sí,Historia
K00222,U01151,C0351,2025-09-25 02:58:28,4,Sí,Calidad técnica
K00223,U01222,C0149,2025-11-05 20:39:17,4,Sí,Contenido
K00224,U01222,C0387,2025-10-09 09:12:06,4,Sí,Historia
K00225,U01222,C0335,2025-10-12 22:03:25,4,Sí,Contenido
K00226,U00845,C0367,2025-07-12 15:46:47,4,Sí,Contenido
K00227,U00918,C0253,2025-02-18 09:05:45,4,Sí,Experiencia general
K00228,U00918,C0122,2025-02-21 19:47:37,3,No,Contenido
K00229,U00918,C0219,2025-06-08 16:41:40,3,No,Contenido
K00230,U00542,C0320,2025-10-05 17:35:34,5,Sí,Actuación
K00231,U00542,C0143,2025-12-06 19:15:45,5,Sí,Calidad técnica
K00232,U00542,C0254,2025-08-20 20:47:47,4,Sí,Historia
K00233,U00542,C0386,2025-08-24 23:12:01,4,Sí,Experiencia general
K00234,U00104,C0415,2025-02-11 12:32:40,4,Sí,Experiencia general
K00235,U00104,C0303,2025-01-20 23:23:06,4,Sí,Experiencia general
K00236,U00104,C0255,2025-04-10 20:51:34,4,Sí,Actuación
K00237,U01256,C0351,2025-05-12 18:48:36,4,Sí,Contenido
K00238,U01256,C0083,2025-05-25 09:34:52,4,Sí,Actuación
K00239,U01200,C0038,2025-10-14 15:28:49,4,Sí,Contenido
K00240,U01200,C0001,2025-09-25 09:23:24,4,Sí,Contenido
K00241,U01377,C0078,2025-05-08 21:54:46,4,Sí,Calidad técnica
K00242,U01377,C0313,2025-06-27 00:47:01,4,Sí,Contenido
K00243,U01377,C0360,2025-10-22 20:05:06,3,No,Experiencia general
K00244,U01240,C0076,2025-01-13 10:54:31,4,Sí,Actuación
K00245,U00369,C0004,2025-01-08 22:20:52,4,Sí,Actuación
K00246,U00369,C0092,2025-01-22 18:41:52,4,Sí,Historia
K00247,U01169,C0176,2025-11-18 22:53:33,4,Sí,Historia
K00248,U01169,C0165,2025-06-10 21:09:05,5,Sí,Calidad técnica
K00249,U01169,C0418,2025-07-09 17:53:45,4,Sí,Contenido
K00250,U01169,C0207,2025-07-07 20:24:14,4,Sí,Contenido
K00251,U01169,C0115,2025-09-29 16:37:39,4,Sí,Experiencia general
K00252,U00558,C0261,2025-05-13 20:13:22,3,No,Actuación
K00253,U00791,C0338,2025-04-17 09:42:45,4,Sí,Historia
K00254,U00791,C0096,2025-04-10 19:31:08,5,Sí,Contenido
K00255,U00791,C0420,2025-10-21 19:49:37,4,Sí,Contenido
K00256,U00791,C0206,2025-04-30 17:34:03,4,Sí,Historia
K00257,U00791,C0235,2025-09-30 07:11:47,3,No,Actuación
K00258,U01137,C0240,2025-08-25 14:13:07,4,Sí,Experiencia general
K00259,U01137,C0320,2025-09-26 19:37:15,2,No,Calidad técnica
K00260,U01137,C0094,2025-07-09 16:09:42,4,Sí,Calidad técnica
K00261,U01137,C0042,2025-05-04 09:56:49,4,Sí,Experiencia general
K00262,U01137,C0237,2025-07-26 21:55:51,4,Sí,Experiencia general
K00263,U01305,C0413,2025-12-07 11:47:33,4,Sí,Historia
K00264,U01305,C0012,2025-06-22 07:31:12,4,Sí,Historia
K00265,U00276,C0313,2025-11-01 19:11:09,4,Sí,Contenido
K00266,U00276,C0074,2025-08-31 19:53:43,4,Sí,Actuación
K00267,U00276,C0085,2025-05-28 22:27:28,3,No,Contenido
K00268,U00537,C0269,2025-01-15 07:02:26,4,Sí,Historia
K00269,U00537,C0307,2025-01-22 20:59:01,4,Sí,Actuación
K00270,U01316,C0382,2025-04-29 19:24:38,5,Sí,Contenido
K00271,U01316,C0354,2025-01-10 19:37:01,3,No,Contenido
K00272,U01316,C0242,2025-03-25 14:02:31,4,Sí,Experiencia general
K00273,U01316,C0284,2025-02-11 17:55:06,5,Sí,Historia
K00274,U01316,C0253,2025-02-05 19:11:21,5,Sí,Experiencia general
K00275,U00005,C0168,2025-07-16 21:59:49,4,Sí,Contenido
K00276,U00005,C0078,2025-12-15 11:46:27,4,Sí,Experiencia general
K00277,U00005,C0033,2025-09-07 11:08:01,5,Sí,Contenido
K00278,U00751,C0309,2025-08-30 20:48:33,4,Sí,Calidad técnica
K00279,U00751,C0058,2025-09-24 19:13:12,4,Sí,Actuación
K00280,U00751,C0201,2025-11-06 17:59:41,4,Sí,Experiencia general
K00281,U00587,C0177,2025-03-23 11:53:44,4,Sí,Historia
K00282,U00587,C0372,2025-10-03 20:57:01,4,Sí,Actuación
K00283,U00587,C0099,2025-01-25 09:15:28,4,Sí,Experiencia general
K00284,U01326,C0298,2025-12-21 21:10:18,4,Sí,Contenido
K00285,U00525,C0312,2025-06-14 19:39:19,4,Sí,Experiencia general
K00286,U00411,C0251,2025-11-24 13:37:29,4,Sí,Contenido
K00287,U00411,C0395,2025-08-02 22:45:41,4,Sí,Historia
K00288,U00730,C0048,2025-10-03 10:33:13,3,No,Calidad técnica
K00289,U00730,C0377,2025-09-30 16:44:22,4,Sí,Actuación
K00290,U00730,C0380,2025-05-24 11:06:29,4,Sí,Experiencia general
K00291,U01100,C0182,2025-03-31 14:01:15,3,No,Actuación
K00292,U01100,C0312,2025-11-15 20:44:51,4,Sí,Actuación
K00293,U01100,C0150,2025-05-23 19:40:37,4,Sí,Calidad técnica
K00294,U00410,C0185,2025-09-15 16:09:47,4,Sí,Contenido
K00295,U00026,C0192,2025-09-05 19:55:44,4,Sí,Contenido
K00296,U00026,C0202,2025-08-31 21:29:21,4,Sí,Experiencia general
K00297,U00026,C0322,2025-08-17 12:41:20,5,Sí,Historia
K00298,U01008,C0387,2025-06-22 05:50:11,4,Sí,Contenido
K00299,U01067,C0350,2025-09-14 21:54:03,4,Sí,Experiencia general
K00300,U01067,C0169,2025-04-16 18:01:08,4,Sí,Contenido
K00301,U01067,C0320,2025-01-06 19:39:23,4,Sí,Contenido
K00302,U00589,C0082,2025-10-18 16:42:51,4,Sí,Experiencia general
K00303,U00589,C0245,2025-12-30 08:31:36,4,Sí,Actuación
K00304,U00841,C0411,2025-01-16 17:45:17,4,Sí,Historia
K00305,U00841,C0317,2025-01-21 20:34:58,4,Sí,Contenido
K00306,U01186,C0405,2025-08-24 11:28:37,4,Sí,Contenido
K00307,U01186,C0155,2025-02-17 22:37:21,3,No,Contenido
K00308,U00820,C0089,2025-08-20 03:32:05,4,Sí,Historia
K00309,U00820,C0176,2025-12-14 08:38:53,4,Sí,Experiencia general
K00310,U00820,C0117,2025-08-09 13:40:33,5,Sí,Historia
K00311,U00916,C0145,2025-02-12 17:05:14,4,Sí,Contenido
K00312,U00916,C0294,2025-11-09 19:23:23,3,No,Contenido
K00313,U00146,C0060,2025-01-13 14:30:52,3,No,Contenido
K00314,U00146,C0263,2025-04-05 20:53:00,3,No,Contenido
K00315,U00796,C0285,2025-11-06 18:18:55,3,No,Contenido
K00316,U00796,C0373,2025-10-11 21:50:51,4,Sí,Contenido
K00317,U00796,C0110,2025-12-31 15:08:04,5,Sí,Calidad técnica
K00318,U00796,C0061,2025-09-04 19:57:40,4,Sí,Actuación
K00319,U00796,C0250,2025-08-28 08:58:46,4,Sí,Contenido
K00320,U01487,C0272,2025-07-21 23:43:10,4,Sí,Calidad técnica
K00321,U01487,C0167,2025-08-17 21:01:16,4,Sí,Contenido
K00322,U01487,C0065,2025-02-20 21:34:17,3,No,Contenido
K00323,U01487,C0080,2025-11-21 20:59:36,5,Sí,Historia
K00324,U01385,C0405,2025-08-29 23:49:23,5,Sí,Historia
K00325,U00170,C0236,2025-02-06 22:42:11,4,Sí,Historia
K00326,U00514,C0330,2025-07-16 10:52:02,5,Sí,Experiencia general
K00327,U00514,C0051,2025-02-13 21:41:17,4,Sí,Experiencia general
K00328,U00330,C0337,2025-05-25 19:05:17,3,No,Historia
K00329,U00330,C0061,2025-08-06 18:29:47,4,Sí,Contenido
K00330,U00208,C0294,2025-01-26 10:05:31,4,Sí,Historia
K00331,U00664,C0109,2025-08-09 18:56:28,4,Sí,Actuación
K00332,U00407,C0178,2025-10-28 19:38:40,4,Sí,Calidad técnica
K00333,U00407,C0016,2025-03-09 19:12:55,4,Sí,Experiencia general
K00334,U00407,C0345,2025-09-26 06:10:34,4,Sí,Historia
K00335,U00119,C0186,2025-01-17 06:07:30,5,Sí,Historia
K00336,U00119,C0212,2025-04-22 17:31:21,4,Sí,Experiencia general
K00337,U00119,C0295,2025-04-22 21:14:17,4,Sí,Historia
K00338,U00119,C0133,2025-12-31 23:59:59,4,Sí,Contenido
K00339,U00119,C0318,2025-11-21 23:42:21,4,Sí,Actuación
K00340,U00111,C0083,2025-09-27 03:47:59,4,Sí,Calidad técnica
K00341,U00111,C0342,2025-11-21 21:18:24,4,Sí,Contenido
K00342,U00111,C0129,2025-10-19 16:23:15,4,Sí,Experiencia general
K00343,U00111,C0196,2025-04-06 08:55:53,3,No,Experiencia general
K00344,U00111,C0408,2025-09-09 16:58:15,5,Sí,Experiencia general
K00345,U00505,C0411,2025-10-15 11:00:12,4,Sí,Actuación
K00346,U00505,C0345,2025-06-02 00:49:56,4,Sí,Historia
K00347,U00505,C0167,2025-09-22 15:58:30,4,Sí,Contenido
K00348,U00505,C0239,2025-01-28 10:08:26,5,Sí,Historia
K00349,U00513,C0419,2025-07-07 16:39:18,3,No,Experiencia general
K00350,U00412,C0023,2025-08-13 20:06:53,4,Sí,Actuación
K00351,U00412,C0062,2025-08-16 15:33:19,4,Sí,Historia
K00352,U00412,C0001,2025-06-25 23:31:47,4,Sí,Experiencia general
K00353,U00412,C0290,2025-08-16 10:56:53,4,Sí,Historia
K00354,U01363,C0238,2025-05-25 19:10:57,4,Sí,Actuación
K00355,U01363,C0268,2025-12-12 08:27:00,3,No,Contenido
K00356,U01363,C0236,2025-09-14 23:14:53,3,No,Historia
K00357,U01363,C0303,2025-11-12 16:23:08,3,No,Historia
K00358,U01355,C0344,2025-12-31 23:59:59,4,Sí,Experiencia general
K00359,U01355,C0123,2025-11-11 17:13:37,4,Sí,Historia
K00360,U01355,C0286,2025-12-12 20:35:13,4,Sí,Experiencia general
K00361,U01355,C0045,2025-11-09 16:15:26,4,Sí,Experiencia general
K00362,U01267,C0320,2025-12-13 18:21:09,4,Sí,Contenido
K00363,U01368,C0135,2025-07-17 08:24:18,3,No,Contenido
K00364,U01368,C0051,2025-12-03 22:02:52,3,No,Historia
K00365,U01368,C0039,2025-11-07 08:55:46,4,Sí,Actuación
K00366,U00114,C0224,2025-07-25 09:29:23,4,Sí,Historia
K00367,U00114,C0114,2025-09-19 19:33:00,4,Sí,Contenido
K00368,U00500,C0066,2025-04-15 17:45:45,4,Sí,Experiencia general
K00369,U00051,C0301,2025-09-20 10:16:25,4,Sí,Experiencia general
K00370,U00976,C0098,2025-06-15 14:24:44,4,Sí,Historia
K00371,U00976,C0332,2025-07-06 22:20:31,3,No,Experiencia general
K00372,U00616,C0191,2025-11-25 15:37:14,4,Sí,Experiencia general
K00373,U00616,C0373,2025-10-19 22:07:18,4,Sí,Actuación
K00374,U00093,C0396,2025-09-23 21:43:55,4,Sí,Experiencia general
K00375,U00628,C0180,2025-05-21 18:39:32,4,Sí,Actuación
K00376,U00886,C0170,2025-11-19 22:36:52,4,Sí,Calidad técnica
K00377,U00886,C0155,2025-05-27 19:48:35,4,Sí,Calidad técnica
K00378,U00886,C0041,2025-01-27 13:25:34,5,Sí,Historia
K00379,U00886,C0250,2025-10-19 19:42:29,4,Sí,Actuación
K00380,U00279,C0332,2025-11-05 18:00:56,5,Sí,Calidad técnica
K00381,U00652,C0021,2025-02-27 20:47:13,4,Sí,Experiencia general
K00382,U00652,C0063,2025-06-08 18:05:46,4,Sí,Actuación
K00383,U00652,C0387,2025-08-16 19:49:08,4,Sí,Contenido
K00384,U00652,C0150,2025-07-25 13:46:58,3,No,Experiencia general
K00385,U00652,C0143,2025-02-25 21:15:23,4,Sí,Historia
K00386,U00749,C0346,2025-07-31 18:47:26,5,Sí,Contenido
K00387,U00749,C0260,2025-05-05 15:56:50,4,Sí,Experiencia general
K00388,U01204,C0178,2025-10-04 20:42:10,4,Sí,Contenido
K00389,U01204,C0417,2025-01-08 11:16:50,4,Sí,Historia
K00390,U01204,C0189,2025-01-07 18:16:03,5,Sí,Actuación
K00391,U00861,C0123,2025-10-28 23:53:14,4,Sí,Historia
K00392,U00861,C0145,2025-03-15 17:21:30,4,Sí,Actuación
K00393,U00861,C0337,2025-09-22 20:37:39,4,Sí,Contenido
K00394,U00861,C0237,2025-09-26 23:47:42,4,Sí,Actuación
K00395,U00855,C0132,2025-12-04 21:27:30,4,Sí,Historia
K00396,U00490,C0226,2025-07-04 19:41:09,4,Sí,Historia
K00397,U00295,C0149,2025-11-13 09:13:34,4,Sí,Contenido
K00398,U00295,C0088,2025-12-06 20:31:42,4,Sí,Contenido
K00399,U01010,C0101,2025-02-15 22:49:36,4,Sí,Historia
K00400,U00577,C0121,2025-02-06 22:36:55,3,No,Historia
K00401,U00577,C0402,2025-09-11 20:42:02,4,Sí,Calidad técnica
K00402,U00577,C0318,2025-11-29 13:10:45,4,Sí,Experiencia general
K00403,U00577,C0367,2025-06-27 09:51:37,4,Sí,Historia
K00404,U01064,C0258,2025-04-27 00:15:59,4,Sí,Historia
K00405,U01064,C0368,2025-04-13 10:01:36,5,Sí,Historia
K00406,U01064,C0391,2025-08-04 17:08:13,4,Sí,Experiencia general
K00407,U01064,C0334,2025-02-26 15:08:32,4,Sí,Experiencia general
K00408,U01064,C0104,2025-12-09 20:32:36,4,Sí,Historia
K00409,U00949,C0314,2025-11-28 20:23:05,4,Sí,Contenido
K00410,U01461,C0363,2025-10-13 16:58:56,4,Sí,Actuación
K00411,U01461,C0110,2025-01-18 16:41:59,3,No,Contenido
K00412,U01461,C0253,2025-04-09 23:26:32,4,Sí,Actuación
K00413,U01461,C0368,2025-08-04 20:12:25,4,Sí,Actuación
K00414,U01461,C0107,2025-06-03 13:20:44,4,Sí,Calidad técnica
K00415,U00674,C0354,2025-09-11 19:08:24,4,Sí,Contenido
K00416,U00674,C0263,2025-09-08 15:33:28,4,Sí,Calidad técnica
K00417,U00546,C0322,2025-11-13 22:04:46,4,Sí,Historia
K00418,U00546,C0360,2025-10-03 11:18:59,4,Sí,Contenido
K00419,U00546,C0396,2025-04-16 03:32:49,4,Sí,Experiencia general
K00420,U00061,C0400,2025-04-19 03:18:08,4,Sí,Contenido
K00421,U00061,C0194,2025-05-22 21:27:24,4,Sí,Contenido
K00422,U00403,C0192,2025-10-06 14:37:55,5,Sí,Actuación
K00423,U00403,C0216,2025-11-26 22:16:36,4,Sí,Historia
K00424,U00342,C0265,2025-09-16 22:51:12,5,Sí,Historia
K00425,U01165,C0209,2025-09-22 19:37:02,4,Sí,Historia
K00426,U01323,C0254,2025-11-26 07:11:05,4,Sí,Experiencia general
K00427,U00557,C0042,2025-11-07 08:19:06,3,No,Experiencia general
K00428,U00121,C0381,2025-07-15 21:32:48,4,Sí,Contenido
K00429,U00021,C0188,2025-11-23 16:51:54,3,No,Calidad técnica
K00430,U01296,C0079,2025-09-10 06:42:38,3,No,Actuación
K00431,U01296,C0107,2025-02-06 21:43:03,3,No,Actuación
K00432,U01296,C0306,2025-08-01 15:28:10,3,No,Contenido
K00433,U00205,C0074,2025-11-14 16:58:18,3,No,Experiencia general
K00434,U00205,C0239,2025-01-15 20:25:34,4,Sí,Experiencia general
K00435,U00083,C0120,2025-12-17 21:35:19,4,Sí,Contenido
K00436,U00489,C0272,2025-05-02 10:53:18,4,Sí,Experiencia general
K00437,U00489,C0306,2025-09-12 21:03:23,4,Sí,Actuación
K00438,U00785,C0394,2025-08-18 20:35:19,4,Sí,Historia
K00439,U00785,C0154,2025-07-27 17:44:23,5,Sí,Contenido
K00440,U00785,C0370,2025-09-13 23:54:31,4,Sí,Calidad técnica
K00441,U00785,C0164,2025-07-19 20:20:10,4,Sí,Contenido
K00442,U01420,C0364,2025-12-22 23:48:32,4,Sí,Calidad técnica
K00443,U01420,C0038,2025-12-07 20:09:53,4,Sí,Contenido
K00444,U01420,C0288,2025-09-25 12:31:31,4,Sí,Experiencia general
K00445,U01420,C0354,2025-11-14 23:43:01,3,No,Contenido
K00446,U01465,C0254,2025-10-31 20:08:13,4,Sí,Actuación
K00447,U01041,C0118,2025-11-17 20:47:10,4,Sí,Historia
K00448,U01041,C0337,2025-06-02 20:33:55,4,Sí,Contenido
K00449,U01041,C0011,2025-01-24 09:05:26,4,Sí,Experiencia general
K00450,U01041,C0388,2025-09-03 16:20:20,4,Sí,Experiencia general
K00451,U00736,C0271,2025-03-17 19:20:09,4,Sí,Calidad técnica
K00452,U01172,C0177,2025-03-28 06:38:16,4,Sí,Contenido
K00453,U00420,C0182,2025-10-13 22:47:06,4,Sí,Experiencia general
K00454,U00986,C0134,2025-01-23 21:51:47,4,Sí,Experiencia general
K00455,U00986,C0311,2025-07-08 23:50:53,4,Sí,Actuación
K00456,U01032,C0118,2025-11-03 23:14:11,3,No,Contenido
K00457,U00219,C0250,2025-04-18 09:13:30,4,Sí,Historia
K00458,U00219,C0218,2025-08-12 20:55:27,3,No,Calidad técnica
K00459,U01221,C0020,2025-04-20 10:57:05,4,Sí,Experiencia general
K00460,U01221,C0110,2025-02-28 16:02:19,5,Sí,Historia
K00461,U01221,C0323,2025-12-31 18:43:52,4,Sí,Calidad técnica
K00462,U01213,C0357,2025-11-13 15:12:36,5,Sí,Contenido
K00463,U01213,C0183,2025-04-05 18:43:34,4,Sí,Historia
K00464,U01213,C0126,2025-06-04 00:49:40,4,Sí,Historia
K00465,U01213,C0301,2025-06-23 20:24:24,4,Sí,Calidad técnica
K00466,U01213,C0313,2025-07-10 11:35:42,4,Sí,Actuación
K00467,U00574,C0386,2025-11-18 18:40:36,3,No,Experiencia general
K00468,U00574,C0324,2025-12-31 23:59:59,5,Sí,Actuación
K00469,U00574,C0377,2025-11-06 12:30:16,5,Sí,Historia
K00470,U00574,C0179,2025-12-19 19:13:30,4,Sí,Historia
K00471,U00574,C0191,2025-11-17 15:53:34,4,Sí,Contenido
K00472,U00391,C0122,2025-06-15 10:52:43,4,Sí,Contenido
K00473,U00391,C0327,2025-07-29 21:57:19,5,Sí,Historia
K00474,U01456,C0036,2025-02-08 21:12:28,3,No,Contenido
K00475,U01248,C0259,2025-08-13 20:22:28,4,Sí,Contenido
K00476,U01248,C0090,2025-11-12 07:33:53,4,Sí,Experiencia general
K00477,U01248,C0267,2025-10-05 11:30:58,4,Sí,Historia
K00478,U00187,C0243,2025-06-23 16:49:42,4,Sí,Contenido
K00479,U00138,C0397,2025-11-01 22:58:58,4,Sí,Historia
K00480,U00716,C0099,2025-07-02 18:16:17,4,Sí,Contenido
K00481,U00126,C0368,2025-04-10 20:01:40,5,Sí,Experiencia general
K00482,U00307,C0186,2025-11-27 18:02:00,5,Sí,Experiencia general
K00483,U01253,C0022,2025-02-08 16:36:36,4,Sí,Actuación
K00484,U01253,C0263,2025-02-05 18:58:09,4,Sí,Historia
K00485,U01253,C0144,2025-02-04 18:43:15,3,No,Contenido
K00486,U01044,C0107,2025-06-17 12:26:03,3,No,Contenido
K00487,U01044,C0238,2025-05-21 17:40:13,4,Sí,Contenido
K00488,U01044,C0064,2025-06-12 10:05:08,4,Sí,Historia
K00489,U01044,C0021,2025-07-12 11:26:16,4,Sí,Historia
K00490,U01045,C0275,2025-09-15 17:13:56,4,Sí,Experiencia general
K00491,U01045,C0033,2025-02-24 16:09:50,4,Sí,Contenido
K00492,U00477,C0351,2025-07-07 10:58:41,3,No,Actuación
K00493,U00477,C0335,2025-08-18 17:00:17,4,Sí,Experiencia general
K00494,U00477,C0269,2025-05-23 07:34:44,4,Sí,Contenido
K00495,U00277,C0239,2025-12-05 01:39:22,4,Sí,Historia
K00496,U00377,C0237,2025-04-14 21:51:21,4,Sí,Historia
K00497,U00377,C0014,2025-03-29 19:02:45,3,No,Contenido
K00498,U00184,C0148,2025-10-01 07:01:31,4,Sí,Experiencia general
K00499,U01055,C0125,2025-10-27 18:17:55,4,Sí,Calidad técnica
K00500,U01055,C0360,2025-08-15 16:43:00,3,No,Historia
K00501,U01055,C0083,2025-08-03 21:48:13,4,Sí,Calidad técnica
K00502,U00459,C0014,2025-08-08 16:48:26,3,No,Experiencia general
K00503,U00459,C0328,2025-08-16 20:47:53,4,Sí,Historia
K00504,U00459,C0138,2025-08-22 22:42:42,4,Sí,Experiencia general
K00505,U00459,C0148,2025-09-03 20:13:38,4,Sí,Historia
K00506,U00913,C0213,2025-07-16 16:11:28,4,Sí,Actuación
K00507,U00913,C0005,2025-03-31 11:08:44,4,Sí,Historia
K00508,U01085,C0240,2025-06-17 10:02:40,4,Sí,Contenido
K00509,U01085,C0350,2025-10-29 03:29:27,3,No,Contenido
K00510,U00864,C0101,2025-09-20 23:23:05,4,Sí,Contenido
K00511,U00864,C0219,2025-12-05 21:09:39,4,Sí,Experiencia general
K00512,U00551,C0362,2025-01-21 15:58:17,4,Sí,Historia
K00513,U00551,C0254,2025-08-12 22:50:12,4,Sí,Contenido
K00514,U01325,C0032,2025-07-06 14:40:57,4,Sí,Historia
K00515,U01325,C0125,2025-06-15 18:36:50,4,Sí,Calidad técnica
K00516,U01325,C0173,2025-07-04 19:52:29,4,Sí,Historia
K00517,U00496,C0021,2025-04-09 23:46:56,4,Sí,Historia
K00518,U00496,C0094,2025-08-26 16:51:37,4,Sí,Experiencia general
K00519,U00496,C0020,2025-09-13 15:15:38,4,Sí,Contenido
K00520,U00074,C0199,2025-10-14 20:56:25,4,Sí,Actuación
K00521,U00074,C0184,2025-10-14 00:51:39,4,Sí,Actuación
K00522,U01244,C0319,2025-08-27 20:58:25,4,Sí,Experiencia general
K00523,U00596,C0183,2025-04-10 17:02:34,4,Sí,Experiencia general
K00524,U00596,C0411,2025-09-06 10:02:28,4,Sí,Contenido
K00525,U00596,C0311,2025-01-07 19:56:27,4,Sí,Contenido
K00526,U00867,C0204,2025-03-25 11:00:25,5,Sí,Historia
K00527,U00333,C0078,2025-08-20 18:07:09,4,Sí,Contenido
K00528,U00333,C0029,2025-10-26 14:30:52,3,No,Historia
K00529,U00333,C0414,2025-10-05 21:37:00,4,Sí,Contenido
K00530,U01027,C0068,2025-08-25 21:34:00,4,Sí,Historia
K00531,U01027,C0217,2025-09-27 23:20:21,3,No,Historia
K00532,U01027,C0155,2025-10-19 19:44:34,3,No,Actuación
K00533,U01027,C0260,2025-11-15 18:28:16,4,Sí,Experiencia general
K00534,U00035,C0402,2025-09-18 20:32:31,4,Sí,Contenido
K00535,U00035,C0216,2025-09-04 19:32:57,3,No,Calidad técnica
K00536,U00035,C0383,2025-09-19 05:18:49,4,Sí,Historia
K00537,U00706,C0146,2025-04-02 16:44:13,4,Sí,Calidad técnica
K00538,U00543,C0132,2025-08-12 13:57:10,4,Sí,Historia
K00539,U00543,C0285,2025-09-04 08:19:09,4,Sí,Actuación
K00540,U00543,C0221,2025-02-11 20:02:46,4,Sí,Experiencia general
K00541,U00543,C0233,2025-03-19 20:40:42,4,Sí,Experiencia general
K00542,U00543,C0038,2025-09-26 04:09:27,5,Sí,Actuación
K00543,U00646,C0249,2025-11-23 19:23:26,4,Sí,Historia
K00544,U00532,C0019,2025-10-16 16:58:25,4,Sí,Contenido
K00545,U00532,C0160,2025-02-08 11:39:32,3,No,Experiencia general
K00546,U00532,C0238,2025-01-17 21:32:43,4,Sí,Actuación
K00547,U00532,C0305,2025-07-24 12:21:45,4,Sí,Historia
K00548,U00532,C0109,2025-06-09 23:10:20,4,Sí,Calidad técnica
K00549,U00068,C0032,2025-05-25 12:37:17,4,Sí,Historia
K00550,U00068,C0294,2025-05-16 23:48:47,4,Sí,Experiencia general
K00551,U00606,C0339,2025-11-13 19:47:34,4,Sí,Calidad técnica
K00552,U00606,C0284,2025-07-25 23:46:40,3,No,Contenido
K00553,U01073,C0238,2025-01-30 10:58:33,5,Sí,Contenido
K00554,U01073,C0123,2025-04-30 12:16:00,4,Sí,Experiencia general
K00555,U01073,C0299,2025-05-28 19:24:44,4,Sí,Actuación
K00556,U01073,C0371,2025-12-13 14:31:40,4,Sí,Experiencia general
K00557,U00448,C0350,2025-04-04 15:50:28,3,No,Contenido
K00558,U00448,C0045,2025-02-15 21:19:09,4,Sí,Contenido
K00559,U00448,C0323,2025-03-05 22:25:16,4,Sí,Historia
K00560,U01230,C0204,2025-11-04 21:53:46,4,Sí,Contenido
K00561,U01230,C0269,2025-12-12 22:39:46,5,Sí,Actuación
K00562,U01230,C0263,2025-12-04 18:31:08,4,Sí,Experiencia general
K00563,U01230,C0386,2025-11-03 19:58:46,4,Sí,Calidad técnica
K00564,U01230,C0392,2025-12-14 20:10:53,5,Sí,Contenido
K00565,U01270,C0118,2025-08-19 16:30:13,4,Sí,Historia
K00566,U01270,C0131,2025-03-19 21:55:45,4,Sí,Actuación
K00567,U01270,C0236,2025-08-30 21:17:01,5,Sí,Historia
K00568,U01270,C0128,2025-01-11 10:58:59,4,Sí,Calidad técnica
K00569,U01396,C0173,2025-11-14 12:29:12,4,Sí,Historia
K00570,U00620,C0124,2025-06-12 16:14:28,4,Sí,Experiencia general
K00571,U00620,C0225,2025-04-26 11:06:51,4,Sí,Historia
K00572,U00620,C0141,2025-11-15 08:46:47,5,Sí,Experiencia general
K00573,U00334,C0064,2025-12-27 20:15:36,4,Sí,Calidad técnica
K00574,U00518,C0087,2025-12-18 15:29:23,3,No,Calidad técnica
K00575,U00524,C0164,2025-07-21 16:49:32,4,Sí,Historia
K00576,U00524,C0205,2025-01-15 17:20:37,3,No,Contenido
K00577,U00524,C0279,2025-03-31 18:46:19,4,Sí,Actuación
K00578,U00524,C0417,2025-08-10 16:26:24,3,No,Contenido
K00579,U00524,C0180,2025-12-28 12:22:31,4,Sí,Experiencia general
K00580,U00680,C0036,2025-05-05 20:30:12,4,Sí,Contenido
K00581,U00680,C0230,2025-01-04 06:03:58,3,No,Historia
K00582,U00002,C0306,2025-12-14 11:01:26,4,Sí,Contenido
K00583,U00002,C0273,2025-07-10 12:19:47,5,Sí,Actuación
K00584,U00002,C0021,2025-12-09 13:09:22,5,Sí,Actuación
K00585,U00881,C0108,2025-08-17 13:56:49,4,Sí,Actuación
K00586,U00881,C0090,2025-05-17 13:11:52,4,Sí,Historia
K00587,U01288,C0334,2025-12-30 19:12:06,4,Sí,Experiencia general
K00588,U01047,C0050,2025-06-23 19:55:34,3,No,Historia
K00589,U01047,C0249,2025-06-09 07:15:49,4,Sí,Experiencia general
K00590,U01048,C0087,2025-10-20 21:37:21,5,Sí,Contenido
K00591,U00708,C0021,2025-10-22 11:42:44,3,No,Actuación
K00592,U00708,C0159,2025-03-17 08:29:52,4,Sí,Contenido
K00593,U01459,C0048,2025-09-27 21:39:49,4,Sí,Experiencia general
K00594,U01351,C0279,2025-05-09 02:14:27,3,No,Actuación
K00595,U00834,C0331,2025-07-29 23:30:02,4,Sí,Calidad técnica
K00596,U01006,C0241,2025-09-01 01:18:57,3,No,Actuación
K00597,U01006,C0380,2025-02-09 20:45:27,4,Sí,Actuación
K00598,U01006,C0188,2025-12-08 06:13:44,4,Sí,Contenido
K00599,U00857,C0288,2025-03-22 15:17:13,4,Sí,Historia
K00600,U00094,C0199,2025-04-13 17:09:41,4,Sí,Calidad técnica
K00601,U00381,C0143,2025-05-31 18:55:27,4,Sí,Contenido
K00602,U00381,C0218,2025-09-30 19:46:40,4,Sí,Contenido
K00603,U00381,C0377,2025-09-03 17:22:09,4,Sí,Historia
K00604,U01287,C0111,2025-12-25 17:43:45,4,Sí,Historia
K00605,U01287,C0282,2025-11-09 03:48:31,4,Sí,Experiencia general
K00606,U01287,C0162,2025-11-14 14:33:27,4,Sí,Contenido
K00607,U00784,C0131,2025-09-15 19:44:41,3,No,Calidad técnica
K00608,U00784,C0377,2025-06-04 15:09:49,4,Sí,Contenido
K00609,U00784,C0093,2025-08-22 21:46:42,4,Sí,Calidad técnica
K00610,U00784,C0095,2025-09-23 18:52:23,4,Sí,Contenido
K00611,U00467,C0019,2025-06-11 11:49:38,4,Sí,Contenido
K00612,U00467,C0339,2025-11-17 16:24:27,4,Sí,Contenido
K00613,U00603,C0305,2025-02-14 19:11:27,4,Sí,Historia
K00614,U00603,C0307,2025-12-24 16:19:25,4,Sí,Contenido
K00615,U00378,C0145,2025-10-17 11:21:34,4,Sí,Contenido
K00616,U00378,C0029,2025-07-01 14:11:09,4,Sí,Actuación
K00617,U00023,C0285,2025-07-29 13:08:45,4,Sí,Contenido
K00618,U00023,C0326,2025-04-06 18:23:31,4,Sí,Actuación
K00619,U00023,C0195,2025-02-11 14:31:58,4,Sí,Actuación
K00620,U00450,C0204,2025-07-06 06:16:23,4,Sí,Calidad técnica
K00621,U00127,C0112,2025-10-11 13:23:55,4,Sí,Historia
K00622,U00127,C0279,2025-11-10 23:46:33,4,Sí,Contenido
K00623,U00127,C0303,2025-07-17 01:32:22,4,Sí,Historia
K00624,U00817,C0003,2025-05-04 21:31:47,4,Sí,Historia
K00625,U00756,C0110,2025-12-31 23:59:59,4,Sí,Historia
K00626,U00756,C0290,2025-03-23 19:53:03,5,Sí,Historia
K00627,U01328,C0375,2025-11-24 20:49:28,4,Sí,Contenido
K00628,U01328,C0124,2025-10-04 23:00:45,4,Sí,Experiencia general
K00629,U01328,C0065,2025-10-23 13:10:24,4,Sí,Contenido
K00630,U01328,C0153,2025-11-01 22:48:30,3,No,Actuación
K00631,U01328,C0037,2025-10-04 21:18:17,3,No,Contenido
K00632,U00312,C0278,2025-09-08 19:53:03,5,Sí,Experiencia general
K00633,U00312,C0024,2025-03-25 18:31:12,4,Sí,Actuación
K00634,U00312,C0420,2025-01-19 13:49:49,4,Sí,Calidad técnica
K00635,U00312,C0347,2025-11-22 21:25:21,4,Sí,Experiencia general
K00636,U00973,C0285,2025-12-17 21:37:45,4,Sí,Actuación
K00637,U00956,C0352,2025-03-03 20:58:59,5,Sí,Experiencia general
K00638,U00956,C0413,2025-11-20 18:36:53,4,Sí,Contenido
K00639,U00995,C0151,2025-10-10 12:42:50,3,No,Contenido
K00640,U00995,C0043,2025-01-19 18:03:40,4,Sí,Calidad técnica
K00641,U00995,C0299,2025-08-23 18:49:06,4,Sí,Actuación
K00642,U01082,C0154,2025-09-12 23:57:38,4,Sí,Historia
K00643,U01082,C0306,2025-07-18 13:58:31,4,Sí,Contenido
K00644,U01082,C0353,2025-03-21 15:43:30,4,Sí,Experiencia general
K00645,U01082,C0064,2025-01-16 12:23:53,5,Sí,Historia
K00646,U01431,C0095,2025-02-20 13:41:37,4,Sí,Contenido
K00647,U01431,C0010,2025-09-22 18:02:30,5,Sí,Contenido
K00648,U01431,C0239,2025-12-02 07:59:52,3,No,Experiencia general
K00649,U01431,C0053,2025-07-26 17:08:45,5,Sí,Experiencia general
K00650,U01431,C0341,2025-03-17 21:47:44,4,Sí,Experiencia general
K00651,U01322,C0158,2025-03-27 16:20:43,4,Sí,Historia
K00652,U01322,C0193,2025-01-18 20:16:14,4,Sí,Experiencia general
K00653,U01322,C0339,2025-08-03 18:21:43,4,Sí,Contenido
K00654,U00006,C0321,2025-07-07 22:44:28,4,Sí,Contenido
K00655,U00006,C0167,2025-12-14 20:43:15,4,Sí,Actuación
K00656,U00006,C0179,2025-07-28 18:36:29,4,Sí,Contenido
K00657,U00006,C0098,2025-04-09 07:13:33,5,Sí,Contenido
K00658,U00006,C0194,2025-06-12 16:34:44,4,Sí,Historia
K00659,U00134,C0225,2025-12-31 22:41:22,3,No,Actuación
K00660,U00677,C0071,2025-04-12 22:47:12,4,Sí,Experiencia general
K00661,U00362,C0168,2025-09-03 08:20:16,3,No,Historia
K00662,U00974,C0181,2025-06-26 12:54:58,4,Sí,Historia
K00663,U00720,C0038,2025-11-06 20:04:42,4,Sí,Actuación
K00664,U00720,C0314,2025-11-03 02:25:34,4,Sí,Experiencia general
K00665,U00720,C0327,2025-04-15 21:15:00,4,Sí,Experiencia general
K00666,U00720,C0223,2025-01-23 16:23:42,4,Sí,Historia
K00667,U00248,C0024,2025-07-15 19:35:36,4,Sí,Calidad técnica
K00668,U00248,C0354,2025-06-07 22:03:48,4,Sí,Historia
K00669,U00248,C0275,2025-06-06 20:25:55,4,Sí,Contenido
K00670,U00265,C0369,2025-11-17 22:49:51,4,Sí,Contenido
K00671,U00265,C0402,2025-02-19 15:18:09,5,Sí,Contenido
K00672,U00702,C0175,2025-03-10 15:14:13,4,Sí,Experiencia general
K00673,U01427,C0186,2025-03-21 16:48:06,4,Sí,Historia
K00674,U01427,C0381,2025-11-08 20:31:26,4,Sí,Contenido
K00675,U01427,C0212,2025-03-14 19:50:42,5,Sí,Calidad técnica
K00676,U01427,C0325,2025-04-17 07:02:40,5,Sí,Contenido
K00677,U00480,C0027,2025-03-27 17:41:40,4,Sí,Contenido
K00678,U00480,C0331,2025-01-23 17:27:39,5,Sí,Contenido
K00679,U00480,C0213,2025-02-25 12:52:30,5,Sí,Calidad técnica
K00680,U00480,C0105,2025-01-26 13:58:55,4,Sí,Historia
K00681,U00947,C0374,2025-02-18 23:33:23,4,Sí,Actuación
K00682,U00947,C0048,2025-03-19 22:14:21,4,Sí,Experiencia general
K00683,U00578,C0160,2025-10-24 12:29:42,4,Sí,Contenido
K00684,U00578,C0150,2025-09-13 21:47:48,4,Sí,Contenido
K00685,U00578,C0180,2025-07-24 08:26:57,3,No,Experiencia general
K00686,U00578,C0078,2025-09-22 19:50:53,4,Sí,Experiencia general
K00687,U00750,C0294,2025-07-14 22:16:09,4,Sí,Historia
K00688,U00750,C0296,2025-03-30 20:48:51,5,Sí,Calidad técnica
K00689,U01162,C0090,2025-12-06 22:55:33,4,Sí,Historia
K00690,U01162,C0285,2025-11-30 10:50:45,3,No,Experiencia general
K00691,U01162,C0312,2025-12-10 17:59:20,4,Sí,Historia
K00692,U01162,C0359,2025-12-21 20:41:42,3,No,Contenido
K00693,U01474,C0019,2025-07-12 18:10:31,3,No,Actuación
K00694,U01474,C0313,2025-02-18 08:50:15,4,Sí,Contenido
K00695,U00106,C0115,2025-02-14 13:10:10,3,No,Calidad técnica
K00696,U00106,C0326,2025-05-01 18:16:25,4,Sí,Historia
K00697,U01132,C0121,2025-10-13 18:00:13,3,No,Experiencia general
K00698,U01132,C0265,2025-11-08 21:56:13,3,No,Experiencia general
K00699,U00272,C0359,2025-12-27 12:44:33,3,No,Historia
K00700,U00272,C0082,2025-12-12 07:31:10,3,No,Actuación
K00701,U00072,C0085,2025-06-28 21:46:55,4,Sí,Experiencia general
K00702,U01208,C0120,2025-06-26 21:30:30,5,Sí,Experiencia general
K00703,U01208,C0179,2025-05-09 16:53:39,4,Sí,Actuación
K00704,U01176,C0331,2025-10-09 15:56:33,4,Sí,Experiencia general
K00705,U00453,C0125,2025-08-21 07:55:35,4,Sí,Actuación
K00706,U00453,C0160,2025-03-13 21:57:08,4,Sí,Experiencia general
K00707,U00453,C0159,2025-04-02 17:02:31,5,Sí,Contenido
K00708,U00453,C0045,2025-05-02 17:51:56,4,Sí,Contenido
K00709,U00453,C0301,2025-04-09 19:51:45,4,Sí,Actuación
K00710,U01268,C0149,2025-01-16 23:02:25,4,Sí,Calidad técnica
K00711,U00805,C0097,2025-06-02 19:42:41,4,Sí,Historia
K00712,U00805,C0359,2025-10-21 23:19:44,4,Sí,Calidad técnica
K00713,U00805,C0249,2025-04-06 21:40:21,4,Sí,Historia
K00714,U00805,C0215,2025-09-03 16:31:03,4,Sí,Contenido
K00715,U00216,C0332,2025-05-10 20:47:07,5,Sí,Actuación
K00716,U00826,C0267,2025-08-19 09:40:06,4,Sí,Contenido
K00717,U00826,C0247,2025-10-23 23:59:07,5,Sí,Contenido
K00718,U00826,C0097,2025-12-23 03:32:25,4,Sí,Historia
K00719,U00826,C0128,2025-10-06 08:33:20,4,Sí,Contenido
K00720,U00619,C0154,2025-05-22 20:32:21,5,Sí,Contenido
K00721,U00619,C0239,2025-03-02 20:58:11,3,No,Experiencia general
K00722,U00128,C0395,2025-12-14 10:57:26,4,Sí,Calidad técnica
K00723,U00128,C0415,2025-11-21 20:42:07,4,Sí,Contenido
K00724,U00128,C0271,2025-11-11 20:28:30,4,Sí,Actuación
K00725,U00981,C0317,2025-08-31 23:35:55,4,Sí,Contenido
K00726,U00981,C0012,2025-09-07 12:41:57,5,Sí,Contenido
K00727,U00092,C0351,2025-12-23 20:53:00,4,Sí,Calidad técnica
K00728,U00092,C0132,2025-10-15 20:42:47,4,Sí,Contenido
K00729,U00912,C0113,2025-07-15 17:09:14,4,Sí,Historia
K00730,U00912,C0079,2025-07-05 22:56:00,4,Sí,Actuación
K00731,U00912,C0289,2025-04-23 06:41:10,4,Sí,Experiencia general
K00732,U00912,C0270,2025-10-29 21:11:50,5,Sí,Contenido
K00733,U00112,C0220,2025-02-26 06:50:52,5,Sí,Experiencia general
K00734,U01109,C0417,2025-08-17 23:56:27,4,Sí,Contenido
K00735,U00385,C0116,2025-09-19 20:32:19,4,Sí,Historia
K00736,U00385,C0185,2025-02-18 09:15:09,4,Sí,Contenido
K00737,U00385,C0194,2025-04-25 19:01:27,4,Sí,Historia
K00738,U00200,C0138,2025-12-01 06:49:35,4,Sí,Contenido
K00739,U00200,C0231,2025-11-11 08:41:27,4,Sí,Historia
K00740,U00200,C0021,2025-12-01 08:01:18,4,Sí,Historia
K00741,U00200,C0107,2025-10-29 22:22:30,3,No,Contenido
K00742,U01489,C0105,2025-11-16 20:46:29,5,Sí,Contenido
K00743,U01489,C0239,2025-01-31 20:14:30,4,Sí,Contenido
K00744,U01489,C0303,2025-01-16 11:28:33,4,Sí,Actuación
K00745,U01489,C0142,2025-08-23 21:42:01,4,Sí,Historia
K00746,U01489,C0269,2025-01-15 18:57:09,5,Sí,Historia
K00747,U01297,C0141,2025-12-01 17:37:01,4,Sí,Experiencia general
K00748,U01297,C0215,2025-12-13 00:42:17,4,Sí,Calidad técnica
K00749,U01057,C0274,2025-02-16 20:20:58,4,Sí,Experiencia general
K00750,U01057,C0224,2025-12-04 11:09:42,3,No,Historia
K00751,U01057,C0115,2025-10-31 22:09:37,4,Sí,Experiencia general
K00752,U01138,C0232,2025-12-31 15:57:52,4,Sí,Historia
K00753,U01037,C0313,2025-11-20 14:54:01,4,Sí,Calidad técnica
K00754,U01037,C0145,2025-10-20 13:04:52,5,Sí,Calidad técnica
K00755,U00984,C0135,2025-08-10 19:36:31,4,Sí,Experiencia general
K00756,U00774,C0272,2025-01-31 03:37:37,3,No,Experiencia general
K00757,U00774,C0330,2025-03-27 21:15:05,4,Sí,Experiencia general
K00758,U00408,C0385,2025-03-25 12:44:39,4,Sí,Contenido
K00759,U00408,C0116,2025-07-29 17:43:48,3,No,Experiencia general
K00760,U00202,C0224,2025-01-17 16:23:11,4,Sí,Historia
K00761,U00202,C0013,2025-03-01 07:56:15,3,No,Experiencia general
K00762,U00202,C0311,2025-01-10 15:41:16,4,Sí,Contenido
K00763,U00166,C0106,2025-01-07 19:57:20,4,Sí,Calidad técnica
K00764,U00166,C0088,2025-01-23 13:15:12,3,No,Experiencia general
K00765,U00290,C0023,2025-10-27 10:59:24,3,No,Contenido
K00766,U00290,C0096,2025-09-26 16:27:48,4,Sí,Contenido
K00767,U00290,C0247,2025-03-08 16:21:10,4,Sí,Experiencia general
K00768,U00290,C0226,2025-08-28 10:25:21,4,Sí,Experiencia general
K00769,U01329,C0316,2025-07-15 20:27:11,3,No,Contenido
K00770,U01329,C0345,2025-04-28 17:24:41,4,Sí,Contenido
K00771,U01329,C0158,2025-07-19 22:33:40,5,Sí,Contenido
K00772,U01329,C0414,2025-12-31 23:59:59,4,Sí,Calidad técnica
K00773,U00371,C0337,2025-02-10 09:49:41,3,No,Experiencia general
K00774,U00371,C0068,2025-08-21 20:51:42,5,Sí,Historia
K00775,U00371,C0205,2025-09-01 17:02:26,4,Sí,Actuación
K00776,U00371,C0021,2025-10-28 22:06:35,3,No,Contenido
K00777,U00371,C0320,2025-06-04 15:31:54,3,No,Actuación
K00778,U00631,C0106,2025-03-23 16:59:18,3,No,Contenido
K00779,U00631,C0032,2025-02-24 10:50:29,4,Sí,Historia
K00780,U00631,C0264,2025-06-05 18:23:59,3,No,Contenido
K00781,U00631,C0051,2025-02-09 19:46:58,3,No,Experiencia general
K00782,U00241,C0086,2025-11-16 20:01:52,4,Sí,Contenido
K00783,U00241,C0190,2025-11-24 11:05:44,4,Sí,Actuación
K00784,U00241,C0254,2025-12-31 23:59:59,4,Sí,Actuación
K00785,U00241,C0218,2025-12-29 21:24:54,4,Sí,Contenido
K00786,U01039,C0060,2025-05-02 22:35:27,4,Sí,Contenido
K00787,U01039,C0350,2025-05-10 07:41:13,5,Sí,Historia
K00788,U00748,C0066,2025-11-05 16:44:35,4,Sí,Contenido
K00789,U00926,C0234,2025-12-31 13:31:30,4,Sí,Actuación
K00790,U00926,C0054,2025-10-15 22:43:55,4,Sí,Contenido
K00791,U00926,C0346,2025-05-13 15:40:14,3,No,Calidad técnica
K00792,U00926,C0023,2025-07-19 15:21:28,3,No,Contenido
K00793,U00853,C0410,2025-11-25 18:26:12,4,Sí,Experiencia general
K00794,U00853,C0122,2025-10-24 14:58:12,3,No,Experiencia general
K00795,U00516,C0420,2025-04-05 09:44:38,4,Sí,Experiencia general
K00796,U00516,C0205,2025-09-12 12:07:10,4,Sí,Experiencia general
K00797,U01372,C0329,2025-02-28 15:56:25,5,Sí,Contenido
K00798,U01372,C0183,2025-02-11 11:34:13,4,Sí,Calidad técnica
K00799,U01372,C0201,2025-01-18 18:43:37,4,Sí,Experiencia general
K00800,U01372,C0249,2025-01-10 18:11:30,4,Sí,Historia
K00801,U00009,C0247,2025-09-02 20:23:01,4,Sí,Calidad técnica
K00802,U00009,C0065,2025-11-16 21:18:27,5,Sí,Historia
K00803,U00009,C0137,2025-12-16 16:31:32,4,Sí,Historia
K00804,U00009,C0132,2025-01-22 22:30:26,4,Sí,Historia
K00805,U00345,C0419,2025-12-31 23:59:59,4,Sí,Calidad técnica
K00806,U00231,C0192,2025-02-19 19:19:57,4,Sí,Historia
K00807,U00231,C0326,2025-09-16 21:48:17,4,Sí,Contenido
K00808,U00231,C0168,2025-09-27 18:10:48,4,Sí,Historia
K00809,U00231,C0315,2025-02-10 22:28:14,4,Sí,Historia
K00810,U00386,C0233,2025-11-25 13:35:43,5,Sí,Contenido
K00811,U00386,C0214,2025-09-09 09:28:19,4,Sí,Actuación
K00812,U00386,C0357,2025-10-19 21:26:55,5,Sí,Contenido
K00813,U00373,C0267,2025-12-29 07:01:22,4,Sí,Historia
K00814,U00105,C0368,2025-11-21 12:56:08,4,Sí,Contenido
K00815,U01327,C0140,2025-06-07 13:52:26,4,Sí,Contenido
K00816,U01327,C0028,2025-05-07 23:52:43,4,Sí,Contenido
K00817,U01117,C0262,2025-11-02 02:41:31,4,Sí,Calidad técnica
K00818,U00370,C0267,2025-10-23 23:54:33,4,Sí,Contenido
K00819,U00370,C0191,2025-06-22 13:36:53,4,Sí,Contenido
K00820,U00370,C0251,2025-06-21 23:38:00,4,Sí,Historia
K00821,U00673,C0288,2025-09-03 22:49:49,4,Sí,Calidad técnica
K00822,U01393,C0349,2025-08-30 22:51:39,4,Sí,Historia
K00823,U01393,C0403,2025-03-10 02:59:51,5,Sí,Actuación
K00824,U01393,C0020,2025-12-30 18:20:24,3,No,Contenido
K00825,U01352,C0056,2025-07-22 19:32:28,5,Sí,Experiencia general
K00826,U00621,C0320,2025-10-14 18:14:43,4,Sí,Contenido
K00827,U00621,C0364,2025-11-28 14:53:52,4,Sí,Historia
K00828,U00050,C0368,2025-01-27 00:58:01,5,Sí,Actuación
K00829,U00050,C0097,2025-05-23 20:21:06,4,Sí,Historia
K00830,U00204,C0035,2025-12-30 17:37:01,3,No,Actuación
K00831,U00920,C0265,2025-10-03 05:16:20,3,No,Actuación
K00832,U00920,C0408,2025-11-11 18:20:15,4,Sí,Experiencia general
K00833,U00920,C0413,2025-10-15 17:17:34,5,Sí,Experiencia general
K00834,U00920,C0147,2025-09-25 21:50:41,3,No,Calidad técnica
K00835,U00920,C0156,2025-11-01 19:28:10,3,No,Experiencia general
K00836,U00681,C0407,2025-09-17 17:07:29,4,Sí,Contenido
K00837,U00681,C0062,2025-04-24 21:02:56,3,No,Contenido
K00838,U00085,C0312,2025-11-18 22:42:51,5,Sí,Actuación
K00839,U00085,C0045,2025-08-18 19:07:56,4,Sí,Historia
K00840,U00085,C0359,2025-09-18 21:11:55,4,Sí,Experiencia general
K00841,U00085,C0291,2025-06-01 19:26:07,4,Sí,Historia
K00842,U00897,C0255,2025-11-18 22:29:07,4,Sí,Experiencia general
K00843,U00897,C0112,2025-07-02 19:10:40,4,Sí,Actuación
K00844,U00897,C0274,2025-09-08 00:16:56,4,Sí,Actuación
K00845,U00384,C0293,2025-02-25 23:52:39,4,Sí,Calidad técnica
K00846,U00384,C0347,2025-02-23 10:45:47,4,Sí,Actuación
K00847,U00384,C0284,2025-12-23 20:10:39,4,Sí,Historia
K00848,U00384,C0203,2025-03-23 20:02:38,3,No,Actuación
K00849,U00743,C0056,2025-06-24 19:16:05,4,Sí,Contenido
K00850,U00743,C0123,2025-05-07 16:48:07,4,Sí,Experiencia general
K00851,U00743,C0305,2025-11-18 21:40:43,5,Sí,Contenido
K00852,U01341,C0338,2025-02-09 07:45:48,3,No,Historia
K00853,U00392,C0387,2025-06-23 16:49:24,4,Sí,Historia
K00854,U01058,C0016,2025-03-23 14:18:39,4,Sí,Experiencia general
K00855,U01058,C0334,2025-01-28 21:28:31,4,Sí,Calidad técnica
K00856,U00019,C0409,2025-04-07 15:10:19,4,Sí,Contenido
K00857,U00019,C0230,2025-06-25 10:38:13,4,Sí,Contenido
K00858,U00019,C0130,2025-03-23 05:19:12,3,No,Experiencia general
K00859,U00019,C0393,2025-01-25 13:08:00,4,Sí,Historia
K00860,U00070,C0008,2025-10-30 14:11:37,4,Sí,Calidad técnica
K00861,U00350,C0311,2025-07-03 02:57:55,4,Sí,Actuación
K00862,U00350,C0199,2025-09-18 16:47:00,4,Sí,Experiencia general
K00863,U00350,C0351,2025-07-02 22:56:07,4,Sí,Calidad técnica
K00864,U00350,C0038,2025-12-10 08:39:29,5,Sí,Contenido
K00865,U00350,C0061,2025-10-12 22:32:56,4,Sí,Contenido
K00866,U00816,C0183,2025-09-09 17:52:35,4,Sí,Actuación
K00867,U00816,C0055,2025-06-29 19:13:32,3,No,Historia
K00868,U00571,C0352,2025-08-09 20:03:58,4,Sí,Historia
K00869,U00136,C0225,2025-11-08 18:51:15,4,Sí,Experiencia general
K00870,U00025,C0014,2025-03-04 19:53:36,4,Sí,Contenido
K00871,U00935,C0340,2025-07-15 07:45:30,4,Sí,Historia
K00872,U00935,C0209,2025-07-28 17:32:47,4,Sí,Experiencia general
K00873,U00935,C0357,2025-03-02 12:16:47,4,Sí,Experiencia general
K00874,U00935,C0283,2025-09-09 17:35:18,4,Sí,Calidad técnica
K00875,U00406,C0343,2025-06-30 00:42:11,4,Sí,Contenido
K00876,U00488,C0231,2025-06-14 14:57:47,4,Sí,Historia
K00877,U00488,C0102,2025-04-22 16:39:40,4,Sí,Historia
K00878,U00488,C0055,2025-06-11 22:57:04,4,Sí,Actuación
K00879,U00488,C0267,2025-11-05 21:11:34,5,Sí,Contenido
K00880,U01442,C0038,2025-04-18 09:08:51,4,Sí,Historia
K00881,U01019,C0297,2025-11-13 21:56:41,4,Sí,Experiencia general
K00882,U01019,C0129,2025-01-25 15:02:52,4,Sí,Actuación
K00883,U01019,C0302,2025-10-06 03:54:09,4,Sí,Contenido
K00884,U01500,C0323,2025-11-17 13:43:42,4,Sí,Actuación
K00885,U01500,C0027,2025-06-24 22:48:47,4,Sí,Actuación
K00886,U00056,C0304,2025-11-08 18:01:49,3,No,Contenido
K00887,U00056,C0251,2025-09-20 18:05:11,4,Sí,Experiencia general
K00888,U00056,C0305,2025-10-21 02:44:23,4,Sí,Contenido
K00889,U01348,C0355,2025-04-19 16:04:34,4,Sí,Historia
K00890,U01403,C0011,2025-09-26 17:20:58,4,Sí,Contenido
K00891,U01403,C0264,2025-04-24 07:25:50,3,No,Historia
K00892,U01403,C0244,2025-05-27 19:11:38,4,Sí,Historia
K00893,U01403,C0343,2025-06-01 17:17:05,5,Sí,Experiencia general
K00894,U00229,C0039,2025-03-12 21:33:00,3,No,Actuación
K00895,U00209,C0185,2025-12-10 15:49:00,5,Sí,Historia
K00896,U00209,C0231,2025-11-01 19:55:39,4,Sí,Historia
K00897,U00209,C0380,2025-07-16 20:09:30,5,Sí,Contenido
K00898,U01484,C0341,2025-10-20 17:55:14,3,No,Contenido
K00899,U01484,C0318,2025-11-09 22:16:36,4,Sí,Contenido
K00900,U01484,C0280,2025-08-28 04:53:26,4,Sí,Experiencia general
K00901,U01484,C0203,2025-11-06 09:45:44,4,Sí,Actuación
K00902,U00016,C0264,2025-06-25 15:50:43,5,Sí,Contenido
K00903,U00016,C0369,2025-08-28 20:27:09,3,No,Contenido
K00904,U00441,C0205,2025-12-03 07:46:35,4,Sí,Historia
K00905,U00441,C0334,2025-05-17 03:12:40,4,Sí,Contenido
K00906,U00441,C0389,2025-06-14 21:55:21,3,No,Calidad técnica
K00907,U00726,C0307,2025-02-07 11:05:24,4,Sí,Calidad técnica
K00908,U00684,C0250,2025-09-02 12:43:32,4,Sí,Historia
K00909,U00684,C0107,2025-09-24 19:01:59,5,Sí,Historia
K00910,U00684,C0368,2025-08-16 23:57:40,5,Sí,Historia
K00911,U01023,C0095,2025-12-10 21:44:10,4,Sí,Calidad técnica
K00912,U01023,C0243,2025-11-13 20:44:42,4,Sí,Contenido
K00913,U01023,C0377,2025-12-25 08:12:31,5,Sí,Historia
K00914,U00645,C0037,2025-05-20 18:11:06,3,No,Actuación
K00915,U00645,C0062,2025-02-22 07:04:54,4,Sí,Historia
K00916,U00645,C0002,2025-05-13 17:58:19,5,Sí,Actuación
K00917,U00233,C0392,2025-09-28 16:24:53,4,Sí,Contenido
K00918,U01080,C0301,2025-02-09 16:36:09,3,No,Actuación
K00919,U01080,C0250,2025-09-05 15:52:10,4,Sí,Calidad técnica
K00920,U01080,C0236,2025-06-15 21:59:58,5,Sí,Actuación
K00921,U01080,C0126,2025-05-26 22:38:50,4,Sí,Actuación
K00922,U01080,C0137,2025-05-01 07:36:17,4,Sí,Contenido
K00923,U00442,C0059,2025-04-11 16:19:34,4,Sí,Contenido
K00924,U00442,C0301,2025-03-25 21:33:19,4,Sí,Experiencia general
K00925,U00442,C0393,2025-08-02 20:59:30,4,Sí,Historia
K00926,U00442,C0253,2025-11-29 20:21:46,4,Sí,Actuación
K00927,U00442,C0135,2025-04-03 03:55:08,4,Sí,Contenido
K00928,U00473,C0323,2025-12-04 10:21:47,4,Sí,Actuación
K00929,U00473,C0115,2025-11-13 22:24:26,3,No,Experiencia general
K00930,U00473,C0216,2025-12-13 17:15:39,5,Sí,Experiencia general
K00931,U00473,C0256,2025-12-23 17:37:37,4,Sí,Historia
K00932,U00413,C0024,2025-10-24 16:17:29,3,No,Contenido
K00933,U00413,C0165,2025-07-16 00:58:24,5,Sí,Actuación
K00934,U00413,C0330,2025-11-09 22:29:20,4,Sí,Contenido
K00935,U00413,C0075,2025-09-18 22:12:57,4,Sí,Experiencia general
K00936,U00249,C0074,2025-10-28 22:04:34,4,Sí,Historia
K00937,U00249,C0386,2025-11-11 21:18:02,4,Sí,Actuación
K00938,U00249,C0370,2025-12-31 23:19:10,4,Sí,Experiencia general
K00939,U00314,C0154,2025-02-25 23:18:20,4,Sí,Historia
K00940,U00314,C0394,2025-07-14 18:12:17,4,Sí,Experiencia general
K00941,U00186,C0060,2025-11-09 15:04:23,4,Sí,Historia
K00942,U00186,C0354,2025-06-28 18:52:01,5,Sí,Experiencia general
K00943,U01350,C0056,2025-08-07 17:06:53,5,Sí,Experiencia general
K00944,U01350,C0011,2025-09-08 19:47:19,4,Sí,Experiencia general
K00945,U00108,C0120,2025-04-10 15:28:12,4,Sí,Actuación
K00946,U00108,C0243,2025-02-24 12:48:41,4,Sí,Actuación
K00947,U00108,C0082,2025-04-18 17:41:45,4,Sí,Contenido
K00948,U01485,C0043,2025-09-13 18:33:34,5,Sí,Historia
K00949,U00609,C0352,2025-08-18 14:54:02,4,Sí,Actuación
K00950,U00609,C0002,2025-10-17 18:14:11,4,Sí,Experiencia general
K00951,U00309,C0142,2025-07-14 22:29:41,4,Sí,Experiencia general
K00952,U00309,C0328,2025-04-19 22:35:13,5,Sí,Contenido
K00953,U00309,C0303,2025-04-05 21:26:49,4,Sí,Historia
K00954,U00309,C0101,2025-07-17 19:06:51,4,Sí,Historia
K00955,U00868,C0387,2025-07-05 19:48:50,4,Sí,Experiencia general
K00956,U00868,C0015,2025-07-11 20:29:11,3,No,Contenido
K00957,U00226,C0202,2025-07-20 23:59:40,4,Sí,Experiencia general
K00958,U00226,C0250,2025-06-09 18:52:40,4,Sí,Experiencia general
K00959,U00226,C0096,2025-10-10 21:18:32,4,Sí,Historia
K00960,U00443,C0296,2025-11-10 12:56:10,4,Sí,Historia
K00961,U00443,C0261,2025-10-01 22:38:13,4,Sí,Contenido
K00962,U00614,C0232,2025-05-11 15:08:00,5,Sí,Contenido
K00963,U00211,C0148,2025-10-19 18:11:00,4,Sí,Actuación
K00964,U00211,C0369,2025-12-09 18:14:16,3,No,Contenido
K00965,U00211,C0315,2025-12-12 14:14:06,4,Sí,Historia
K00966,U00211,C0005,2025-11-21 00:48:34,4,Sí,Experiencia general
K00967,U00211,C0024,2025-10-17 07:15:07,4,Sí,Experiencia general
K00968,U01269,C0093,2025-11-21 22:32:48,4,Sí,Contenido
K00969,U01269,C0311,2025-12-30 06:14:41,4,Sí,Experiencia general
K00970,U01252,C0253,2025-03-24 17:08:52,5,Sí,Calidad técnica
K00971,U01252,C0117,2025-03-07 12:34:41,4,Sí,Historia
K00972,U01252,C0130,2025-02-12 19:00:52,4,Sí,Contenido
K00973,U01252,C0211,2025-03-19 07:30:18,4,Sí,Contenido
K00974,U01252,C0355,2025-03-30 18:30:02,3,No,Experiencia general
K00975,U01429,C0019,2025-05-05 20:24:48,4,Sí,Contenido
K00976,U01429,C0215,2025-06-04 16:10:19,4,Sí,Contenido
K00977,U01429,C0111,2025-03-11 20:09:16,4,Sí,Experiencia general
K00978,U00498,C0212,2025-12-06 22:36:19,4,Sí,Actuación
K00979,U00498,C0226,2025-10-17 21:11:45,4,Sí,Historia
K00980,U00901,C0194,2025-11-12 13:50:20,5,Sí,Historia
K00981,U00301,C0047,2025-06-14 18:26:59,4,Sí,Actuación
K00982,U00301,C0120,2025-08-11 21:42:53,3,No,Experiencia general
K00983,U00301,C0398,2025-12-05 16:31:23,4,Sí,Contenido
K00984,U00301,C0176,2025-10-31 16:58:45,4,Sí,Contenido
K00985,U00301,C0102,2025-05-04 10:43:11,4,Sí,Contenido
K00986,U01289,C0110,2025-10-19 19:45:50,3,No,Experiencia general
K00987,U01289,C0396,2025-10-03 20:11:11,4,Sí,Calidad técnica
K00988,U01195,C0046,2025-06-18 20:12:05,4,Sí,Historia
K00989,U00088,C0388,2025-06-09 16:21:42,3,No,Contenido
K00990,U00088,C0273,2025-10-19 08:19:15,4,Sí,Contenido
K00991,U00763,C0134,2025-09-15 13:54:44,4,Sí,Historia
K00992,U00763,C0045,2025-10-27 21:01:19,4,Sí,Historia
K00993,U00763,C0148,2025-07-06 19:13:35,3,No,Historia
K00994,U00517,C0183,2025-09-21 15:19:32,4,Sí,Contenido
K00995,U00517,C0328,2025-11-24 06:48:09,3,No,Experiencia general
K00996,U00517,C0308,2025-12-31 23:59:59,3,No,Experiencia general
K00997,U00517,C0416,2025-09-14 11:20:10,4,Sí,Contenido
K00998,U00517,C0076,2025-10-08 20:45:20,4,Sí,Historia
K00999,U00964,C0358,2025-05-04 15:00:06,4,Sí,Actuación
K01000,U00964,C0171,2025-09-27 20:04:01,4,Sí,Historia
K01001,U00012,C0402,2025-12-06 15:06:15,4,Sí,Experiencia general
K01002,U00704,C0188,2025-12-12 11:09:45,4,Sí,Historia
K01003,U01097,C0065,2025-09-24 19:06:37,4,Sí,Historia
K01004,U01097,C0015,2025-08-06 17:42:55,4,Sí,Experiencia general
K01005,U00288,C0092,2025-12-23 13:04:27,4,Sí,Calidad técnica
K01006,U00288,C0344,2025-12-12 20:09:51,4,Sí,Contenido
K01007,U00838,C0290,2025-06-21 22:50:51,4,Sí,Actuación
K01008,U00838,C0274,2025-04-15 14:06:12,4,Sí,Actuación
K01009,U01486,C0142,2025-08-17 17:05:25,2,No,Contenido
K01010,U01486,C0315,2025-08-02 09:27:20,5,Sí,Contenido
K01011,U01486,C0054,2025-11-12 01:28:00,4,Sí,Historia
K01012,U01486,C0410,2025-02-23 20:06:13,4,Sí,Historia
K01013,U01467,C0259,2025-02-12 02:08:34,4,Sí,Experiencia general
K01014,U01091,C0198,2025-10-10 19:40:05,4,Sí,Experiencia general
K01015,U01091,C0352,2025-08-05 20:59:31,3,No,Calidad técnica
K01016,U00107,C0335,2025-11-21 19:28:26,4,Sí,Contenido
K01017,U00107,C0183,2025-11-15 04:48:32,4,Sí,Experiencia general
K01018,U00811,C0053,2025-12-22 12:14:41,5,Sí,Historia
K01019,U00811,C0194,2025-11-13 17:05:52,5,Sí,Contenido
K01020,U00811,C0220,2025-11-17 16:37:07,5,Sí,Historia
K01021,U00811,C0098,2025-12-13 22:27:50,4,Sí,Calidad técnica
K01022,U01238,C0036,2025-10-05 18:41:53,4,Sí,Historia
K01023,U01238,C0338,2025-05-25 07:32:55,4,Sí,Historia
K01024,U01238,C0249,2025-01-08 17:02:17,4,Sí,Contenido
K01025,U01238,C0064,2025-02-15 20:47:59,4,Sí,Contenido
K01026,U01238,C0248,2025-07-29 12:06:54,4,Sí,Experiencia general
K01027,U00777,C0155,2025-12-02 11:26:56,4,Sí,Historia
K01028,U00531,C0099,2025-12-30 13:21:59,4,Sí,Experiencia general
K01029,U00531,C0417,2025-03-14 04:25:18,4,Sí,Actuación
K01030,U01362,C0090,2025-09-12 22:01:06,3,No,Contenido
K01031,U00270,C0381,2025-11-15 20:16:50,3,No,Experiencia general
K01032,U00270,C0299,2025-12-23 13:20:41,4,Sí,Historia
K01033,U00270,C0416,2025-09-17 19:51:52,3,No,Experiencia general
K01034,U01282,C0252,2025-08-05 21:29:27,4,Sí,Experiencia general
K01035,U01282,C0336,2025-12-14 16:26:41,4,Sí,Actuación
K01036,U01282,C0207,2025-10-29 21:43:30,3,No,Historia
K01037,U00666,C0307,2025-05-10 21:41:51,3,No,Calidad técnica
K01038,U00666,C0193,2025-05-08 19:21:07,3,No,Historia
K01039,U00799,C0329,2025-01-14 17:14:27,4,Sí,Historia
K01040,U00799,C0004,2025-11-03 22:07:38,5,Sí,Actuación
K01041,U01300,C0330,2025-03-01 06:47:15,3,No,Actuación
K01042,U01436,C0108,2025-04-04 20:32:21,4,Sí,Historia
K01043,U01436,C0014,2025-03-03 22:18:57,4,Sí,Experiencia general
K01044,U01436,C0388,2025-12-31 05:53:45,4,Sí,Historia
K01045,U00833,C0282,2025-04-13 23:46:21,4,Sí,Actuación
K01046,U00833,C0027,2025-04-22 08:29:44,4,Sí,Contenido
K01047,U00198,C0334,2025-11-20 19:12:17,4,Sí,Historia
K01048,U00198,C0079,2025-05-06 21:37:42,4,Sí,Experiencia general
K01049,U00198,C0395,2025-10-28 22:35:34,4,Sí,Historia
K01050,U00757,C0155,2025-12-06 07:41:08,3,No,Actuación
K01051,U00757,C0264,2025-11-28 20:15:27,4,Sí,Historia
K01052,U00757,C0286,2025-11-10 15:25:08,4,Sí,Contenido
K01053,U00757,C0341,2025-11-10 07:42:29,4,Sí,Historia
K01054,U00757,C0259,2025-11-12 15:28:57,5,Sí,Experiencia general
K01055,U00572,C0205,2025-09-26 08:40:55,4,Sí,Actuación
K01056,U00941,C0404,2025-07-30 17:19:18,4,Sí,Historia
K01057,U00860,C0030,2025-12-31 23:59:59,3,No,Experiencia general
K01058,U00860,C0166,2025-12-31 19:23:56,3,No,Calidad técnica
K01059,U00860,C0219,2025-12-30 11:46:58,5,Sí,Experiencia general
K01060,U00994,C0406,2025-06-12 21:08:08,4,Sí,Contenido
K01061,U00977,C0252,2025-01-17 23:25:40,4,Sí,Contenido
K01062,U00977,C0053,2025-02-16 14:36:22,5,Sí,Actuación
K01063,U00925,C0278,2025-03-30 11:54:53,4,Sí,Calidad técnica
K01064,U00925,C0394,2025-04-29 20:19:57,4,Sí,Experiencia general
K01065,U00566,C0108,2025-05-24 20:30:05,5,Sí,Contenido
K01066,U00934,C0228,2025-11-25 20:55:38,4,Sí,Experiencia general
K01067,U00934,C0144,2025-12-15 20:24:20,5,Sí,Contenido
K01068,U00934,C0304,2025-12-17 22:41:37,4,Sí,Contenido
K01069,U00934,C0247,2025-12-13 12:18:43,4,Sí,Contenido
K01070,U01293,C0237,2025-11-25 20:08:49,4,Sí,Contenido
K01071,U01293,C0023,2025-08-16 16:47:58,3,No,Experiencia general
K01072,U01293,C0338,2025-05-16 14:59:52,4,Sí,Historia
K01073,U01293,C0418,2025-08-06 18:00:11,3,No,Experiencia general
K01074,U00109,C0374,2025-09-18 20:17:33,5,Sí,Actuación
K01075,U01319,C0172,2025-09-05 17:12:59,3,No,Contenido
K01076,U01319,C0303,2025-10-12 22:02:24,4,Sí,Actuación
K01077,U01319,C0226,2025-11-08 15:51:13,5,Sí,Contenido
K01078,U00655,C0362,2025-03-05 17:59:17,5,Sí,Calidad técnica
K01079,U00655,C0241,2025-07-12 10:32:23,4,Sí,Contenido
K01080,U00655,C0168,2025-05-22 01:02:52,4,Sí,Contenido
K01081,U01422,C0136,2025-01-01 15:22:57,3,No,Experiencia general
K01082,U00611,C0225,2025-09-11 09:01:23,4,Sí,Actuación
K01083,U00611,C0048,2025-09-10 19:10:22,4,Sí,Contenido
K01084,U00611,C0094,2025-05-29 21:24:06,4,Sí,Contenido
K01085,U00499,C0147,2025-12-25 08:10:06,5,Sí,Historia
K01086,U00499,C0069,2025-05-18 09:50:08,4,Sí,Historia
K01087,U00499,C0145,2025-05-23 16:15:29,4,Sí,Experiencia general
K01088,U00671,C0195,2025-08-08 11:13:03,3,No,Experiencia general
K01089,U00671,C0124,2025-07-12 16:33:37,4,Sí,Historia
K01090,U00671,C0099,2025-12-01 20:10:13,4,Sí,Historia
K01091,U00671,C0022,2025-07-26 08:08:09,5,Sí,Historia
K01092,U00306,C0241,2025-07-19 19:13:41,3,No,Actuación
K01093,U00306,C0100,2025-08-05 17:52:36,3,No,Experiencia general
K01094,U00306,C0323,2025-03-06 16:24:59,4,Sí,Historia
K01095,U00306,C0194,2025-06-11 16:36:23,4,Sí,Actuación
K01096,U00957,C0306,2025-05-31 21:32:47,5,Sí,Experiencia general
K01097,U00957,C0237,2025-09-25 06:34:50,4,Sí,Historia
K01098,U00957,C0214,2025-08-25 18:49:54,4,Sí,Historia
K01099,U00797,C0296,2025-01-21 13:50:18,5,Sí,Experiencia general
K01100,U01158,C0152,2025-06-21 11:15:34,4,Sí,Calidad técnica
K01101,U01158,C0217,2025-07-05 20:58:31,4,Sí,Historia
K01102,U01158,C0397,2025-03-28 20:56:41,4,Sí,Actuación
K01103,U00125,C0009,2025-08-05 12:48:12,5,Sí,Contenido
K01104,U01424,C0288,2025-08-29 21:41:24,4,Sí,Contenido
K01105,U01424,C0247,2025-08-08 11:51:53,4,Sí,Experiencia general
K01106,U00953,C0065,2025-11-27 08:10:34,4,Sí,Actuación
K01107,U00953,C0281,2025-11-15 10:09:53,3,No,Historia
K01108,U00635,C0157,2025-10-30 20:56:00,4,Sí,Historia
K01109,U01298,C0392,2025-01-19 10:27:27,4,Sí,Historia
K01110,U00896,C0395,2025-02-01 10:03:59,3,No,Contenido
K01111,U00896,C0215,2025-02-19 20:56:33,4,Sí,Contenido
K01112,U00896,C0227,2025-02-16 20:46:02,4,Sí,Contenido
K01113,U00896,C0164,2025-02-02 14:14:46,4,Sí,Historia
K01114,U00896,C0097,2025-03-05 23:54:22,3,No,Actuación
K01115,U00375,C0287,2025-01-03 21:42:25,4,Sí,Contenido
K01116,U00375,C0131,2025-02-02 20:20:39,4,Sí,Contenido
K01117,U00375,C0314,2025-02-06 18:50:47,4,Sí,Historia
K01118,U00375,C0386,2025-01-29 23:24:58,4,Sí,Contenido
K01119,U00375,C0304,2025-01-27 21:52:06,3,No,Actuación
K01120,U00593,C0144,2025-07-05 23:45:59,4,Sí,Calidad técnica
K01121,U00593,C0385,2025-06-20 07:11:56,4,Sí,Historia
K01122,U00456,C0169,2025-11-19 21:13:58,4,Sí,Contenido
K01123,U00521,C0299,2025-10-05 20:41:09,3,No,Experiencia general
K01124,U01118,C0362,2025-10-10 14:47:13,4,Sí,Experiencia general
K01125,U00676,C0112,2025-02-17 15:24:48,4,Sí,Historia
K01126,U00676,C0020,2025-01-26 15:13:47,4,Sí,Historia
K01127,U00020,C0091,2025-08-21 14:47:18,3,No,Actuación
K01128,U00020,C0164,2025-11-28 20:08:12,5,Sí,Contenido
K01129,U00020,C0191,2025-09-23 21:35:00,4,Sí,Historia
K01130,U00487,C0296,2025-05-05 22:07:39,4,Sí,Calidad técnica
K01131,U00487,C0033,2025-02-08 11:32:42,5,Sí,Actuación
K01132,U00487,C0057,2025-05-13 23:38:37,5,Sí,Calidad técnica
K01133,U00214,C0211,2025-07-17 16:09:40,4,Sí,Historia
K01134,U00256,C0384,2025-10-01 19:19:06,3,No,Calidad técnica
K01135,U00256,C0347,2025-10-17 13:16:17,4,Sí,Actuación
K01136,U01405,C0312,2025-03-30 22:00:55,3,No,Contenido
K01137,U01405,C0180,2025-10-25 13:39:19,4,Sí,Contenido
K01138,U01405,C0091,2025-04-08 19:07:03,3,No,Calidad técnica
K01139,U01478,C0282,2025-12-14 20:20:04,3,No,Contenido
K01140,U01478,C0160,2025-12-31 12:17:15,3,No,Historia
K01141,U01318,C0228,2025-11-19 21:04:23,3,No,Experiencia general
K01142,U01318,C0244,2025-11-23 21:27:24,4,Sí,Actuación
K01143,U01318,C0056,2025-06-12 18:42:52,4,Sí,Contenido
K01144,U00474,C0058,2025-02-19 18:58:29,4,Sí,Experiencia general
K01145,U00474,C0148,2025-04-23 13:14:15,4,Sí,Historia
K01146,U00474,C0128,2025-04-19 21:30:10,4,Sí,Experiencia general
K01147,U00685,C0377,2025-04-09 18:20:55,5,Sí,Actuación
K01148,U01473,C0197,2025-03-27 11:54:45,4,Sí,Contenido
K01149,U01473,C0151,2025-12-26 07:30:39,4,Sí,Historia
K01150,U01488,C0039,2025-01-13 18:35:04,4,Sí,Historia
K01151,U01488,C0057,2025-06-15 09:17:11,5,Sí,Experiencia general
K01152,U01488,C0237,2025-07-01 17:54:15,4,Sí,Contenido
K01153,U01488,C0035,2025-05-03 20:58:22,4,Sí,Contenido
K01154,U01488,C0113,2025-12-15 00:07:56,4,Sí,Actuación
K01155,U01216,C0261,2025-06-08 08:56:24,3,No,Contenido
K01156,U01216,C0215,2025-04-14 21:19:50,3,No,Calidad técnica
K01157,U01216,C0075,2025-05-15 21:50:29,4,Sí,Actuación
K01158,U01216,C0047,2025-07-15 11:45:15,4,Sí,Historia
K01159,U01216,C0382,2025-05-07 22:58:32,4,Sí,Historia
K01160,U00827,C0334,2025-06-15 21:17:19,5,Sí,Historia
K01161,U00827,C0275,2025-07-26 17:17:06,4,Sí,Historia
K01162,U01202,C0315,2025-03-05 23:50:23,4,Sí,Historia
K01163,U00194,C0414,2025-04-04 23:49:52,3,No,Contenido
K01164,U00194,C0245,2025-12-14 00:52:43,4,Sí,Actuación
K01165,U00194,C0191,2025-11-04 11:56:02,4,Sí,Historia
K01166,U00194,C0236,2025-02-25 19:49:19,4,Sí,Experiencia general
K01167,U00463,C0111,2025-03-10 21:22:28,5,Sí,Contenido
K01168,U00463,C0370,2025-08-13 17:33:17,4,Sí,Calidad técnica
K01169,U00463,C0018,2025-07-20 03:44:56,4,Sí,Historia
K01170,U00463,C0390,2025-02-22 21:09:32,5,Sí,Contenido
K01171,U00463,C0149,2025-01-14 19:15:50,4,Sí,Historia
K01172,U01453,C0108,2025-07-12 22:55:56,4,Sí,Experiencia general
K01173,U00180,C0357,2025-09-08 20:48:32,4,Sí,Contenido
K01174,U00180,C0109,2025-12-25 18:12:52,4,Sí,Calidad técnica
K01175,U01015,C0176,2025-07-18 19:19:29,4,Sí,Calidad técnica
K01176,U01130,C0226,2025-01-08 13:17:56,5,Sí,Experiencia general
K01177,U01130,C0109,2025-01-14 17:57:35,3,No,Actuación
K01178,U01016,C0341,2025-11-21 17:14:13,4,Sí,Contenido
K01179,U01016,C0397,2025-10-01 23:02:18,4,Sí,Experiencia general
K01180,U01016,C0400,2025-09-06 12:23:20,5,Sí,Experiencia general
K01181,U00162,C0060,2025-12-07 17:17:12,3,No,Contenido
K01182,U01012,C0267,2025-10-31 18:44:34,3,No,Experiencia general
K01183,U00952,C0207,2025-06-06 16:05:59,3,No,Actuación
K01184,U00952,C0331,2025-06-16 22:48:38,5,Sí,Historia
K01185,U00952,C0082,2025-10-21 23:49:11,4,Sí,Calidad técnica
K01186,U00952,C0267,2025-11-02 21:53:23,4,Sí,Actuación
K01187,U00952,C0104,2025-05-27 16:43:09,3,No,Calidad técnica
K01188,U00466,C0285,2025-11-29 22:57:11,4,Sí,Historia
K01189,U00466,C0402,2025-01-24 15:19:33,5,Sí,Actuación
K01190,U00181,C0014,2025-05-18 17:19:48,4,Sí,Historia
K01191,U00181,C0090,2025-02-15 22:10:33,4,Sí,Actuación
K01192,U00181,C0269,2025-04-16 08:50:29,4,Sí,Historia
K01193,U00181,C0266,2025-07-24 21:03:02,4,Sí,Contenido
K01194,U01229,C0412,2025-08-11 21:48:21,4,Sí,Historia
K01195,U01229,C0184,2025-11-02 17:39:56,4,Sí,Experiencia general
K01196,U00267,C0348,2025-10-17 17:38:31,5,Sí,Calidad técnica
K01197,U00625,C0234,2025-12-23 13:12:22,4,Sí,Actuación
K01198,U00741,C0210,2025-05-05 15:29:15,4,Sí,Calidad técnica
K01199,U01056,C0396,2025-03-02 20:14:48,4,Sí,Contenido
K01200,U01056,C0125,2025-06-18 21:08:46,4,Sí,Historia
K01201,U01194,C0004,2025-12-09 15:17:48,3,No,Experiencia general
K01202,U01408,C0107,2025-10-20 20:40:30,3,No,Experiencia general
K01203,U01408,C0264,2025-08-27 18:14:55,4,Sí,Actuación
K01204,U01408,C0354,2025-08-27 16:45:56,3,No,Actuación
K01205,U01408,C0380,2025-10-18 16:43:17,4,Sí,Experiencia general
K01206,U01408,C0144,2025-09-10 13:58:02,4,Sí,Experiencia general
K01207,U01087,C0113,2025-10-06 17:47:13,4,Sí,Historia
K01208,U00788,C0108,2025-07-26 18:31:31,4,Sí,Experiencia general
K01209,U00788,C0335,2025-07-02 12:43:37,3,No,Contenido
K01210,U00788,C0292,2025-06-08 20:48:43,4,Sí,Contenido
K01211,U00788,C0301,2025-07-27 10:43:07,3,No,Experiencia general
K01212,U00788,C0096,2025-08-03 16:23:41,4,Sí,Contenido
K01213,U00585,C0272,2025-08-07 12:14:48,4,Sí,Contenido
K01214,U00585,C0290,2025-08-19 07:46:56,5,Sí,Contenido
K01215,U00585,C0111,2025-09-25 20:44:45,4,Sí,Experiencia general
K01216,U00585,C0368,2025-09-10 14:05:14,4,Sí,Calidad técnica
K01217,U00054,C0188,2025-08-13 16:26:49,4,Sí,Calidad técnica
K01218,U00054,C0131,2025-06-26 16:36:13,4,Sí,Experiencia general
K01219,U00054,C0229,2025-07-21 21:54:25,4,Sí,Experiencia general
K01220,U00054,C0063,2025-11-07 21:42:22,4,Sí,Actuación
K01221,U01443,C0289,2025-05-16 09:10:47,4,Sí,Calidad técnica
K01222,U00983,C0315,2025-07-18 17:22:01,4,Sí,Experiencia general
K01223,U00983,C0034,2025-05-18 19:15:24,3,No,Experiencia general
K01224,U00983,C0191,2025-08-08 03:46:34,3,No,Contenido
K01225,U00983,C0355,2025-01-05 18:50:05,4,Sí,Actuación
K01226,U00983,C0332,2025-06-25 21:17:43,4,Sí,Calidad técnica
K01227,U00565,C0176,2025-07-08 17:20:29,4,Sí,Contenido
K01228,U00565,C0150,2025-04-08 20:07:07,4,Sí,Historia
K01229,U00565,C0083,2025-11-20 18:59:52,5,Sí,Historia
K01230,U01409,C0352,2025-09-13 19:57:08,4,Sí,Contenido
K01231,U01409,C0278,2025-07-23 17:36:19,4,Sí,Contenido
K01232,U00356,C0086,2025-11-27 23:26:42,3,No,Historia
K01233,U00356,C0420,2025-04-01 15:30:11,4,Sí,Experiencia general
K01234,U00356,C0227,2025-11-23 19:03:01,4,Sí,Historia
K01235,U00356,C0218,2025-10-19 07:17:07,4,Sí,Historia
K01236,U00515,C0261,2025-04-02 19:49:57,4,Sí,Experiencia general
K01237,U00515,C0132,2025-04-23 21:56:28,4,Sí,Contenido
K01238,U00515,C0008,2025-09-24 21:56:07,4,Sí,Historia
K01239,U00515,C0241,2025-08-29 18:15:27,4,Sí,Experiencia general
K01240,U01447,C0161,2025-03-22 13:23:05,4,Sí,Contenido
K01241,U01447,C0057,2025-02-14 07:43:15,4,Sí,Experiencia general
K01242,U00320,C0270,2025-06-14 11:57:55,4,Sí,Historia
K01243,U01294,C0211,2025-11-29 17:58:35,5,Sí,Historia
K01244,U01072,C0395,2025-06-01 13:32:10,4,Sí,Actuación
K01245,U00722,C0085,2025-03-26 20:39:29,3,No,Historia
K01246,U00324,C0119,2025-03-23 07:59:00,5,Sí,Contenido
K01247,U01349,C0237,2025-10-23 20:48:32,4,Sí,Actuación
K01248,U01349,C0154,2025-03-04 20:38:56,4,Sí,Actuación
K01249,U00783,C0230,2025-04-28 11:12:09,3,No,Historia
K01250,U00772,C0061,2025-07-19 18:03:36,4,Sí,Contenido
K01251,U00772,C0088,2025-05-19 20:00:56,5,Sí,Contenido
K01252,U00772,C0401,2025-07-10 15:34:26,4,Sí,Contenido
K01253,U01183,C0384,2025-04-19 22:27:18,4,Sí,Actuación
K01254,U01183,C0256,2025-10-07 03:58:02,4,Sí,Experiencia general
K01255,U01183,C0344,2025-11-14 19:18:42,4,Sí,Experiencia general
K01256,U01183,C0411,2025-07-18 18:56:17,4,Sí,Contenido
K01257,U00781,C0202,2025-04-14 10:00:55,4,Sí,Historia
K01258,U01224,C0268,2025-08-15 14:11:36,3,No,Experiencia general
K01259,U00429,C0220,2025-03-12 11:29:16,4,Sí,Actuación
K01260,U00758,C0401,2025-06-24 18:06:34,4,Sí,Contenido
K01261,U00472,C0225,2025-02-13 17:03:18,3,No,Contenido
K01262,U00472,C0258,2025-02-15 22:05:41,4,Sí,Contenido
K01263,U00472,C0035,2025-08-15 21:34:57,4,Sí,Historia
K01264,U01110,C0071,2025-06-05 12:33:38,4,Sí,Contenido
K01265,U01110,C0091,2025-12-02 08:16:19,4,Sí,Historia
K01266,U00985,C0174,2025-04-07 14:13:19,5,Sí,Historia
K01267,U00985,C0137,2025-03-01 17:43:50,5,Sí,Contenido
K01268,U00985,C0125,2025-04-02 20:30:22,4,Sí,Experiencia general
K01269,U00993,C0048,2025-04-07 18:26:47,4,Sí,Historia
K01270,U01281,C0042,2025-06-10 18:37:08,4,Sí,Actuación
K01271,U01278,C0325,2025-09-21 23:20:27,4,Sí,Calidad técnica
K01272,U00644,C0341,2025-12-15 18:27:20,4,Sí,Historia
K01273,U00644,C0324,2025-09-17 11:22:40,4,Sí,Contenido
K01274,U00644,C0005,2025-10-23 21:18:02,4,Sí,Experiencia general
K01275,U00338,C0039,2025-12-12 05:45:18,4,Sí,Contenido
K01276,U00182,C0030,2025-05-07 18:31:51,4,Sí,Contenido
K01277,U00182,C0071,2025-09-25 22:23:04,4,Sí,Contenido
K01278,U00182,C0246,2025-05-22 20:27:05,4,Sí,Contenido
K01279,U00182,C0282,2025-04-23 22:35:26,4,Sí,Contenido
K01280,U00418,C0241,2025-06-12 15:53:08,4,Sí,Experiencia general
K01281,U00029,C0102,2025-03-01 10:46:02,4,Sí,Contenido
K01282,U00029,C0198,2025-08-01 15:30:15,4,Sí,Experiencia general
K01283,U00029,C0237,2025-04-29 00:10:21,4,Sí,Historia
K01284,U00029,C0310,2025-12-28 18:31:06,5,Sí,Experiencia general
K01285,U00665,C0062,2025-04-17 16:39:27,4,Sí,Historia
K01286,U01108,C0238,2025-02-07 20:33:22,4,Sí,Historia
K01287,U01108,C0143,2025-08-25 21:18:12,3,No,Contenido
K01288,U01108,C0117,2025-06-19 14:52:12,4,Sí,Experiencia general
K01289,U01108,C0218,2025-09-19 20:18:34,4,Sí,Calidad técnica
K01290,U01108,C0394,2025-03-13 21:33:08,4,Sí,Historia
K01291,U00348,C0070,2025-10-02 11:56:38,4,Sí,Experiencia general
K01292,U00348,C0387,2025-09-24 20:09:12,4,Sí,Experiencia general
K01293,U00348,C0099,2025-09-03 16:04:05,3,No,Actuación
K01294,U00714,C0410,2025-01-10 18:12:59,4,Sí,Contenido
K01295,U00714,C0097,2025-04-09 18:31:32,4,Sí,Contenido
K01296,U00733,C0053,2025-05-31 21:35:25,4,Sí,Experiencia general
K01297,U00733,C0265,2025-12-21 23:35:48,4,Sí,Actuación
K01298,U00733,C0214,2025-07-19 22:48:40,4,Sí,Historia
K01299,U00008,C0276,2025-03-16 16:19:53,3,No,Calidad técnica
K01300,U00008,C0010,2025-03-24 16:14:55,4,Sí,Historia
K01301,U00008,C0325,2025-03-05 21:16:04,4,Sí,Historia
K01302,U00476,C0395,2025-12-21 21:42:40,4,Sí,Historia
K01303,U00203,C0416,2025-02-22 21:30:23,4,Sí,Contenido
K01304,U00203,C0299,2025-03-13 23:21:19,4,Sí,Experiencia general
K01305,U00203,C0038,2025-06-12 15:59:58,3,No,Contenido
K01306,U00203,C0235,2025-07-18 22:12:47,4,Sí,Contenido
K01307,U00203,C0004,2025-08-29 20:55:32,4,Sí,Actuación
K01308,U01120,C0079,2025-05-30 10:27:36,4,Sí,Calidad técnica
K01309,U01120,C0400,2025-07-13 12:17:34,5,Sí,Actuación
K01310,U01120,C0242,2025-08-18 11:09:58,4,Sí,Historia
K01311,U00359,C0018,2025-10-22 18:03:41,3,No,Contenido
K01312,U00416,C0117,2025-10-07 01:43:06,4,Sí,Historia
K01313,U00765,C0414,2025-07-06 17:03:49,4,Sí,Contenido
K01314,U00765,C0385,2025-06-22 18:47:35,4,Sí,Experiencia general
K01315,U00366,C0095,2025-08-18 07:44:50,4,Sí,Actuación
K01316,U00366,C0111,2025-05-04 06:05:41,4,Sí,Historia
K01317,U00366,C0096,2025-01-02 22:53:53,4,Sí,Actuación
K01318,U00366,C0409,2025-07-14 12:11:12,4,Sí,Contenido
K01319,U00366,C0244,2025-03-12 16:21:22,4,Sí,Experiencia general
K01320,U00873,C0208,2025-12-11 23:37:19,4,Sí,Calidad técnica
K01321,U00873,C0346,2025-12-31 23:59:59,4,Sí,Experiencia general
K01322,U01099,C0373,2025-08-13 18:08:57,4,Sí,Contenido
K01323,U01099,C0249,2025-04-15 14:31:53,4,Sí,Historia
K01324,U01156,C0312,2025-12-31 23:59:59,4,Sí,Contenido
K01325,U00201,C0403,2025-09-25 17:59:00,4,Sí,Actuación
K01326,U00965,C0169,2025-06-15 21:18:18,4,Sí,Historia
K01327,U00965,C0056,2025-08-23 20:31:41,4,Sí,Contenido
K01328,U00965,C0022,2025-06-25 22:28:35,4,Sí,Contenido
K01329,U00965,C0189,2025-05-31 11:53:12,4,Sí,Historia
K01330,U01407,C0210,2025-06-18 22:10:22,4,Sí,Contenido
K01331,U01094,C0159,2025-03-04 22:40:27,4,Sí,Historia
K01332,U01094,C0034,2025-08-10 05:31:07,4,Sí,Calidad técnica
K01333,U01153,C0285,2025-12-01 21:05:01,4,Sí,Calidad técnica
K01334,U01153,C0260,2025-03-12 22:05:39,5,Sí,Actuación
K01335,U00465,C0046,2025-09-20 22:18:38,4,Sí,Historia
K01336,U00465,C0386,2025-09-27 07:33:29,4,Sí,Contenido
K01337,U01140,C0013,2025-12-08 19:40:58,4,Sí,Contenido
K01338,U01140,C0188,2025-02-04 16:26:31,3,No,Historia
K01339,U01140,C0094,2025-07-15 10:26:46,4,Sí,Experiencia general
K01340,U01140,C0299,2025-07-02 21:37:46,4,Sí,Actuación
K01341,U00636,C0070,2025-10-25 13:34:46,4,Sí,Actuación
K01342,U00636,C0201,2025-04-05 00:58:40,4,Sí,Calidad técnica
K01343,U00647,C0119,2025-12-11 16:16:07,4,Sí,Historia
K01344,U00647,C0375,2025-11-28 14:57:05,4,Sí,Calidad técnica
K01345,U00468,C0348,2025-06-20 19:52:20,4,Sí,Experiencia general
K01346,U00468,C0004,2025-06-02 11:45:11,4,Sí,Contenido
K01347,U01123,C0004,2025-06-25 13:20:43,4,Sí,Actuación
K01348,U01123,C0389,2025-08-04 11:53:15,4,Sí,Experiencia general
K01349,U00555,C0349,2025-03-24 21:11:36,3,No,Calidad técnica
K01350,U00555,C0006,2025-01-21 17:20:02,4,Sí,Contenido
K01351,U00555,C0223,2025-02-12 19:10:12,4,Sí,Historia
K01352,U00555,C0389,2025-03-17 00:35:20,4,Sí,Historia
K01353,U00555,C0211,2025-02-09 19:10:32,4,Sí,Historia
K01354,U01321,C0057,2025-01-04 18:51:26,5,Sí,Actuación
K01355,U01321,C0038,2025-03-19 19:50:29,5,Sí,Actuación
K01356,U00661,C0268,2025-04-07 12:28:29,4,Sí,Contenido
K01357,U00661,C0359,2025-07-11 20:49:49,4,Sí,Historia
K01358,U00661,C0038,2025-01-17 14:01:33,4,Sí,Experiencia general
K01359,U01171,C0341,2025-05-06 12:00:25,4,Sí,Experiencia general
K01360,U01171,C0353,2025-03-10 23:46:29,4,Sí,Actuación
K01361,U00387,C0074,2025-10-27 19:44:35,4,Sí,Contenido
K01362,U00387,C0171,2025-09-14 13:31:37,4,Sí,Actuación
K01363,U00387,C0051,2025-01-12 21:21:43,4,Sí,Actuación
K01364,U00387,C0065,2025-08-11 22:44:13,3,No,Contenido
K01365,U00955,C0218,2025-02-09 18:34:57,4,Sí,Contenido
K01366,U01086,C0069,2025-04-25 19:08:30,4,Sí,Contenido
K01367,U01086,C0267,2025-08-17 23:03:30,3,No,Experiencia general
K01368,U01086,C0299,2025-03-17 19:25:01,4,Sí,Historia
K01369,U01086,C0357,2025-07-30 21:48:15,3,No,Experiencia general
K01370,U00923,C0373,2025-04-06 12:38:56,4,Sí,Experiencia general
K01371,U00923,C0333,2025-09-20 07:50:38,4,Sí,Historia
K01372,U01077,C0379,2025-08-19 19:12:07,4,Sí,Experiencia general
K01373,U00745,C0222,2025-01-08 01:09:31,4,Sí,Contenido
K01374,U00745,C0368,2025-01-11 20:09:23,3,No,Experiencia general
K01375,U00732,C0191,2025-08-13 19:12:13,4,Sí,Historia
K01376,U00541,C0231,2025-11-08 15:50:15,3,No,Historia
K01377,U00541,C0195,2025-03-04 23:27:01,4,Sí,Contenido
K01378,U00541,C0225,2025-10-18 15:13:17,3,No,Experiencia general
K01379,U00541,C0012,2025-03-24 07:19:54,4,Sí,Historia
K01380,U00541,C0218,2025-10-12 19:53:30,3,No,Contenido
K01381,U00943,C0019,2025-08-01 15:22:57,3,No,Contenido
K01382,U00943,C0219,2025-07-02 19:17:27,4,Sí,Experiencia general
K01383,U00943,C0214,2025-07-08 00:05:23,4,Sí,Calidad técnica
K01384,U00943,C0190,2025-07-28 00:41:50,4,Sí,Experiencia general
K01385,U00213,C0305,2025-10-03 14:27:24,4,Sí,Historia
K01386,U00556,C0304,2025-10-05 22:03:50,4,Sí,Actuación
K01387,U00556,C0344,2025-12-16 11:19:14,4,Sí,Contenido
K01388,U00273,C0312,2025-12-03 08:35:04,3,No,Historia
K01389,U00273,C0247,2025-07-05 16:19:21,4,Sí,Contenido
K01390,U01367,C0207,2025-05-11 20:40:09,4,Sí,Historia
K01391,U01367,C0287,2025-03-04 21:12:41,4,Sí,Historia
K01392,U01367,C0314,2025-09-07 19:06:40,5,Sí,Experiencia general
K01393,U00454,C0177,2025-05-18 18:59:07,4,Sí,Experiencia general
K01394,U00454,C0061,2025-06-29 19:44:14,4,Sí,Contenido
K01395,U00454,C0204,2025-03-01 06:53:42,4,Sí,Contenido
K01396,U00454,C0315,2025-06-14 01:19:57,4,Sí,Historia
K01397,U00454,C0027,2025-06-24 19:24:00,4,Sí,Contenido
K01398,U01152,C0308,2025-11-29 14:02:55,4,Sí,Contenido
K01399,U01152,C0248,2025-06-11 21:11:15,4,Sí,Experiencia general
K01400,U01152,C0307,2025-08-04 06:04:52,4,Sí,Calidad técnica
K01401,U01226,C0107,2025-05-27 18:20:09,4,Sí,Calidad técnica
K01402,U01226,C0329,2025-01-26 19:05:35,4,Sí,Actuación
K01403,U01226,C0388,2025-02-16 12:05:06,4,Sí,Contenido
K01404,U01199,C0046,2025-07-04 16:18:21,3,No,Contenido
K01405,U01199,C0384,2025-10-03 06:04:50,5,Sí,Contenido
K01406,U01199,C0304,2025-08-14 21:21:27,3,No,Experiencia general
K01407,U00885,C0253,2025-12-04 15:59:11,4,Sí,Historia
K01408,U01234,C0291,2025-09-23 16:43:06,4,Sí,Historia
K01409,U01234,C0397,2025-10-29 06:50:51,4,Sí,Contenido
K01410,U01234,C0169,2025-12-31 17:41:50,4,Sí,Contenido
K01411,U01275,C0135,2025-12-01 12:47:43,4,Sí,Historia
K01412,U00010,C0346,2025-12-03 07:13:53,4,Sí,Contenido
K01413,U00642,C0237,2025-05-12 21:37:15,4,Sí,Contenido
K01414,U00414,C0238,2025-08-23 22:18:35,4,Sí,Experiencia general
K01415,U00414,C0243,2025-12-06 05:26:33,4,Sí,Contenido
K01416,U00414,C0005,2025-12-19 18:39:44,4,Sí,Historia
K01417,U01074,C0146,2025-04-11 13:24:48,4,Sí,Experiencia general
K01418,U01364,C0376,2025-01-27 18:38:24,5,Sí,Actuación
K01419,U01364,C0107,2025-11-19 20:02:38,4,Sí,Contenido
K01420,U00692,C0077,2025-11-29 18:42:50,4,Sí,Actuación
K01421,U00692,C0184,2025-11-12 18:52:58,5,Sí,Historia
K01422,U00692,C0293,2025-12-21 14:28:56,4,Sí,Historia
K01423,U00692,C0181,2025-08-07 22:15:37,4,Sí,Actuación
K01424,U00244,C0350,2025-12-06 17:46:28,3,No,Historia
K01425,U00244,C0106,2025-11-17 18:28:40,5,Sí,Historia
K01426,U01495,C0374,2025-03-16 10:05:18,5,Sí,Experiencia general
K01427,U01495,C0218,2025-05-25 09:33:07,4,Sí,Experiencia general
K01428,U01495,C0138,2025-02-03 20:21:31,4,Sí,Experiencia general
K01429,U01062,C0308,2025-06-06 12:17:06,3,No,Actuación
K01430,U00548,C0399,2025-04-20 20:59:56,4,Sí,Contenido
K01431,U00548,C0282,2025-05-06 14:19:46,4,Sí,Historia
K01432,U01220,C0037,2025-12-16 10:25:50,4,Sí,Historia
K01433,U00124,C0042,2025-05-30 11:05:22,3,No,Historia
K01434,U00124,C0142,2025-10-11 21:34:35,5,Sí,Historia
K01435,U00243,C0408,2025-02-25 22:58:58,4,Sí,Historia
K01436,U00243,C0117,2025-12-18 19:56:10,4,Sí,Contenido
K01437,U00243,C0247,2025-08-09 21:27:43,4,Sí,Experiencia general
K01438,U00243,C0370,2025-02-11 19:41:06,4,Sí,Historia
K01439,U00452,C0185,2025-03-31 12:18:22,4,Sí,Contenido
K01440,U00452,C0402,2025-04-02 19:26:15,4,Sí,Experiencia general
K01441,U00155,C0329,2025-07-31 15:13:48,4,Sí,Experiencia general
K01442,U00155,C0393,2025-11-12 20:52:01,4,Sí,Experiencia general
K01443,U00155,C0062,2025-12-30 20:07:31,4,Sí,Contenido
K01444,U00289,C0238,2025-05-28 20:42:47,4,Sí,Calidad técnica
K01445,U00289,C0134,2025-12-30 18:16:04,5,Sí,Contenido
K01446,U00672,C0375,2025-12-11 15:42:43,3,No,Experiencia general
K01447,U00672,C0048,2025-11-10 13:58:36,4,Sí,Contenido
K01448,U00672,C0174,2025-11-25 21:52:08,3,No,Calidad técnica
K01449,U00776,C0046,2025-12-03 21:01:05,5,Sí,Contenido
K01450,U00776,C0009,2025-10-09 13:03:46,4,Sí,Experiencia general
K01451,U00776,C0267,2025-07-21 13:16:26,4,Sí,Contenido
K01452,U00122,C0086,2025-06-12 22:44:13,4,Sí,Experiencia general
K01453,U00122,C0273,2025-11-27 07:58:46,4,Sí,Contenido
K01454,U01307,C0163,2025-06-28 21:48:22,4,Sí,Experiencia general
K01455,U01307,C0030,2025-10-24 19:47:33,4,Sí,Experiencia general
K01456,U01307,C0413,2025-09-07 22:08:36,4,Sí,Experiencia general
K01457,U01307,C0373,2025-10-13 23:52:08,3,No,Experiencia general
K01458,U01307,C0173,2025-11-30 19:09:09,4,Sí,Calidad técnica
K01459,U00771,C0018,2025-01-09 08:44:56,4,Sí,Actuación
K01460,U00771,C0377,2025-07-17 11:06:20,3,No,Experiencia general
K01461,U00858,C0401,2025-12-17 19:53:45,4,Sí,Historia
K01462,U00858,C0212,2025-01-07 11:02:52,4,Sí,Experiencia general
K01463,U00858,C0185,2025-11-29 08:06:25,4,Sí,Experiencia general
K01464,U00858,C0167,2025-04-24 21:25:59,4,Sí,Contenido
K01465,U01103,C0395,2025-02-19 18:43:58,5,Sí,Historia
K01466,U00851,C0299,2025-05-30 18:38:38,4,Sí,Contenido
K01467,U01274,C0010,2025-05-14 11:16:45,4,Sí,Historia
K01468,U01274,C0210,2025-06-03 20:32:26,4,Sí,Historia
K01469,U00164,C0065,2025-01-24 16:31:26,5,Sí,Calidad técnica
K01470,U00164,C0091,2025-06-22 13:28:25,5,Sí,Contenido
K01471,U00164,C0042,2025-02-23 21:30:24,4,Sí,Historia
K01472,U00528,C0109,2025-02-16 11:23:38,4,Sí,Historia
K01473,U00528,C0178,2025-07-20 06:41:53,4,Sí,Experiencia general
K01474,U00528,C0373,2025-11-05 20:58:49,4,Sí,Experiencia general
K01475,U00528,C0105,2025-03-20 22:43:39,5,Sí,Contenido
K01476,U00528,C0395,2025-07-05 22:53:48,4,Sí,Historia
K01477,U01018,C0276,2025-08-13 18:40:55,3,No,Experiencia general
K01478,U01018,C0153,2025-10-15 21:45:45,4,Sí,Contenido
K01479,U01018,C0285,2025-08-18 19:27:22,4,Sí,Contenido
K01480,U01018,C0197,2025-07-11 21:39:21,3,No,Historia
K01481,U00167,C0278,2025-05-21 11:52:16,4,Sí,Historia
K01482,U00167,C0260,2025-07-19 03:25:36,4,Sí,Experiencia general
K01483,U01107,C0339,2025-10-14 13:45:31,4,Sí,Experiencia general
K01484,U01107,C0036,2025-10-28 11:15:42,4,Sí,Contenido
K01485,U01107,C0139,2025-11-25 21:03:47,4,Sí,Contenido
K01486,U01107,C0295,2025-12-20 09:33:33,4,Sí,Calidad técnica
K01487,U01107,C0119,2025-11-16 20:17:11,4,Sí,Calidad técnica
K01488,U00207,C0308,2025-09-18 21:23:19,4,Sí,Experiencia general
K01489,U00207,C0365,2025-11-08 21:24:36,5,Sí,Experiencia general
K01490,U00263,C0299,2025-02-24 18:41:29,3,No,Contenido
K01491,U00263,C0357,2025-06-08 21:51:05,4,Sí,Contenido
K01492,U00263,C0306,2025-06-18 21:57:35,5,Sí,Historia
K01493,U00939,C0226,2025-10-02 11:08:05,4,Sí,Experiencia general
K01494,U00939,C0037,2025-04-01 13:37:02,3,No,Experiencia general
K01495,U00939,C0042,2025-09-07 10:14:05,4,Sí,Contenido
K01496,U01468,C0055,2025-07-16 10:57:29,4,Sí,Contenido
K01497,U01192,C0239,2025-08-29 22:01:54,5,Sí,Historia
K01498,U01192,C0193,2025-11-05 10:05:25,3,No,Actuación
K01499,U00852,C0096,2025-01-20 21:25:34,5,Sí,Calidad técnica
K01500,U00852,C0341,2025-03-11 15:18:40,4,Sí,Calidad técnica
K01501,U01302,C0101,2025-08-27 13:45:31,4,Sí,Experiencia general
K01502,U01302,C0239,2025-09-11 11:14:42,4,Sí,Experiencia general
K01503,U00876,C0392,2025-03-02 07:00:51,3,No,Experiencia general
K01504,U00876,C0251,2025-07-27 14:54:13,4,Sí,Contenido
K01505,U00876,C0329,2025-09-04 21:17:06,3,No,Calidad técnica
K01506,U01384,C0001,2025-10-27 23:02:08,4,Sí,Contenido
K01507,U01384,C0154,2025-05-01 20:01:11,4,Sí,Calidad técnica
K01508,U01384,C0074,2025-09-25 21:33:56,4,Sí,Actuación
K01509,U00663,C0202,2025-04-07 23:49:54,4,Sí,Actuación
K01510,U00236,C0111,2025-12-24 14:38:03,4,Sí,Experiencia general
K01511,U00236,C0212,2025-11-19 14:12:40,3,No,Actuación
K01512,U00236,C0024,2025-10-23 14:43:37,5,Sí,Actuación
K01513,U00427,C0290,2025-03-26 14:24:31,4,Sí,Historia
K01514,U00427,C0246,2025-04-13 18:45:49,4,Sí,Experiencia general
K01515,U00163,C0004,2025-10-17 21:22:41,3,No,Contenido
K01516,U00163,C0178,2025-12-06 19:54:44,4,Sí,Historia
K01517,U00163,C0265,2025-12-23 13:26:28,4,Sí,Calidad técnica
K01518,U00536,C0048,2025-08-08 08:38:05,4,Sí,Contenido
K01519,U00536,C0093,2025-09-03 19:18:34,4,Sí,Historia
K01520,U00536,C0225,2025-03-29 19:33:32,5,Sí,Historia
K01521,U00570,C0284,2025-09-29 16:52:25,4,Sí,Historia
K01522,U00142,C0001,2025-11-28 16:41:01,4,Sí,Experiencia general
K01523,U00142,C0226,2025-10-15 09:48:24,4,Sí,Actuación
K01524,U00832,C0141,2025-07-08 15:55:57,4,Sí,Actuación
K01525,U00832,C0129,2025-09-10 07:36:00,4,Sí,Contenido
K01526,U00832,C0384,2025-03-19 23:38:52,4,Sí,Contenido
K01527,U00832,C0171,2025-12-05 21:26:52,3,No,Contenido
K01528,U00832,C0130,2025-07-08 20:01:43,4,Sí,Experiencia general
K01529,U01051,C0324,2025-12-25 21:37:34,3,No,Experiencia general
K01530,U01051,C0417,2025-12-08 21:44:14,4,Sí,Experiencia general
K01531,U00728,C0250,2025-07-24 19:01:33,4,Sí,Contenido
K01532,U00728,C0085,2025-08-21 16:05:20,4,Sí,Contenido
K01533,U00721,C0350,2025-12-14 23:51:35,4,Sí,Experiencia general
K01534,U00721,C0159,2025-12-09 22:24:30,4,Sí,Historia
K01535,U00721,C0076,2025-12-31 23:59:59,4,Sí,Experiencia general
K01536,U01370,C0003,2025-11-06 08:59:36,4,Sí,Calidad técnica
K01537,U01370,C0193,2025-10-28 15:10:00,4,Sí,Actuación
K01538,U00394,C0315,2025-01-13 16:50:48,4,Sí,Historia
K01539,U00394,C0034,2025-01-23 15:36:26,4,Sí,Experiencia general
K01540,U00394,C0275,2025-01-22 17:44:19,4,Sí,Experiencia general
K01541,U01079,C0188,2025-10-20 22:08:07,3,No,Calidad técnica
K01542,U01079,C0389,2025-05-19 21:00:51,4,Sí,Historia
K01543,U01079,C0194,2025-04-10 08:49:06,4,Sí,Contenido
K01544,U01257,C0409,2025-11-07 20:09:05,4,Sí,Experiencia general
K01545,U01257,C0175,2025-11-28 20:25:09,4,Sí,Experiencia general
K01546,U01257,C0246,2025-05-16 14:06:15,4,Sí,Contenido
K01547,U01257,C0103,2025-02-13 13:41:41,4,Sí,Historia
K01548,U01042,C0104,2025-02-17 19:29:30,4,Sí,Experiencia general
K01549,U01042,C0220,2025-11-01 16:13:33,4,Sí,Calidad técnica
K01550,U01042,C0055,2025-12-26 16:24:49,4,Sí,Historia
K01551,U01337,C0105,2025-05-29 19:35:41,4,Sí,Contenido
K01552,U01337,C0281,2025-03-04 21:02:01,3,No,Historia
K01553,U01337,C0102,2025-08-26 20:36:30,4,Sí,Experiencia general
K01554,U01337,C0058,2025-11-20 11:18:37,4,Sí,Experiencia general
K01555,U01337,C0204,2025-06-10 21:06:00,4,Sí,Historia
K01556,U00829,C0174,2025-02-16 20:27:01,4,Sí,Contenido
K01557,U00829,C0414,2025-01-17 16:57:03,3,No,Historia
K01558,U00188,C0249,2025-03-10 16:48:33,4,Sí,Actuación
K01559,U00980,C0301,2025-06-21 15:48:30,3,No,Contenido
K01560,U01180,C0252,2025-09-24 18:33:00,5,Sí,Experiencia general
K01561,U00734,C0243,2025-12-31 23:59:59,4,Sí,Actuación
K01562,U00734,C0008,2025-05-12 21:51:16,5,Sí,Historia
K01563,U00734,C0039,2025-08-02 07:20:48,4,Sí,Historia
K01564,U00715,C0416,2025-06-13 16:30:13,4,Sí,Contenido
K01565,U00715,C0089,2025-09-13 15:36:05,4,Sí,Historia
K01566,U00715,C0256,2025-02-13 22:33:19,4,Sí,Contenido
K01567,U00715,C0065,2025-10-02 14:03:41,4,Sí,Historia
K01568,U00439,C0170,2025-11-14 17:01:58,5,Sí,Calidad técnica
K01569,U00670,C0286,2025-09-05 20:51:28,4,Sí,Historia
K01570,U00670,C0263,2025-10-08 13:11:46,4,Sí,Historia
K01571,U00670,C0186,2025-05-28 15:08:52,4,Sí,Historia
K01572,U00632,C0391,2025-10-27 17:45:16,4,Sí,Contenido
K01573,U00632,C0122,2025-10-05 11:54:27,5,Sí,Historia
K01574,U00690,C0229,2025-12-30 21:19:17,4,Sí,Contenido
K01575,U00690,C0300,2025-05-06 06:40:52,4,Sí,Contenido
K01576,U00908,C0235,2025-01-08 18:12:07,4,Sí,Experiencia general
K01577,U00908,C0384,2025-08-17 22:39:50,4,Sí,Contenido
K01578,U01059,C0327,2025-12-18 11:47:44,5,Sí,Actuación
K01579,U01059,C0066,2025-08-19 17:18:42,5,Sí,Contenido
K01580,U01059,C0064,2025-12-17 18:48:15,4,Sí,Contenido
K01581,U01059,C0340,2025-04-08 19:33:15,4,Sí,Actuación
K01582,U01185,C0101,2025-08-08 20:47:58,4,Sí,Historia
K01583,U00844,C0094,2025-07-12 22:12:16,4,Sí,Contenido
K01584,U00844,C0174,2025-05-25 23:36:37,4,Sí,Historia
K01585,U00844,C0228,2025-11-07 23:00:12,4,Sí,Contenido
K01586,U01494,C0357,2025-11-21 14:26:33,3,No,Contenido
K01587,U01494,C0135,2025-03-31 10:22:51,4,Sí,Experiencia general
K01588,U01494,C0294,2025-11-10 16:19:37,4,Sí,Experiencia general
K01589,U01217,C0255,2025-10-09 21:15:09,4,Sí,Contenido
K01590,U01217,C0034,2025-12-18 16:39:28,3,No,Calidad técnica
K01591,U01217,C0071,2025-06-24 16:03:12,4,Sí,Contenido
K01592,U01217,C0257,2025-12-06 10:50:37,5,Sí,Actuación
K01593,U01217,C0215,2025-02-10 11:11:30,5,Sí,Contenido
K01594,U00584,C0277,2025-02-10 00:19:50,3,No,Contenido
K01595,U01201,C0365,2025-06-19 18:05:15,4,Sí,Contenido
K01596,U01201,C0375,2025-10-29 19:39:55,4,Sí,Experiencia general
K01597,U01201,C0160,2025-05-12 18:46:56,4,Sí,Experiencia general
K01598,U01182,C0371,2025-01-24 22:18:22,3,No,Contenido
K01599,U00764,C0407,2025-04-22 21:52:26,3,No,Historia
K01600,U00044,C0092,2025-12-30 17:31:13,4,Sí,Historia
K01601,U00044,C0196,2025-04-10 20:26:20,4,Sí,Actuación
K01602,U00044,C0247,2025-11-05 17:12:10,5,Sí,Contenido
K01603,U01143,C0363,2025-11-08 17:51:58,5,Sí,Contenido
K01604,U01143,C0360,2025-07-13 20:35:34,4,Sí,Experiencia general
K01605,U01143,C0181,2025-04-10 12:08:16,3,No,Contenido
K01606,U00968,C0140,2025-09-03 17:08:06,4,Sí,Historia
K01607,U00461,C0077,2025-04-28 14:51:05,4,Sí,Contenido
K01608,U00461,C0053,2025-01-08 12:30:35,5,Sí,Historia
K01609,U00461,C0143,2025-02-24 07:10:18,4,Sí,Actuación
K01610,U00795,C0387,2025-02-17 21:56:29,4,Sí,Historia
K01611,U00795,C0420,2025-01-08 17:30:49,3,No,Actuación
K01612,U00795,C0180,2025-01-27 19:13:18,4,Sí,Historia
K01613,U00224,C0301,2025-01-26 13:48:23,4,Sí,Contenido
K01614,U00224,C0259,2025-01-17 21:34:21,4,Sí,Contenido
K01615,U01168,C0350,2025-07-08 07:23:15,4,Sí,Contenido
K01616,U01168,C0036,2025-04-03 14:33:39,5,Sí,Actuación
K01617,U00607,C0148,2025-02-10 21:57:36,5,Sí,Contenido
K01618,U00607,C0018,2025-12-31 23:59:59,4,Sí,Contenido
K01619,U00607,C0368,2025-04-27 19:18:10,3,No,Actuación
K01620,U01113,C0169,2025-08-26 22:10:57,4,Sí,Calidad técnica
K01621,U01113,C0085,2025-09-24 21:41:26,3,No,Contenido
K01622,U01113,C0173,2025-01-16 16:19:13,5,Sí,Experiencia general
K01623,U00250,C0145,2025-10-08 17:56:46,5,Sí,Experiencia general
K01624,U00250,C0402,2025-09-16 07:07:50,4,Sí,Contenido
K01625,U00250,C0189,2025-12-18 18:03:04,4,Sí,Historia
K01626,U00533,C0267,2025-08-28 19:45:23,4,Sí,Historia
K01627,U00117,C0120,2025-11-27 15:48:51,4,Sí,Actuación
K01628,U01211,C0242,2025-04-30 22:28:10,4,Sí,Contenido
K01629,U01211,C0112,2025-09-20 17:47:40,4,Sí,Actuación
K01630,U00802,C0311,2025-11-24 21:48:47,3,No,Experiencia general
K01631,U00802,C0103,2025-11-04 20:47:35,4,Sí,Historia
K01632,U00802,C0157,2025-12-17 22:33:44,4,Sí,Contenido
K01633,U00915,C0260,2025-04-12 08:03:02,4,Sí,Contenido
K01634,U00915,C0189,2025-05-08 20:03:26,4,Sí,Experiencia general
K01635,U00915,C0048,2025-03-28 20:31:43,4,Sí,Historia
K01636,U00915,C0403,2025-05-21 14:31:02,3,No,Experiencia general
K01637,U01203,C0212,2025-09-04 17:04:14,4,Sí,Calidad técnica
K01638,U01203,C0266,2025-05-07 10:34:39,3,No,Contenido
K01639,U00938,C0318,2025-08-17 07:01:08,4,Sí,Actuación
K01640,U00938,C0112,2025-01-07 20:58:21,4,Sí,Calidad técnica
K01641,U00938,C0085,2025-10-08 08:07:56,3,No,Calidad técnica
K01642,U01197,C0241,2025-02-02 07:23:06,4,Sí,Experiencia general
K01643,U01197,C0117,2025-09-22 23:37:20,4,Sí,Historia
K01644,U01197,C0284,2025-11-15 21:58:30,4,Sí,Actuación
K01645,U01197,C0223,2025-11-19 21:43:17,4,Sí,Experiencia general
K01646,U00875,C0318,2025-06-20 23:21:57,3,No,Calidad técnica
K01647,U00875,C0023,2025-04-22 19:05:13,4,Sí,Historia
K01648,U00206,C0200,2025-03-08 19:21:45,4,Sí,Historia
K01649,U00206,C0357,2025-06-27 00:43:31,5,Sí,Historia
K01650,U00206,C0116,2025-02-20 22:06:34,4,Sí,Historia
K01651,U00206,C0094,2025-10-19 22:58:00,3,No,Contenido
K01652,U00206,C0322,2025-02-21 13:16:38,3,No,Contenido
K01653,U00595,C0312,2025-07-07 18:57:09,4,Sí,Experiencia general
K01654,U00595,C0070,2025-07-14 18:19:33,5,Sí,Contenido
K01655,U00595,C0141,2025-01-11 20:25:43,4,Sí,Experiencia general
K01656,U00930,C0322,2025-04-09 21:12:58,4,Sí,Contenido
K01657,U00950,C0415,2025-01-11 10:46:49,5,Sí,Historia
K01658,U00950,C0264,2025-01-21 17:56:30,4,Sí,Actuación
K01659,U00648,C0388,2025-09-02 12:30:16,3,No,Experiencia general
K01660,U01084,C0252,2025-12-04 20:47:39,5,Sí,Historia
K01661,U01084,C0155,2025-10-24 19:59:24,4,Sí,Contenido
K01662,U01084,C0416,2025-11-21 16:25:40,4,Sí,Experiencia general
K01663,U01084,C0325,2025-11-05 07:46:27,4,Sí,Experiencia general
K01664,U01084,C0071,2025-09-18 10:05:24,4,Sí,Historia
K01665,U01317,C0190,2025-12-31 23:59:59,5,Sí,Historia
K01666,U01317,C0030,2025-12-21 20:31:46,4,Sí,Calidad técnica
K01667,U01317,C0141,2025-10-28 15:04:02,3,No,Contenido
K01668,U01317,C0020,2025-11-11 10:39:18,5,Sí,Contenido
K01669,U00534,C0192,2025-02-25 22:16:31,4,Sí,Contenido
K01670,U00534,C0401,2025-05-13 11:30:20,4,Sí,Contenido
K01671,U00492,C0353,2025-12-31 23:59:59,4,Sí,Experiencia general
K01672,U00492,C0412,2025-07-10 07:11:37,3,No,Actuación
K01673,U01391,C0011,2025-09-09 17:24:20,4,Sí,Contenido
K01674,U01272,C0258,2025-04-06 21:54:42,4,Sí,Contenido
K01675,U01272,C0191,2025-03-21 15:37:35,3,No,Historia
K01676,U01272,C0319,2025-02-11 12:35:21,4,Sí,Contenido
K01677,U00523,C0282,2025-01-22 16:13:18,5,Sí,Historia
K01678,U00523,C0072,2025-01-22 11:03:57,4,Sí,Contenido
K01679,U00523,C0275,2025-06-26 22:52:24,4,Sí,Historia
K01680,U01425,C0130,2025-01-09 11:15:50,4,Sí,Actuación
K01681,U01425,C0396,2025-04-23 16:36:41,3,No,Experiencia general
K01682,U00898,C0377,2025-03-21 08:45:15,4,Sí,Experiencia general
K01683,U00898,C0159,2025-05-28 12:03:44,4,Sí,Historia
K01684,U00898,C0170,2025-04-02 18:51:28,3,No,Contenido
K01685,U00898,C0208,2025-12-31 23:59:59,4,Sí,Experiencia general
K01686,U00594,C0241,2025-05-21 17:57:04,4,Sí,Contenido
K01687,U00594,C0023,2025-08-08 22:28:09,4,Sí,Experiencia general
K01688,U00594,C0021,2025-07-17 10:56:46,4,Sí,Contenido
K01689,U00594,C0110,2025-07-25 20:10:56,5,Sí,Actuación
K01690,U00594,C0037,2025-07-16 20:35:51,4,Sí,Contenido
K01691,U01030,C0274,2025-04-15 17:34:43,4,Sí,Experiencia general
K01692,U01228,C0240,2025-10-14 19:35:19,4,Sí,Contenido
K01693,U01472,C0404,2025-06-03 22:03:50,3,No,Historia
K01694,U00285,C0162,2025-04-14 21:07:15,4,Sí,Contenido
K01695,U01161,C0207,2025-10-24 05:29:44,4,Sí,Experiencia general
K01696,U01161,C0396,2025-01-14 14:42:37,4,Sí,Calidad técnica
K01697,U01161,C0187,2025-02-01 22:02:44,4,Sí,Contenido
K01698,U01161,C0377,2025-11-25 13:51:26,4,Sí,Historia
K01699,U00909,C0297,2025-10-05 15:06:22,4,Sí,Historia
K01700,U00909,C0123,2025-10-24 23:57:27,4,Sí,Historia
K01701,U00909,C0276,2025-11-07 21:37:18,4,Sí,Contenido
K01702,U01050,C0073,2025-03-31 13:12:45,4,Sí,Experiencia general
K01703,U01050,C0353,2025-08-31 09:28:54,4,Sí,Historia
K01704,U01050,C0402,2025-03-31 16:02:58,4,Sí,Historia
K01705,U01013,C0257,2025-10-20 15:39:21,4,Sí,Contenido
K01706,U01013,C0351,2025-11-04 21:13:41,4,Sí,Experiencia general
K01707,U00588,C0236,2025-12-26 08:06:40,5,Sí,Historia
K01708,U00588,C0224,2025-12-04 07:48:43,4,Sí,Actuación
K01709,U00588,C0343,2025-12-31 23:59:59,4,Sí,Actuación
K01710,U00147,C0271,2025-04-01 22:56:04,4,Sí,Experiencia general
K01711,U00147,C0409,2025-05-21 20:34:11,4,Sí,Contenido
K01712,U00147,C0048,2025-09-25 21:41:26,3,No,Historia
K01713,U00147,C0239,2025-02-20 10:33:24,4,Sí,Experiencia general
K01714,U01184,C0156,2025-01-25 15:25:17,4,Sí,Historia
K01715,U01184,C0158,2025-06-30 22:23:07,4,Sí,Experiencia general
K01716,U00239,C0118,2025-01-28 18:58:37,4,Sí,Experiencia general
K01717,U00239,C0283,2025-05-28 20:29:24,4,Sí,Calidad técnica
K01718,U00239,C0361,2025-12-20 16:43:50,4,Sí,Actuación
K01719,U00280,C0407,2025-03-06 23:01:46,4,Sí,Contenido
K01720,U00280,C0296,2025-11-28 19:44:11,4,Sí,Historia
K01721,U00445,C0295,2025-09-13 14:47:39,4,Sí,Historia
K01722,U00445,C0109,2025-09-26 16:35:55,4,Sí,Actuación
K01723,U00445,C0310,2025-08-16 17:00:07,4,Sí,Experiencia general
K01724,U01003,C0408,2025-11-13 21:44:58,4,Sí,Contenido
K01725,U00917,C0138,2025-12-21 20:50:11,4,Sí,Contenido
K01726,U00917,C0268,2025-10-13 15:18:07,4,Sí,Contenido
K01727,U00343,C0245,2025-09-11 00:49:54,3,No,Historia
K01728,U00806,C0202,2025-07-09 10:48:38,4,Sí,Experiencia general
K01729,U00806,C0158,2025-07-08 08:47:39,4,Sí,Contenido
K01730,U01144,C0089,2025-08-29 17:17:04,5,Sí,Historia
K01731,U01144,C0295,2025-07-28 23:00:23,4,Sí,Actuación
K01732,U01144,C0402,2025-08-24 20:30:30,3,No,Experiencia general
K01733,U01418,C0006,2025-08-15 22:51:59,4,Sí,Contenido
K01734,U01418,C0036,2025-02-18 20:56:12,4,Sí,Contenido
K01735,U01241,C0283,2025-01-31 22:20:29,4,Sí,Experiencia general
K01736,U01241,C0087,2025-01-14 14:03:36,4,Sí,Contenido
K01737,U00183,C0402,2025-01-28 11:18:13,4,Sí,Experiencia general
K01738,U01002,C0284,2025-05-10 12:16:35,4,Sí,Actuación
K01739,U00649,C0349,2025-07-07 16:24:28,4,Sí,Contenido
K01740,U00989,C0061,2025-06-24 19:42:13,4,Sí,Actuación
K01741,U00989,C0117,2025-11-08 17:44:29,4,Sí,Experiencia general
K01742,U00989,C0172,2025-08-24 17:53:21,3,No,Historia
K01743,U00989,C0198,2025-07-04 06:25:09,3,No,Contenido
K01744,U00767,C0131,2025-08-13 10:44:41,3,No,Historia
K01745,U00767,C0251,2025-09-07 10:18:34,4,Sí,Actuación
K01746,U00767,C0373,2025-02-07 11:17:53,4,Sí,Calidad técnica
K01747,U00509,C0364,2025-12-14 18:18:46,4,Sí,Contenido
K01748,U00509,C0193,2025-06-07 17:46:03,4,Sí,Contenido
K01749,U01490,C0411,2025-04-04 23:33:26,4,Sí,Historia
K01750,U00825,C0216,2025-05-29 22:08:36,5,Sí,Contenido
K01751,U00825,C0096,2025-10-01 21:13:32,5,Sí,Contenido
K01752,U00626,C0344,2025-11-28 22:57:42,3,No,Contenido
K01753,U00626,C0359,2025-10-03 11:54:21,4,Sí,Contenido
K01754,U00626,C0098,2025-10-20 18:37:55,4,Sí,Calidad técnica
K01755,U00220,C0323,2025-10-24 19:36:43,5,Sí,Contenido
K01756,U00220,C0249,2025-07-04 01:49:35,4,Sí,Actuación
K01757,U00220,C0368,2025-10-20 19:20:08,4,Sí,Contenido
K01758,U01340,C0127,2025-09-02 02:54:52,3,No,Experiencia general
K01759,U01340,C0223,2025-02-06 12:19:05,4,Sí,Actuación
K01760,U00045,C0416,2025-01-30 09:44:19,4,Sí,Historia
K01761,U00045,C0185,2025-01-02 08:37:27,4,Sí,Contenido
K01762,U00232,C0332,2025-05-14 20:29:55,4,Sí,Historia
K01763,U01096,C0155,2025-11-21 11:13:03,3,No,Historia
K01764,U01096,C0076,2025-12-17 18:53:38,4,Sí,Contenido
K01765,U00040,C0060,2025-10-04 21:26:06,4,Sí,Calidad técnica
K01766,U00040,C0198,2025-11-11 21:23:32,4,Sí,Experiencia general
K01767,U00040,C0233,2025-10-13 15:49:18,4,Sí,Historia
K01768,U00040,C0185,2025-07-01 20:31:22,4,Sí,Actuación
K01769,U00318,C0119,2025-12-05 15:16:48,5,Sí,Historia
K01770,U00318,C0320,2025-02-19 21:17:09,4,Sí,Experiencia general
K01771,U00550,C0414,2025-07-30 23:35:59,5,Sí,Historia
K01772,U01134,C0048,2025-03-11 21:03:05,4,Sí,Historia
K01773,U00052,C0196,2025-01-29 16:46:10,4,Sí,Historia
K01774,U00052,C0072,2025-09-29 18:15:39,5,Sí,Historia
K01775,U01154,C0346,2025-05-21 19:52:18,4,Sí,Contenido
K01776,U00689,C0100,2025-11-07 21:22:53,4,Sí,Actuación
K01777,U00689,C0412,2025-06-25 23:28:34,4,Sí,Calidad técnica
K01778,U00689,C0102,2025-04-28 21:59:30,5,Sí,Contenido
K01779,U00689,C0218,2025-08-06 08:49:11,4,Sí,Historia
K01780,U01246,C0318,2025-11-05 00:32:17,5,Sí,Contenido
K01781,U01246,C0395,2025-02-21 15:01:36,4,Sí,Experiencia general
K01782,U01438,C0115,2025-10-13 18:55:33,4,Sí,Calidad técnica
K01783,U01438,C0132,2025-10-31 21:30:35,5,Sí,Contenido
K01784,U00149,C0143,2025-02-24 20:11:52,4,Sí,Actuación
K01785,U00149,C0153,2025-03-17 13:23:26,4,Sí,Historia
K01786,U00149,C0047,2025-06-30 15:56:39,3,No,Contenido
K01787,U00149,C0213,2025-05-12 20:41:19,4,Sí,Historia
K01788,U01383,C0028,2025-07-27 09:26:30,3,No,Contenido
K01789,U01383,C0118,2025-08-22 20:56:29,4,Sí,Experiencia general
K01790,U01383,C0133,2025-05-28 15:40:38,4,Sí,Contenido
K01791,U00870,C0147,2025-09-03 16:35:52,4,Sí,Experiencia general
K01792,U00299,C0264,2025-11-21 22:39:12,4,Sí,Contenido
K01793,U00979,C0157,2025-12-02 08:54:13,4,Sí,Calidad técnica
K01794,U00259,C0066,2025-09-09 00:44:10,3,No,Calidad técnica
K01795,U00259,C0127,2025-11-16 22:30:59,4,Sí,Calidad técnica
K01796,U00259,C0280,2025-11-12 00:28:17,5,Sí,Experiencia general
K01797,U01358,C0180,2025-09-23 17:36:36,3,No,Contenido
K01798,U00687,C0271,2025-05-03 19:04:13,4,Sí,Contenido
K01799,U01379,C0110,2025-10-09 21:39:44,4,Sí,Experiencia general
K01800,U00539,C0244,2025-06-21 06:33:59,4,Sí,Contenido
K01801,U00539,C0293,2025-06-29 09:29:51,4,Sí,Historia
K01802,U00539,C0258,2025-07-26 05:33:35,4,Sí,Contenido
K01803,U00539,C0190,2025-08-29 21:10:09,4,Sí,Contenido
K01804,U01414,C0099,2025-12-04 14:04:39,4,Sí,Contenido
K01805,U01414,C0034,2025-12-31 23:59:59,4,Sí,Historia
K01806,U01001,C0146,2025-11-02 02:57:10,4,Sí,Historia
K01807,U01001,C0296,2025-10-11 13:31:38,3,No,Contenido
K01808,U01001,C0348,2025-09-13 19:21:46,5,Sí,Experiencia general
K01809,U01001,C0245,2025-12-28 15:38:32,4,Sí,Calidad técnica
K01810,U00077,C0066,2025-04-21 18:16:34,4,Sí,Contenido
K01811,U00077,C0157,2025-03-07 18:29:43,4,Sí,Historia
K01812,U00879,C0034,2025-02-13 16:55:47,4,Sí,Contenido
K01813,U00879,C0274,2025-01-17 18:20:45,3,No,Experiencia general
K01814,U00879,C0392,2025-01-18 23:20:45,4,Sí,Contenido
K01815,U00879,C0126,2025-02-05 18:42:19,3,No,Historia
K01816,U00096,C0335,2025-10-26 21:28:46,3,No,Historia
K01817,U00096,C0029,2025-06-01 07:15:19,4,Sí,Contenido
K01818,U00096,C0024,2025-09-19 23:15:44,4,Sí,Calidad técnica
K01819,U00364,C0127,2025-10-15 09:11:26,4,Sí,Actuación
K01820,U00364,C0309,2025-10-12 19:47:16,4,Sí,Experiencia general
K01821,U00364,C0420,2025-02-11 14:42:41,4,Sí,Contenido
K01822,U00364,C0114,2025-08-02 17:03:23,4,Sí,Historia
K01823,U00364,C0378,2025-03-22 10:08:20,3,No,Historia
K01824,U01157,C0230,2025-02-25 00:45:00,4,Sí,Experiencia general
K01825,U01157,C0017,2025-03-05 21:00:38,4,Sí,Contenido
K01826,U01157,C0352,2025-01-19 20:11:35,4,Sí,Contenido
K01827,U01157,C0140,2025-03-17 17:39:05,3,No,Experiencia general
K01828,U01040,C0407,2025-01-19 17:17:13,3,No,Experiencia general
K01829,U00700,C0335,2025-11-27 17:53:57,4,Sí,Calidad técnica
K01830,U00700,C0263,2025-10-30 19:58:57,4,Sí,Calidad técnica
K01831,U00311,C0380,2025-12-21 03:43:30,5,Sí,Calidad técnica
K01832,U01419,C0203,2025-10-31 20:09:08,4,Sí,Contenido
K01833,U01419,C0331,2025-10-27 19:02:28,4,Sí,Actuación
K01834,U01419,C0123,2025-04-11 21:58:35,4,Sí,Experiencia general
K01835,U01251,C0335,2025-06-03 08:41:10,3,No,Actuación
K01836,U01251,C0229,2025-05-09 19:15:42,4,Sí,Contenido
K01837,U01251,C0346,2025-07-25 17:48:09,3,No,Historia
K01838,U00322,C0040,2025-11-15 14:10:46,3,No,Historia
K01839,U00322,C0310,2025-11-06 14:48:29,3,No,Calidad técnica
K01840,U00322,C0282,2025-03-10 10:44:53,3,No,Historia
K01841,U01127,C0414,2025-12-15 11:13:56,3,No,Calidad técnica
K01842,U01127,C0400,2025-09-29 18:41:06,4,Sí,Calidad técnica
K01843,U01127,C0012,2025-09-07 21:17:51,4,Sí,Experiencia general
K01844,U01127,C0223,2025-09-23 18:27:27,5,Sí,Calidad técnica
K01845,U01133,C0081,2025-04-07 20:33:47,4,Sí,Calidad técnica
K01846,U00710,C0367,2025-08-30 17:37:33,3,No,Calidad técnica
K01847,U00710,C0339,2025-11-25 09:17:14,3,No,Historia
K01848,U00710,C0076,2025-08-29 22:03:35,4,Sí,Calidad técnica
K01849,U00710,C0135,2025-11-29 21:24:04,4,Sí,Contenido
K01850,U00710,C0046,2025-10-07 16:52:05,4,Sí,Historia
K01851,U00699,C0303,2025-11-03 10:18:22,4,Sí,Actuación
K01852,U00699,C0049,2025-04-24 15:22:15,4,Sí,Contenido
K01853,U00699,C0347,2025-01-14 19:26:13,4,Sí,Historia
K01854,U00699,C0132,2025-05-28 19:56:52,3,No,Contenido
K01855,U00699,C0410,2025-06-07 17:01:13,4,Sí,Experiencia general
K01856,U00255,C0304,2025-03-01 06:54:43,4,Sí,Contenido
K01857,U00255,C0082,2025-01-22 23:37:00,4,Sí,Calidad técnica
K01858,U00255,C0260,2025-01-25 23:08:47,4,Sí,Historia
K01859,U00255,C0255,2025-01-21 20:47:50,4,Sí,Contenido
K01860,U00255,C0396,2025-02-23 11:42:08,5,Sí,Contenido
K01861,U00048,C0383,2025-09-19 18:43:55,5,Sí,Historia
K01862,U00048,C0364,2025-12-01 19:49:58,4,Sí,Actuación
K01863,U00048,C0335,2025-09-13 19:52:50,4,Sí,Historia
K01864,U00048,C0178,2025-09-27 22:34:23,3,No,Actuación
K01865,U01460,C0078,2025-09-20 14:45:06,3,No,Contenido
K01866,U01460,C0290,2025-09-16 16:34:44,4,Sí,Experiencia general
K01867,U01460,C0036,2025-10-03 07:37:17,4,Sí,Contenido
K01868,U01460,C0095,2025-10-31 17:42:29,4,Sí,Experiencia general
K01869,U01460,C0042,2025-08-24 09:18:18,4,Sí,Historia
K01870,U00065,C0060,2025-11-08 23:49:02,5,Sí,Historia
K01871,U00065,C0265,2025-10-10 15:49:34,4,Sí,Calidad técnica
K01872,U01198,C0300,2025-08-22 20:01:06,4,Sí,Historia
K01873,U01198,C0095,2025-10-10 18:26:13,4,Sí,Actuación
K01874,U01198,C0273,2025-11-27 17:11:16,3,No,Experiencia general
K01875,U00991,C0361,2025-06-14 20:14:46,5,Sí,Historia
K01876,U00686,C0055,2025-04-30 08:53:18,4,Sí,Historia
K01877,U00686,C0386,2025-12-06 20:22:50,3,No,Experiencia general
K01878,U00686,C0411,2025-10-25 20:27:01,4,Sí,Historia
K01879,U00686,C0296,2025-10-01 11:24:46,4,Sí,Contenido
K01880,U01014,C0322,2025-05-24 10:33:11,3,No,Actuación
K01881,U00059,C0109,2025-10-31 23:55:09,4,Sí,Historia
K01882,U00059,C0326,2025-08-30 21:23:19,4,Sí,Actuación
K01883,U00059,C0155,2025-07-20 20:05:29,4,Sí,Historia
K01884,U00067,C0274,2025-08-29 22:42:38,4,Sí,Experiencia general
K01885,U00321,C0333,2025-10-15 13:41:44,4,Sí,Historia
K01886,U00321,C0272,2025-06-10 21:22:44,4,Sí,Contenido
K01887,U00725,C0025,2025-10-27 15:15:02,4,Sí,Historia
K01888,U00725,C0318,2025-08-16 21:41:30,4,Sí,Historia
K01889,U01476,C0081,2025-01-22 21:51:59,4,Sí,Experiencia general
K01890,U01476,C0161,2025-03-08 18:02:27,5,Sí,Historia
K01891,U01476,C0258,2025-06-01 19:17:00,4,Sí,Contenido
K01892,U01476,C0189,2025-08-11 12:52:29,3,No,Historia
K01893,U00349,C0294,2025-09-18 14:58:30,4,Sí,Historia
K01894,U00792,C0293,2025-09-19 16:53:41,4,Sí,Actuación
K01895,U00792,C0228,2025-07-07 18:35:03,3,No,Calidad técnica
K01896,U00894,C0224,2025-08-10 16:23:05,3,No,Experiencia general
K01897,U00368,C0182,2025-06-01 20:30:14,3,No,Historia
K01898,U00653,C0058,2025-05-02 20:49:50,4,Sí,Historia
K01899,U00653,C0418,2025-07-13 19:58:26,5,Sí,Calidad técnica
K01900,U01311,C0159,2025-01-23 20:30:00,4,Sí,Historia
K01901,U01311,C0369,2025-05-12 18:15:00,4,Sí,Actuación
K01902,U01311,C0385,2025-06-07 19:09:57,4,Sí,Experiencia general
K01903,U01311,C0188,2025-05-18 21:10:22,3,No,Contenido
K01904,U01481,C0103,2025-10-09 10:06:38,4,Sí,Contenido
K01905,U01481,C0294,2025-04-19 17:41:40,4,Sí,Experiencia general
K01906,U01481,C0254,2025-12-07 20:29:01,4,Sí,Contenido
K01907,U00877,C0061,2025-05-10 20:10:34,3,No,Experiencia general
K01908,U00877,C0299,2025-05-23 10:50:25,4,Sí,Experiencia general
K01909,U00877,C0106,2025-04-20 21:29:38,4,Sí,Contenido
K01910,U00877,C0415,2025-04-14 21:32:26,4,Sí,Historia
K01911,U01458,C0058,2025-10-25 13:27:29,4,Sí,Experiencia general
K01912,U01458,C0088,2025-10-30 14:54:52,3,No,Contenido
K01913,U01458,C0195,2025-10-18 17:32:25,4,Sí,Calidad técnica
K01914,U01458,C0032,2025-11-09 21:27:54,3,No,Calidad técnica
K01915,U01458,C0286,2025-12-08 11:06:40,4,Sí,Historia
K01916,U01178,C0397,2025-01-14 20:07:43,4,Sí,Contenido
K01917,U01178,C0136,2025-05-01 00:58:05,3,No,Contenido
K01918,U01178,C0412,2025-07-26 17:50:17,5,Sí,Historia
K01919,U01178,C0355,2025-04-17 17:16:55,5,Sí,Contenido
K01920,U01178,C0134,2025-07-23 22:47:43,4,Sí,Historia
K01921,U00627,C0201,2025-08-09 20:40:38,4,Sí,Contenido
K01922,U00627,C0235,2025-01-25 16:12:28,4,Sí,Experiencia general
K01923,U00511,C0412,2025-07-01 19:20:14,4,Sí,Experiencia general
K01924,U00840,C0407,2025-11-18 18:11:45,4,Sí,Historia
K01925,U00840,C0210,2025-12-25 11:05:35,5,Sí,Calidad técnica
K01926,U00840,C0227,2025-11-02 20:18:17,4,Sí,Contenido
K01927,U00247,C0272,2025-07-20 16:30:06,4,Sí,Experiencia general
K01928,U00247,C0133,2025-08-20 14:13:53,4,Sí,Contenido
K01929,U00247,C0286,2025-04-03 19:11:27,4,Sí,Contenido
K01930,U00247,C0095,2025-06-20 23:44:40,5,Sí,Historia
K01931,U00240,C0348,2025-12-31 23:59:59,5,Sí,Contenido
K01932,U00240,C0181,2025-09-12 20:03:25,5,Sí,Historia
K01933,U00240,C0108,2025-03-16 02:33:17,3,No,Historia
K01934,U00240,C0219,2025-12-07 23:45:23,4,Sí,Calidad técnica
K01935,U00780,C0090,2025-02-13 08:31:06,5,Sí,Experiencia general
K01936,U00419,C0094,2025-11-25 11:16:54,4,Sí,Actuación
K01937,U00419,C0040,2025-06-22 04:39:06,3,No,Experiencia general
K01938,U00419,C0001,2025-09-26 07:17:42,4,Sí,Experiencia general
K01939,U00419,C0032,2025-09-06 21:08:21,4,Sí,Historia
K01940,U00440,C0379,2025-04-05 13:37:25,4,Sí,Actuación
K01941,U00440,C0028,2025-01-30 18:36:15,3,No,Contenido
K01942,U00744,C0180,2025-06-06 19:02:08,3,No,Contenido
K01943,U00744,C0309,2025-11-24 21:17:47,4,Sí,Actuación
K01944,U01497,C0415,2025-11-23 21:03:45,3,No,Actuación
K01945,U01415,C0322,2025-11-01 18:52:22,3,No,Historia
K01946,U01415,C0305,2025-07-11 17:39:22,4,Sí,Historia
K01947,U01415,C0162,2025-01-20 14:32:06,4,Sí,Actuación
K01948,U01415,C0032,2025-07-18 21:17:21,4,Sí,Contenido
K01949,U01415,C0267,2025-02-14 14:45:35,4,Sí,Historia
K01950,U00123,C0062,2025-02-07 21:40:29,4,Sí,Historia
K01951,U00123,C0107,2025-04-30 19:48:00,4,Sí,Contenido
K01952,U00123,C0242,2025-02-01 08:22:33,5,Sí,Historia
K01953,U00123,C0259,2025-04-19 16:51:37,5,Sí,Contenido
K01954,U00527,C0211,2025-08-18 16:53:47,4,Sí,Historia
K01955,U00527,C0119,2025-04-10 22:24:38,4,Sí,Contenido
K01956,U01017,C0328,2025-05-27 20:56:46,4,Sí,Calidad técnica
K01957,U01017,C0065,2025-02-13 11:29:59,4,Sí,Historia
K01958,U01259,C0357,2025-01-09 09:24:11,3,No,Contenido
K01959,U01259,C0164,2025-03-24 00:12:41,4,Sí,Historia
K01960,U00945,C0392,2025-08-20 10:44:20,4,Sí,Actuación
K01961,U00945,C0243,2025-11-10 08:23:05,4,Sí,Contenido
K01962,U00945,C0110,2025-09-26 09:33:22,5,Sí,Historia
K01963,U00945,C0021,2025-08-20 20:30:33,5,Sí,Contenido
K01964,U01025,C0311,2025-07-01 15:26:57,4,Sí,Actuación
K01965,U01025,C0160,2025-11-12 16:28:52,4,Sí,Actuación
K01966,U01025,C0351,2025-10-15 19:51:22,4,Sí,Experiencia general
K01967,U00978,C0335,2025-07-18 06:54:30,4,Sí,Historia
K01968,U00978,C0238,2025-04-23 09:01:16,4,Sí,Contenido
K01969,U00942,C0265,2025-09-21 19:41:11,3,No,Contenido
K01970,U00942,C0411,2025-12-16 10:03:06,4,Sí,Calidad técnica
K01971,U00942,C0130,2025-04-09 16:32:09,4,Sí,Historia
K01972,U01236,C0276,2025-10-10 21:48:30,3,No,Historia
K01973,U01236,C0244,2025-06-15 18:29:24,5,Sí,Calidad técnica
K01974,U01236,C0192,2025-07-26 22:56:24,4,Sí,Contenido
K01975,U01236,C0375,2025-12-25 18:56:45,4,Sí,Contenido
K01976,U01236,C0005,2025-04-30 13:40:27,4,Sí,Historia
K01977,U01387,C0006,2025-08-12 18:56:24,3,No,Experiencia general
K01978,U01387,C0189,2025-11-10 23:04:35,4,Sí,Contenido
K01979,U00624,C0286,2025-04-18 09:00:50,4,Sí,Contenido
K01980,U00624,C0205,2025-03-30 20:05:00,3,No,Actuación
K01981,U01295,C0404,2025-03-08 02:31:21,3,No,Actuación
K01982,U01295,C0413,2025-04-06 18:43:31,4,Sí,Experiencia general
K01983,U01089,C0096,2025-02-10 22:33:11,3,No,Historia
K01984,U01089,C0359,2025-12-27 10:23:38,4,Sí,Contenido
K01985,U01089,C0230,2025-08-20 20:35:59,3,No,Actuación
K01986,U01122,C0083,2025-06-09 18:03:14,4,Sí,Historia
K01987,U01122,C0393,2025-08-23 08:57:54,4,Sí,Contenido
K01988,U01335,C0051,2025-01-25 14:16:33,4,Sí,Experiencia general
K01989,U01335,C0338,2025-07-23 22:53:49,4,Sí,Historia
K01990,U01335,C0141,2025-03-25 09:03:09,4,Sí,Contenido
K01991,U01335,C0123,2025-04-18 08:04:30,4,Sí,Actuación
K01992,U01020,C0333,2025-06-11 20:22:16,4,Sí,Contenido
K01993,U01020,C0414,2025-06-12 19:13:15,4,Sí,Contenido
K01994,U01020,C0301,2025-08-30 12:52:42,4,Sí,Historia
K01995,U00310,C0292,2025-01-26 20:01:59,5,Sí,Experiencia general
K01996,U00291,C0151,2025-08-05 17:58:40,3,No,Calidad técnica
K01997,U00291,C0011,2025-12-31 23:59:59,3,No,Historia
K01998,U00291,C0338,2025-12-03 22:10:00,4,Sí,Historia
K01999,U00158,C0296,2025-05-16 20:38:39,4,Sí,Experiencia general
K02000,U00158,C0015,2025-02-07 08:28:23,4,Sí,Actuación
K02001,U01437,C0030,2025-07-10 21:33:24,4,Sí,Calidad técnica
K02002,U01437,C0110,2025-07-05 20:37:26,4,Sí,Experiencia general
K02003,U01437,C0306,2025-05-08 17:42:59,4,Sí,Historia
K02004,U01437,C0036,2025-05-26 10:31:17,4,Sí,Contenido
K02005,U00895,C0197,2025-06-03 20:24:31,4,Sí,Historia
K02006,U00697,C0011,2025-11-03 21:52:13,4,Sí,Historia
K02007,U00691,C0203,2025-12-26 19:16:26,4,Sí,Contenido
K02008,U00691,C0029,2025-12-28 20:37:29,4,Sí,Calidad técnica
K02009,U00433,C0369,2025-05-30 00:41:13,4,Sí,Experiencia general
K02010,U01346,C0308,2025-03-08 16:50:44,4,Sí,Contenido
K02011,U01346,C0032,2025-11-25 11:22:02,3,No,Historia
K02012,U01346,C0255,2025-08-13 11:28:59,5,Sí,Contenido
K02013,U01088,C0371,2025-10-27 16:53:20,4,Sí,Historia
K02014,U01088,C0319,2025-11-08 19:52:55,3,No,Experiencia general
K02015,U01088,C0167,2025-11-08 04:37:46,4,Sí,Actuación
K02016,U01088,C0184,2025-11-11 20:48:03,4,Sí,Actuación
K02017,U01088,C0250,2025-12-22 20:13:19,4,Sí,Experiencia general
K02018,U00018,C0261,2025-04-11 21:16:02,5,Sí,Actuación
K02019,U00018,C0262,2025-05-02 16:40:06,4,Sí,Historia
K02020,U01188,C0060,2025-07-15 19:21:24,4,Sí,Contenido
K02021,U01188,C0369,2025-12-06 20:39:32,3,No,Experiencia general
K02022,U00358,C0231,2025-02-24 06:38:43,4,Sí,Experiencia general
K02023,U00358,C0243,2025-01-14 10:34:58,4,Sí,Experiencia general
K02024,U00457,C0144,2025-08-21 22:01:36,3,No,Calidad técnica
K02025,U00457,C0049,2025-09-25 18:33:28,4,Sí,Calidad técnica
K02026,U00457,C0183,2025-09-16 23:45:42,4,Sí,Calidad técnica
K02027,U00770,C0311,2025-07-09 21:08:38,4,Sí,Contenido
K02028,U01060,C0097,2025-08-10 16:02:25,4,Sí,Historia
K02029,U01060,C0009,2025-08-18 16:20:11,4,Sí,Contenido
K02030,U01060,C0294,2025-08-04 22:47:28,4,Sí,Actuación
K02031,U00260,C0237,2025-08-19 23:22:02,5,Sí,Experiencia general
K02032,U00260,C0243,2025-12-22 09:02:58,3,No,Contenido
K02033,U00260,C0337,2025-03-29 18:34:21,3,No,Experiencia general
K02034,U01033,C0370,2025-08-19 15:12:24,4,Sí,Actuación
K02035,U01033,C0339,2025-08-26 22:58:35,4,Sí,Historia
K02036,U00601,C0253,2025-06-02 20:36:17,4,Sí,Actuación
K02037,U00601,C0208,2025-07-09 11:45:42,4,Sí,Actuación
K02038,U00601,C0327,2025-07-07 20:27:21,5,Sí,Actuación
K02039,U00354,C0287,2025-03-21 14:09:31,4,Sí,Historia
K02040,U00354,C0416,2025-10-26 19:30:36,3,No,Historia
K02041,U00354,C0002,2025-09-09 20:26:46,4,Sí,Contenido
K02042,U00354,C0369,2025-06-24 20:31:21,4,Sí,Contenido
K02043,U00354,C0155,2025-11-22 12:44:55,3,No,Contenido
K02044,U01382,C0118,2025-11-17 20:27:41,4,Sí,Calidad técnica
K02045,U01382,C0329,2025-12-31 23:59:59,3,No,Contenido
K02046,U01382,C0380,2025-04-06 15:43:43,4,Sí,Contenido
K02047,U01382,C0238,2025-01-18 12:26:03,4,Sí,Historia
K02048,U01354,C0327,2025-07-23 15:30:14,5,Sí,Historia
K02049,U01354,C0281,2025-05-26 22:52:12,4,Sí,Contenido
K02050,U01354,C0290,2025-12-08 11:02:58,4,Sí,Experiencia general
K02051,U01354,C0051,2025-06-09 20:48:48,5,Sí,Actuación
K02052,U01493,C0168,2025-01-07 22:10:44,4,Sí,Historia
K02053,U00766,C0025,2025-10-25 11:38:28,4,Sí,Contenido
K02054,U00766,C0134,2025-11-12 21:00:48,4,Sí,Calidad técnica
K02055,U00766,C0304,2025-11-21 21:23:36,3,No,Historia
K02056,U00766,C0038,2025-10-28 04:46:25,4,Sí,Contenido
K02057,U00766,C0082,2025-10-24 19:54:49,3,No,Actuación
K02058,U00397,C0348,2025-07-05 08:11:14,4,Sí,Calidad técnica
K02059,U01141,C0093,2025-04-18 20:28:08,4,Sí,Actuación
K02060,U01141,C0193,2025-04-05 11:08:04,4,Sí,Contenido
K02061,U01141,C0303,2025-04-17 15:40:19,5,Sí,Actuación
K02062,U01141,C0293,2025-12-15 21:36:18,4,Sí,Calidad técnica
K02063,U00567,C0054,2025-03-13 18:34:10,4,Sí,Contenido
K02064,U00567,C0287,2025-05-05 16:45:38,3,No,Historia
K02065,U01421,C0307,2025-10-19 06:30:41,4,Sí,Contenido
K02066,U01421,C0271,2025-02-07 18:05:38,4,Sí,Historia
K02067,U01421,C0050,2025-06-27 17:56:16,4,Sí,Historia
K02068,U00724,C0413,2025-05-01 13:41:58,4,Sí,Actuación
K02069,U00724,C0360,2025-06-22 18:48:52,5,Sí,Contenido
K02070,U00610,C0327,2025-01-18 18:41:01,4,Sí,Calidad técnica
K02071,U00049,C0003,2025-03-16 09:14:24,4,Sí,Contenido
K02072,U00510,C0284,2025-07-26 18:11:26,4,Sí,Historia
K02073,U00510,C0044,2025-05-20 21:58:33,5,Sí,Actuación
K02074,U00189,C0223,2025-10-25 20:41:35,4,Sí,Actuación
K02075,U00346,C0086,2025-05-03 18:52:49,4,Sí,Contenido
K02076,U01313,C0330,2025-12-16 13:22:54,4,Sí,Experiencia general
K02077,U01313,C0132,2025-03-02 19:38:05,4,Sí,Contenido
K02078,U01313,C0105,2025-01-09 21:58:00,4,Sí,Calidad técnica
K02079,U00130,C0374,2025-07-18 22:39:54,4,Sí,Contenido
K02080,U01314,C0281,2025-01-10 17:33:45,4,Sí,Experiencia general
K02081,U01314,C0118,2025-01-07 06:33:49,4,Sí,Contenido
K02082,U00298,C0227,2025-07-25 19:17:24,4,Sí,Historia
K02083,U00298,C0295,2025-06-06 11:46:47,3,No,Experiencia general
K02084,U00998,C0019,2025-11-03 19:50:20,3,No,Experiencia general
K02085,U00998,C0353,2025-12-31 23:59:59,5,Sí,Historia
K02086,U00998,C0326,2025-10-16 09:21:19,4,Sí,Experiencia general
K02087,U00998,C0334,2025-04-14 23:25:28,4,Sí,Experiencia general
K02088,U00043,C0053,2025-10-08 21:16:53,4,Sí,Experiencia general
K02089,U00118,C0075,2025-08-03 10:51:19,4,Sí,Contenido
K02090,U00590,C0132,2025-12-18 21:22:06,4,Sí,Historia
K02091,U00590,C0372,2025-11-03 15:37:31,4,Sí,Contenido
K02092,U00590,C0334,2025-10-05 16:51:20,3,No,Contenido
K02093,U00190,C0127,2025-08-14 13:48:31,4,Sí,Actuación
K02094,U00190,C0123,2025-08-11 09:18:44,5,Sí,Actuación
K02095,U00711,C0409,2025-12-10 13:39:43,4,Sí,Experiencia general
K02096,U00711,C0156,2025-06-23 16:49:29,3,No,Contenido
K02097,U00711,C0387,2025-06-27 18:20:57,5,Sí,Calidad técnica
K02098,U00711,C0130,2025-10-13 14:41:31,4,Sí,Contenido
K02099,U00711,C0205,2025-12-09 18:21:13,4,Sí,Actuación
K02100,U01155,C0147,2025-04-18 16:15:33,4,Sí,Experiencia general
K02101,U01155,C0167,2025-04-14 21:58:43,4,Sí,Actuación
K02102,U01155,C0208,2025-09-14 21:45:00,4,Sí,Contenido
K02103,U01155,C0241,2025-10-18 20:26:23,3,No,Actuación
K02104,U00910,C0072,2025-09-14 21:59:45,4,Sí,Contenido
K02105,U00990,C0402,2025-11-21 21:01:49,4,Sí,Contenido
K02106,U01250,C0304,2025-02-09 21:10:29,4,Sí,Historia
K02107,U01250,C0151,2025-08-06 07:33:31,4,Sí,Historia
K02108,U01250,C0188,2025-01-15 18:44:44,4,Sí,Calidad técnica
K02109,U01250,C0212,2025-02-27 22:09:04,4,Sí,Experiencia general
K02110,U00437,C0343,2025-03-04 22:04:04,4,Sí,Contenido
K02111,U00437,C0111,2025-05-20 12:09:36,4,Sí,Contenido
K02112,U00437,C0374,2025-05-06 14:51:37,5,Sí,Historia
K02113,U00215,C0357,2025-08-24 21:42:22,4,Sí,Calidad técnica
K02114,U00639,C0329,2025-11-25 17:27:58,4,Sí,Experiencia general
K02115,U00639,C0184,2025-05-21 21:44:18,5,Sí,Historia
K02116,U00731,C0337,2025-04-15 11:48:54,3,No,Contenido
K02117,U00731,C0412,2025-05-13 14:38:30,4,Sí,Contenido
K02118,U00731,C0161,2025-12-19 20:20:30,4,Sí,Actuación
K02119,U00731,C0074,2025-08-06 23:32:41,4,Sí,Experiencia general
K02120,U00135,C0186,2025-09-17 17:14:37,4,Sí,Contenido
K02121,U00137,C0305,2025-10-12 03:20:00,4,Sí,Actuación
K02122,U00137,C0098,2025-09-04 20:12:22,4,Sí,Actuación
K02123,U00137,C0028,2025-09-21 18:31:39,4,Sí,Contenido
K02124,U00821,C0366,2025-01-30 17:47:02,4,Sí,Historia
K02125,U01411,C0381,2025-12-31 23:59:59,4,Sí,Actuación
K02126,U01411,C0202,2025-03-19 23:03:31,4,Sí,Experiencia general
K02127,U01411,C0388,2025-01-13 16:10:31,4,Sí,Experiencia general
K02128,U00773,C0008,2025-01-12 20:41:46,4,Sí,Experiencia general
K02129,U00773,C0405,2025-01-15 14:49:45,4,Sí,Contenido
K02130,U00888,C0361,2025-10-07 20:24:33,4,Sí,Historia
K02131,U01416,C0219,2025-10-01 22:41:44,3,No,Experiencia general
K02132,U01239,C0388,2025-09-15 18:48:06,4,Sí,Historia
K02133,U01239,C0052,2025-07-28 21:38:21,4,Sí,Calidad técnica
K02134,U00451,C0025,2025-01-06 21:49:00,5,Sí,Contenido
K02135,U00451,C0205,2025-10-06 08:43:14,4,Sí,Actuación
K02136,U00451,C0113,2025-04-18 13:31:20,3,No,Experiencia general
K02137,U00024,C0179,2025-07-04 18:23:10,3,No,Contenido
K02138,U00024,C0205,2025-08-10 16:57:07,4,Sí,Experiencia general
K02139,U00036,C0014,2025-01-06 15:13:30,3,No,Historia
K02140,U00493,C0058,2025-02-06 15:27:29,4,Sí,Actuación
K02141,U01284,C0405,2025-10-12 19:31:17,4,Sí,Historia
K02142,U01284,C0174,2025-03-07 21:52:12,4,Sí,Historia
K02143,U01284,C0158,2025-05-19 20:57:24,4,Sí,Experiencia general
K02144,U01284,C0082,2025-07-17 13:42:33,4,Sí,Contenido
K02145,U01373,C0085,2025-06-29 21:18:36,4,Sí,Experiencia general
K02146,U01373,C0299,2025-05-06 19:37:26,4,Sí,Actuación
K02147,U01373,C0420,2025-03-16 17:57:12,4,Sí,Experiencia general
K02148,U00963,C0064,2025-12-04 18:44:43,5,Sí,Calidad técnica
K02149,U00963,C0272,2025-02-24 15:18:30,4,Sí,Contenido
K02150,U00963,C0214,2025-10-04 00:25:36,4,Sí,Historia
K02151,U00963,C0001,2025-02-22 05:26:21,4,Sí,Historia
K02152,U00286,C0304,2025-11-16 21:24:13,4,Sí,Historia
K02153,U00549,C0329,2025-04-30 16:34:58,4,Sí,Experiencia general
K02154,U00549,C0062,2025-09-10 18:46:01,4,Sí,Actuación
K02155,U00041,C0333,2025-02-28 15:25:21,4,Sí,Experiencia general
K02156,U00041,C0374,2025-10-21 12:07:52,4,Sí,Actuación
K02157,U00041,C0394,2025-03-28 10:12:06,3,No,Historia
K02158,U01147,C0204,2025-12-24 10:54:25,4,Sí,Actuación
K02159,U00629,C0017,2025-05-13 15:02:04,4,Sí,Actuación
K02160,U00629,C0242,2025-09-08 15:14:41,4,Sí,Historia
K02161,U01170,C0305,2025-10-04 20:02:44,3,No,Historia
K02162,U01170,C0249,2025-08-11 02:04:46,4,Sí,Experiencia general
K02163,U01170,C0246,2025-06-19 14:36:26,4,Sí,Historia
K02164,U01170,C0397,2025-02-12 18:47:01,5,Sí,Historia
K02165,U00089,C0327,2025-05-25 20:28:57,4,Sí,Contenido
K02166,U00089,C0339,2025-10-15 09:23:06,4,Sí,Historia
K02167,U00089,C0374,2025-11-29 18:40:10,4,Sí,Historia
K02168,U00089,C0268,2025-11-14 02:40:06,4,Sí,Historia
K02169,U00089,C0337,2025-09-14 20:34:56,4,Sí,Contenido
K02170,U00039,C0196,2025-02-26 23:01:55,4,Sí,Historia
K02171,U00039,C0235,2025-07-08 13:19:41,4,Sí,Calidad técnica
K02172,U00039,C0161,2025-01-28 12:07:38,5,Sí,Calidad técnica
K02173,U00039,C0095,2025-02-10 21:22:44,5,Sí,Experiencia general
K02174,U01225,C0125,2025-10-19 11:30:50,4,Sí,Contenido
K02175,U00091,C0293,2025-01-15 22:30:12,4,Sí,Contenido
K02176,U00091,C0312,2025-12-31 23:59:59,4,Sí,Contenido
K02177,U01365,C0366,2025-12-26 19:12:05,5,Sí,Experiencia general
K02178,U00656,C0009,2025-07-10 13:40:09,4,Sí,Experiencia general
K02179,U00656,C0196,2025-05-10 14:13:47,5,Sí,Contenido
K02180,U00656,C0074,2025-02-11 11:42:16,4,Sí,Historia
K02181,U00656,C0195,2025-12-01 19:23:13,5,Sí,Historia
K02182,U00656,C0092,2025-05-30 19:19:04,4,Sí,Contenido
K02183,U01285,C0295,2025-06-15 22:54:09,3,No,Contenido
K02184,U01285,C0208,2025-12-03 21:41:39,5,Sí,Actuación
K02185,U01285,C0344,2025-12-30 00:27:59,4,Sí,Actuación
K02186,U00090,C0143,2025-04-03 13:06:17,4,Sí,Historia
K02187,U01263,C0078,2025-02-16 19:12:13,3,No,Actuación
K02188,U01263,C0203,2025-05-26 18:29:00,4,Sí,Historia
K02189,U01263,C0280,2025-10-10 21:11:37,5,Sí,Contenido
K02190,U01263,C0291,2025-04-07 14:35:53,4,Sí,Contenido
K02191,U00171,C0030,2025-05-18 20:53:09,4,Sí,Historia
K02192,U00171,C0307,2025-05-09 11:49:15,3,No,Contenido
K02193,U00171,C0091,2025-10-18 18:45:10,4,Sí,Calidad técnica
K02194,U00171,C0407,2025-05-09 15:30:31,5,Sí,Historia
K02195,U00171,C0109,2025-10-08 17:08:01,4,Sí,Actuación
K02196,U00193,C0149,2025-06-06 20:34:29,4,Sí,Experiencia general
K02197,U00564,C0048,2025-06-02 11:41:10,3,No,Historia
K02198,U00564,C0338,2025-08-08 17:54:01,4,Sí,Actuación
K02199,U00564,C0325,2025-05-18 02:00:05,4,Sí,Contenido
K02200,U00815,C0079,2025-06-09 16:35:33,4,Sí,Contenido
K02201,U00815,C0330,2025-08-14 20:57:16,5,Sí,Calidad técnica
K02202,U00815,C0026,2025-03-22 14:19:10,4,Sí,Contenido
K02203,U00815,C0376,2025-12-01 19:49:23,4,Sí,Contenido
K02204,U00815,C0408,2025-01-30 19:09:53,4,Sí,Experiencia general
K02205,U00082,C0033,2025-09-30 20:06:00,4,Sí,Experiencia general
K02206,U00331,C0377,2025-09-27 04:51:41,5,Sí,Experiencia general
K02207,U00331,C0307,2025-10-14 15:29:19,4,Sí,Contenido
K02208,U00464,C0023,2025-01-30 14:53:25,3,No,Experiencia general
K02209,U00464,C0076,2025-09-05 19:45:13,5,Sí,Contenido
K02210,U00464,C0081,2025-05-05 22:23:09,4,Sí,Historia
K02211,U00464,C0247,2025-04-04 14:21:30,4,Sí,Contenido
K02212,U00482,C0166,2025-10-06 13:50:29,4,Sí,Actuación
K02213,U00482,C0349,2025-04-27 22:56:03,4,Sí,Historia
K02214,U00482,C0320,2025-01-03 19:19:29,4,Sí,Contenido
K02215,U01304,C0405,2025-10-17 15:28:38,4,Sí,Contenido
K02216,U01304,C0281,2025-11-29 20:03:35,3,No,Historia
K02217,U01304,C0410,2025-11-14 20:16:56,4,Sí,Contenido
K02218,U00141,C0029,2025-07-09 20:46:20,5,Sí,Historia
K02219,U00483,C0085,2025-07-30 16:24:09,4,Sí,Historia
K02220,U00483,C0320,2025-03-24 19:02:50,4,Sí,Contenido
K02221,U00483,C0301,2025-03-03 21:38:30,4,Sí,Contenido
K02222,U00428,C0156,2025-01-31 07:50:15,4,Sí,Contenido
K02223,U00428,C0245,2025-06-28 10:01:09,4,Sí,Contenido
K02224,U00428,C0089,2025-04-12 22:12:33,4,Sí,Actuación
K02225,U00428,C0035,2025-05-22 22:52:52,4,Sí,Historia
K02226,U00503,C0296,2025-01-24 20:11:28,4,Sí,Historia
K02227,U01071,C0115,2025-08-18 20:18:43,4,Sí,Experiencia general
K02228,U01071,C0369,2025-11-10 02:22:48,4,Sí,Experiencia general
K02229,U01071,C0405,2025-08-03 16:13:47,4,Sí,Contenido
K02230,U01071,C0184,2025-11-01 21:20:08,4,Sí,Contenido
K02231,U01071,C0237,2025-11-25 02:50:49,4,Sí,Experiencia general
K02232,U00395,C0027,2025-01-25 22:54:04,3,No,Experiencia general
K02233,U00395,C0258,2025-02-14 20:18:57,4,Sí,Contenido
K02234,U00395,C0199,2025-03-07 16:05:15,5,Sí,Experiencia general
K02235,U00395,C0128,2025-01-09 17:57:45,4,Sí,Contenido
K02236,U00786,C0208,2025-12-11 14:04:22,4,Sí,Actuación
K02237,U00786,C0079,2025-11-02 23:54:21,4,Sí,Calidad técnica
K02238,U00786,C0176,2025-08-23 21:19:10,4,Sí,Contenido
K02239,U00786,C0010,2025-09-21 01:01:53,4,Sí,Calidad técnica
K02240,U01400,C0316,2025-08-27 07:40:38,4,Sí,Historia
K02241,U01400,C0419,2025-12-19 21:22:37,4,Sí,Historia
K02242,U01444,C0354,2025-09-21 13:34:32,3,No,Calidad técnica
K02243,U01444,C0034,2025-01-25 21:59:12,4,Sí,Historia
K02244,U01360,C0377,2025-01-28 07:50:33,4,Sí,Historia
K02245,U00032,C0311,2025-11-20 23:21:38,3,No,Contenido
K02246,U00332,C0056,2025-03-27 17:54:11,3,No,Contenido
K02247,U00332,C0224,2025-06-17 13:05:57,4,Sí,Calidad técnica
K02248,U00332,C0390,2025-09-04 23:16:48,4,Sí,Experiencia general
K02249,U00602,C0148,2025-09-23 20:20:47,5,Sí,Historia
K02250,U00602,C0020,2025-09-29 23:48:07,5,Sí,Historia
K02251,U00602,C0211,2025-10-25 21:46:50,4,Sí,Contenido
K02252,U00602,C0139,2025-10-29 15:18:38,4,Sí,Historia
K02253,U00055,C0032,2025-11-27 20:17:10,3,No,Experiencia general
K02254,U00055,C0071,2025-11-14 18:10:34,4,Sí,Historia
K02255,U00308,C0016,2025-08-25 21:31:57,4,Sí,Contenido
K02256,U00308,C0225,2025-02-15 16:28:08,4,Sí,Calidad técnica
K02257,U00778,C0299,2025-12-01 18:06:55,4,Sí,Historia
K02258,U00778,C0259,2025-10-04 09:12:34,4,Sí,Experiencia general
K02259,U00778,C0093,2025-11-13 18:29:11,3,No,Historia
K02260,U00778,C0380,2025-09-07 15:11:09,4,Sí,Experiencia general
K02261,U00317,C0043,2025-12-14 16:40:00,4,Sí,Historia
K02262,U01218,C0269,2025-05-27 18:48:23,3,No,Contenido
K02263,U01218,C0101,2025-02-03 16:13:44,4,Sí,Experiencia general
K02264,U01218,C0340,2025-05-22 21:51:39,4,Sí,Historia
K02265,U00622,C0010,2025-07-23 20:13:34,4,Sí,Calidad técnica
K02266,U00622,C0349,2025-07-19 12:55:34,4,Sí,Contenido
K02267,U00221,C0121,2025-05-06 11:22:20,5,Sí,Calidad técnica
K02268,U00221,C0090,2025-01-25 12:45:14,5,Sí,Experiencia general
K02269,U00221,C0341,2025-07-03 20:39:24,4,Sí,Historia
K02270,U00992,C0207,2025-04-27 21:50:38,5,Sí,Contenido
K02271,U00992,C0097,2025-05-26 22:24:15,4,Sí,Historia
K02272,U00992,C0236,2025-03-20 20:08:29,4,Sí,Experiencia general
K02273,U00011,C0174,2025-01-23 09:53:10,4,Sí,Contenido
K02274,U00179,C0348,2025-12-22 19:18:07,4,Sí,Calidad técnica
K02275,U01209,C0017,2025-12-13 21:34:49,4,Sí,Experiencia general
K02276,U01209,C0046,2025-11-04 16:45:03,4,Sí,Historia
K02277,U01209,C0029,2025-10-23 19:57:06,4,Sí,Contenido
K02278,U01209,C0217,2025-12-31 08:46:55,3,No,Experiencia general
K02279,U01209,C0093,2025-11-06 17:40:48,3,No,Historia
K02280,U01406,C0049,2025-07-29 20:02:48,4,Sí,Calidad técnica
K02281,U00822,C0116,2025-07-14 15:46:32,5,Sí,Experiencia general
K02282,U00361,C0099,2025-07-24 17:34:19,3,No,Experiencia general
K02283,U00361,C0065,2025-11-17 10:29:17,4,Sí,Contenido
K02284,U00355,C0304,2025-09-29 17:01:35,4,Sí,Actuación
K02285,U00355,C0011,2025-09-27 07:00:03,4,Sí,Historia
K02286,U01166,C0142,2025-03-16 22:21:10,4,Sí,Historia
K02287,U00936,C0292,2025-01-22 08:53:07,4,Sí,Actuación
K02288,U01452,C0239,2025-01-17 20:37:38,4,Sí,Contenido
K02289,U00863,C0332,2025-01-14 06:51:10,3,No,Contenido
K02290,U00863,C0331,2025-02-05 18:53:43,3,No,Contenido
K02291,U00863,C0062,2025-02-07 08:28:22,4,Sí,Experiencia general
K02292,U00863,C0343,2025-01-24 12:45:34,4,Sí,Contenido
K02293,U00769,C0312,2025-04-18 23:10:46,4,Sí,Actuación
K02294,U00678,C0235,2025-01-15 18:33:37,4,Sí,Contenido
K02295,U01145,C0182,2025-01-19 15:52:15,4,Sí,Historia
K02296,U01145,C0281,2025-06-05 23:51:22,4,Sí,Contenido
K02297,U01145,C0300,2025-12-26 19:49:41,4,Sí,Historia
K02298,U01145,C0111,2025-06-25 21:29:45,4,Sí,Experiencia general
K02299,U00568,C0050,2025-01-05 18:55:03,4,Sí,Historia
K02300,U00022,C0413,2025-09-06 18:21:23,4,Sí,Contenido
K02301,U00779,C0173,2025-12-01 22:02:12,4,Sí,Contenido
K02302,U00779,C0308,2025-12-07 23:05:13,4,Sí,Calidad técnica
K02303,U00779,C0023,2025-12-15 08:30:33,4,Sí,Contenido
K02304,U00779,C0006,2025-10-27 21:52:49,4,Sí,Historia
K02305,U00779,C0210,2025-12-15 21:45:52,4,Sí,Contenido
K02306,U01310,C0134,2025-04-29 08:27:17,4,Sí,Contenido
K02307,U00737,C0072,2025-12-02 17:53:13,4,Sí,Contenido
K02308,U00737,C0009,2025-10-29 13:10:23,4,Sí,Historia
K02309,U00737,C0317,2025-12-31 23:59:59,5,Sí,Contenido
K02310,U00131,C0346,2025-12-01 17:48:54,4,Sí,Historia
K02311,U00131,C0322,2025-06-13 22:26:29,4,Sí,Contenido
K02312,U01054,C0266,2025-10-20 20:27:13,4,Sí,Actuación
K02313,U01054,C0047,2025-12-23 20:14:46,4,Sí,Actuación
K02314,U01054,C0326,2025-08-09 23:26:13,3,No,Historia
K02315,U00293,C0068,2025-08-20 21:40:44,4,Sí,Historia
K02316,U00293,C0354,2025-08-12 20:12:37,4,Sí,Contenido
K02317,U01413,C0195,2025-10-07 19:45:09,4,Sí,Contenido
K02318,U01334,C0411,2025-11-30 15:57:28,3,No,Contenido
K02319,U01334,C0323,2025-02-27 20:37:32,4,Sí,Experiencia general
K02320,U01334,C0199,2025-02-25 19:14:42,4,Sí,Contenido
K02321,U01334,C0082,2025-03-26 23:09:26,4,Sí,Historia
K02322,U00739,C0106,2025-10-13 07:11:23,4,Sí,Experiencia general
K02323,U00739,C0215,2025-06-14 09:21:52,4,Sí,Historia
K02324,U01266,C0331,2025-08-03 20:04:11,4,Sí,Actuación
K02325,U01266,C0203,2025-10-15 08:48:59,4,Sí,Contenido
K02326,U00688,C0246,2025-08-01 02:13:35,4,Sí,Historia
K02327,U01026,C0153,2025-01-19 22:20:24,4,Sí,Historia
K02328,U01026,C0342,2025-01-08 17:41:28,3,No,Contenido
K02329,U01026,C0139,2025-03-18 20:48:20,4,Sí,Calidad técnica
K02330,U01026,C0308,2025-03-20 22:52:25,3,No,Experiencia general
K02331,U01026,C0377,2025-01-31 17:12:33,3,No,Historia
K02332,U01255,C0347,2025-04-12 21:59:57,4,Sí,Calidad técnica
K02333,U01255,C0326,2025-04-12 07:22:05,4,Sí,Calidad técnica
K02334,U01255,C0170,2025-07-07 18:36:05,4,Sí,Historia
K02335,U00152,C0408,2025-04-15 02:20:04,4,Sí,Experiencia general
K02336,U00152,C0166,2025-11-07 20:02:00,4,Sí,Contenido
K02337,U01136,C0247,2025-01-27 02:16:04,5,Sí,Experiencia general
K02338,U01136,C0119,2025-01-16 16:10:58,4,Sí,Historia
K02339,U01052,C0266,2025-04-21 19:13:58,5,Sí,Actuación
K02340,U01052,C0254,2025-03-12 18:24:01,3,No,Calidad técnica
K02341,U01052,C0376,2025-01-21 22:23:29,3,No,Calidad técnica
K02342,U01052,C0110,2025-02-18 20:12:11,4,Sí,Contenido
K02343,U00883,C0073,2025-08-05 22:40:17,4,Sí,Contenido
K02344,U00883,C0194,2025-05-03 17:00:46,4,Sí,Contenido
K02345,U00883,C0166,2025-11-06 07:26:01,4,Sí,Historia
K02346,U00360,C0353,2025-10-31 17:48:15,4,Sí,Contenido
K02347,U00360,C0283,2025-10-02 09:46:29,5,Sí,Contenido
K02348,U01480,C0386,2025-12-31 22:29:50,4,Sí,Contenido
K02349,U01457,C0352,2025-03-24 13:59:24,4,Sí,Contenido
K02350,U00328,C0117,2025-11-09 12:25:11,4,Sí,Experiencia general
K02351,U00328,C0379,2025-09-23 22:24:28,4,Sí,Contenido
K02352,U00132,C0180,2025-05-08 20:59:29,4,Sí,Experiencia general
K02353,U00132,C0270,2025-11-22 22:47:37,4,Sí,Experiencia general
K02354,U00869,C0166,2025-09-12 22:18:23,3,No,Historia
K02355,U00869,C0109,2025-09-16 19:20:54,4,Sí,Contenido
K02356,U00869,C0042,2025-12-26 14:44:00,5,Sí,Contenido
K02357,U00869,C0171,2025-09-10 21:29:00,5,Sí,Experiencia general
K02358,U00363,C0268,2025-05-17 10:27:18,5,Sí,Historia
K02359,U00363,C0294,2025-01-16 13:38:22,4,Sí,Actuación
K02360,U00363,C0179,2025-05-01 11:58:14,4,Sí,Historia
K02361,U00363,C0077,2025-05-11 21:19:29,3,No,Contenido
K02362,U00982,C0333,2025-10-14 21:02:21,4,Sí,Experiencia general
K02363,U00389,C0311,2025-08-10 18:42:34,4,Sí,Calidad técnica
K02364,U00389,C0032,2025-08-08 19:40:33,4,Sí,Contenido
K02365,U00389,C0357,2025-02-20 19:48:12,4,Sí,Historia
K02366,U00389,C0029,2025-08-19 17:42:11,4,Sí,Contenido
K02367,U00790,C0400,2025-08-29 14:34:21,5,Sí,Experiencia general
K02368,U00028,C0385,2025-03-23 13:11:46,4,Sí,Actuación
K02369,U00028,C0304,2025-06-20 16:05:43,4,Sí,Calidad técnica
K02370,U00252,C0364,2025-09-22 09:44:35,4,Sí,Actuación
K02371,U00252,C0284,2025-01-07 19:53:04,4,Sí,Historia
K02372,U00252,C0211,2025-02-26 18:28:16,4,Sí,Contenido
K02373,U01078,C0245,2025-05-27 11:04:25,5,Sí,Experiencia general
K02374,U01078,C0043,2025-05-14 19:53:38,5,Sí,Experiencia general
K02375,U01078,C0296,2025-01-14 17:23:58,4,Sí,Contenido
K02376,U01401,C0358,2025-03-12 22:20:08,3,No,Contenido
K02377,U01401,C0379,2025-09-18 12:24:11,4,Sí,Experiencia general
K02378,U01401,C0163,2025-06-05 14:54:51,4,Sí,Experiencia general
K02379,U01401,C0396,2025-07-21 14:06:53,5,Sí,Historia
K02380,U01401,C0397,2025-08-02 23:03:12,4,Sí,Experiencia general
K02381,U00282,C0327,2025-05-31 18:23:53,4,Sí,Historia
K02382,U00282,C0336,2025-07-31 23:04:41,4,Sí,Contenido
K02383,U01277,C0324,2025-02-19 18:45:53,4,Sí,Contenido
K02384,U01277,C0087,2025-08-02 19:04:05,4,Sí,Experiencia general
K02385,U00960,C0300,2025-11-06 21:39:42,4,Sí,Historia
K02386,U00914,C0218,2025-12-30 08:45:54,4,Sí,Historia
K02387,U00914,C0221,2025-03-01 21:08:51,3,No,Contenido
K02388,U00914,C0364,2025-09-19 19:43:13,4,Sí,Contenido
K02389,U00903,C0037,2025-06-03 15:40:56,4,Sí,Contenido
K02390,U00903,C0283,2025-01-18 19:43:42,4,Sí,Contenido
K02391,U00903,C0100,2025-10-09 06:46:46,4,Sí,Experiencia general
K02392,U00903,C0029,2025-02-07 22:32:55,4,Sí,Calidad técnica
K02393,U00178,C0180,2025-06-05 22:27:32,4,Sí,Historia
K02394,U00178,C0011,2025-01-31 18:56:35,3,No,Calidad técnica
K02395,U00178,C0418,2025-04-13 20:37:03,4,Sí,Experiencia general
K02396,U00740,C0054,2025-06-09 13:42:41,4,Sí,Experiencia general
K02397,U00740,C0221,2025-02-03 23:50:06,4,Sí,Contenido
K02398,U00417,C0065,2025-02-01 18:56:01,4,Sí,Actuación
K02399,U00417,C0194,2025-06-05 15:08:17,4,Sí,Historia
K02400,U00417,C0085,2025-06-19 21:20:42,3,No,Experiencia general
K02401,U01260,C0179,2025-02-01 06:39:39,4,Sí,Historia
K02402,U01260,C0207,2025-01-27 20:42:16,3,No,Calidad técnica
K02403,U01260,C0113,2025-03-26 20:18:34,4,Sí,Calidad técnica
K02404,U01260,C0180,2025-03-11 15:16:12,4,Sí,Actuación
K02405,U01028,C0401,2025-09-17 19:17:03,4,Sí,Contenido
K02406,U01028,C0352,2025-10-03 23:29:30,4,Sí,Historia
K02407,U01028,C0030,2025-04-17 06:24:13,4,Sí,Contenido
K02408,U01028,C0226,2025-09-07 08:50:07,4,Sí,Contenido
K02409,U01028,C0299,2025-06-08 09:53:31,4,Sí,Contenido
K02410,U00484,C0171,2025-07-28 21:56:33,3,No,Actuación
K02411,U00484,C0300,2025-07-17 19:04:44,4,Sí,Experiencia general
K02412,U01306,C0047,2025-12-31 23:59:59,4,Sí,Contenido
K02413,U01306,C0365,2025-12-01 21:06:18,4,Sí,Experiencia general
K02414,U01306,C0325,2025-08-20 21:07:40,4,Sí,Historia
K02415,U01306,C0116,2025-05-24 00:57:20,4,Sí,Calidad técnica
K02416,U01306,C0301,2025-08-05 23:21:21,5,Sí,Experiencia general
K02417,U00080,C0121,2025-08-26 21:13:06,3,No,Historia
K02418,U00580,C0352,2025-01-20 15:28:16,4,Sí,Experiencia general
K02419,U00580,C0361,2025-05-30 14:18:11,4,Sí,Contenido
K02420,U00580,C0106,2025-03-21 12:13:59,4,Sí,Experiencia general
K02421,U00580,C0164,2025-12-11 10:31:01,3,No,Historia
K02422,U00253,C0391,2025-09-25 19:16:32,5,Sí,Experiencia general
K02423,U00641,C0267,2025-12-09 18:14:08,4,Sí,Calidad técnica
K02424,U00398,C0350,2025-02-02 19:02:31,4,Sí,Historia
K02425,U00398,C0412,2025-05-15 17:24:02,5,Sí,Contenido
K02426,U00696,C0160,2025-04-01 03:25:24,4,Sí,Contenido
K02427,U00696,C0050,2025-12-31 23:59:59,3,No,Experiencia general
K02428,U00696,C0218,2025-05-17 12:46:36,4,Sí,Contenido
K02429,U00735,C0180,2025-09-22 20:09:21,4,Sí,Contenido
K02430,U00735,C0368,2025-10-28 21:21:33,4,Sí,Experiencia general
K02431,U00735,C0165,2025-10-27 19:42:54,4,Sí,Historia
K02432,U00735,C0167,2025-12-26 16:12:10,4,Sí,Calidad técnica
K02433,U00258,C0036,2025-02-02 19:57:58,3,No,Contenido
K02434,U00258,C0358,2025-10-03 23:38:19,4,Sí,Experiencia general
K02435,U01482,C0372,2025-08-23 14:38:44,5,Sí,Contenido
K02436,U01482,C0392,2025-09-09 03:52:08,4,Sí,Calidad técnica
K02437,U01482,C0405,2025-11-03 17:48:11,3,No,Historia
K02438,U01482,C0328,2025-10-28 21:37:06,4,Sí,Historia
K02439,U01482,C0139,2025-10-02 03:54:40,4,Sí,Contenido
K02440,U00323,C0360,2025-02-28 16:11:31,4,Sí,Contenido
K02441,U00323,C0173,2025-03-14 12:11:55,4,Sí,Historia
K02442,U00323,C0279,2025-11-12 19:56:33,4,Sí,Experiencia general
K02443,U00323,C0358,2025-02-27 19:11:15,4,Sí,Actuación
K02444,U00520,C0006,2025-09-03 19:35:27,5,Sí,Historia
K02445,U00520,C0327,2025-10-09 20:03:54,3,No,Contenido
K02446,U00520,C0362,2025-09-09 21:25:15,3,No,Contenido
K02447,U00520,C0181,2025-10-05 19:44:18,4,Sí,Contenido
K02448,U00254,C0193,2025-12-19 23:38:53,3,No,Calidad técnica
K02449,U00254,C0080,2025-11-30 23:20:09,4,Sí,Historia
K02450,U01029,C0395,2025-03-02 14:12:03,4,Sí,Contenido
K02451,U01029,C0096,2025-01-03 18:37:36,4,Sí,Contenido
K02452,U01029,C0267,2025-05-08 19:49:46,4,Sí,Historia
K02453,U01029,C0380,2025-03-21 13:49:13,5,Sí,Contenido
K02454,U01029,C0225,2025-04-12 10:58:25,4,Sí,Historia
K02455,U00038,C0397,2025-12-21 22:46:56,3,No,Contenido
K02456,U00862,C0026,2025-08-01 18:58:49,5,Sí,Contenido
K02457,U00169,C0179,2025-07-24 21:50:37,3,No,Experiencia general
K02458,U00169,C0372,2025-04-13 20:55:06,4,Sí,Calidad técnica
K02459,U01024,C0016,2025-02-13 06:26:10,4,Sí,Historia
K02460,U01024,C0126,2025-04-07 11:36:59,4,Sí,Actuación
K02461,U00966,C0355,2025-04-22 09:59:02,4,Sí,Experiencia general
K02462,U00966,C0003,2025-12-04 22:33:11,3,No,Experiencia general
K02463,U00966,C0407,2025-10-25 23:50:49,5,Sí,Contenido
K02464,U00966,C0181,2025-06-14 23:04:05,4,Sí,Historia
K02465,U00865,C0013,2025-01-06 21:53:14,4,Sí,Historia
K02466,U00865,C0170,2025-05-12 21:42:56,4,Sí,Historia
K02467,U00660,C0222,2025-10-08 14:28:34,4,Sí,Historia
K02468,U00660,C0335,2025-11-07 21:22:23,3,No,Actuación
K02469,U00660,C0106,2025-10-07 21:04:40,5,Sí,Historia
K02470,U01083,C0366,2025-10-31 18:38:16,4,Sí,Contenido
K02471,U01083,C0192,2025-10-13 15:06:29,4,Sí,Contenido
K02472,U01083,C0222,2025-10-10 21:58:37,5,Sí,Historia
K02473,U00062,C0131,2025-02-02 19:23:36,4,Sí,Contenido
K02474,U00959,C0088,2025-05-30 17:51:32,4,Sí,Experiencia general
K02475,U00959,C0019,2025-10-13 21:24:57,3,No,Contenido
K02476,U00268,C0226,2025-04-05 20:44:50,3,No,Contenido
K02477,U00268,C0068,2025-09-29 21:22:02,4,Sí,Actuación
K02478,U01090,C0241,2025-02-09 14:47:51,4,Sí,Historia
K02479,U01090,C0052,2025-01-31 14:39:42,3,No,Calidad técnica
K02480,U00344,C0230,2025-06-02 20:33:54,5,Sí,Actuación
K02481,U00344,C0155,2025-11-01 16:23:41,4,Sí,Actuación
K02482,U00344,C0191,2025-04-10 10:12:31,5,Sí,Historia
K02483,U00347,C0037,2025-01-12 20:11:38,4,Sí,Historia
K02484,U00347,C0109,2025-08-18 12:29:14,4,Sí,Contenido
K02485,U00347,C0300,2025-06-17 22:16:55,5,Sí,Contenido
K02486,U00347,C0024,2025-03-11 21:20:19,4,Sí,Experiencia general
K02487,U00347,C0145,2025-05-20 18:26:46,4,Sí,Contenido
K02488,U01271,C0187,2025-10-26 19:07:49,5,Sí,Historia
K02489,U01271,C0147,2025-10-03 20:34:09,4,Sí,Calidad técnica
K02490,U00562,C0258,2025-01-22 21:17:38,5,Sí,Experiencia general
K02491,U00657,C0405,2025-11-19 19:37:54,4,Sí,Contenido
K02492,U00436,C0331,2025-12-26 21:01:05,5,Sí,Historia
K02493,U01043,C0359,2025-05-10 17:12:29,4,Sí,Contenido
K02494,U01043,C0309,2025-01-31 08:26:48,3,No,Experiencia general
K02495,U01049,C0071,2025-06-19 18:43:48,4,Sí,Contenido
K02496,U01049,C0307,2025-12-28 07:33:24,4,Sí,Experiencia general
K02497,U01049,C0217,2025-10-28 17:31:44,3,No,Contenido
K02498,U01049,C0033,2025-04-21 21:11:14,4,Sí,Historia
K02499,U01049,C0373,2025-12-13 13:33:58,3,No,Contenido
K02500,U01245,C0198,2025-12-02 22:25:17,4,Sí,Historia
K02501,U01245,C0007,2025-11-21 22:58:57,4,Sí,Contenido
K02502,U01245,C0211,2025-01-23 23:32:05,5,Sí,Historia
K02503,U01135,C0269,2025-08-11 23:08:51,5,Sí,Historia
K02504,U01135,C0225,2025-04-30 21:02:37,3,No,Contenido
K02505,U01135,C0297,2025-12-26 12:18:51,4,Sí,Experiencia general
K02506,U01135,C0288,2025-11-06 18:53:25,4,Sí,Experiencia general
K02507,U01135,C0308,2025-06-14 19:28:43,3,No,Historia
K02508,U00705,C0152,2025-08-05 19:13:07,5,Sí,Historia
K02509,U00705,C0168,2025-11-26 23:33:12,4,Sí,Calidad técnica
K02510,U00705,C0267,2025-11-19 17:31:15,3,No,Contenido
K02511,U00199,C0418,2025-03-29 20:38:01,5,Sí,Experiencia general
K02512,U00199,C0154,2025-04-14 16:48:02,4,Sí,Contenido
K02513,U00199,C0145,2025-08-29 10:51:05,5,Sí,Contenido
K02514,U01390,C0420,2025-11-10 19:16:54,4,Sí,Experiencia general
K02515,U01390,C0229,2025-09-29 12:59:52,4,Sí,Experiencia general
K02516,U01390,C0367,2025-07-19 22:59:14,4,Sí,Historia
K02517,U01390,C0098,2025-12-14 15:31:35,4,Sí,Experiencia general
K02518,U00637,C0260,2025-11-28 12:58:01,4,Sí,Contenido
K02519,U00637,C0128,2025-07-24 21:51:32,3,No,Experiencia general
K02520,U00140,C0358,2025-10-12 01:34:49,4,Sí,Experiencia general
K02521,U00140,C0110,2025-10-04 21:49:32,4,Sí,Historia
K02522,U00140,C0267,2025-08-25 23:38:42,4,Sí,Experiencia general
K02523,U00667,C0194,2025-10-31 21:41:09,5,Sí,Historia
K02524,U00667,C0355,2025-09-10 22:17:03,4,Sí,Contenido
K02525,U00667,C0033,2025-06-28 22:47:24,4,Sí,Actuación
K02526,U00893,C0082,2025-12-05 23:19:53,5,Sí,Calidad técnica
K02527,U01065,C0013,2025-09-04 23:56:09,4,Sí,Experiencia general
K02528,U01065,C0029,2025-10-08 13:10:50,4,Sí,Experiencia general
K02529,U00738,C0385,2025-06-07 18:48:21,4,Sí,Actuación
K02530,U00738,C0109,2025-08-17 23:38:34,3,No,Contenido
K02531,U00738,C0039,2025-12-25 21:31:00,4,Sí,Actuación
K02532,U00470,C0293,2025-10-27 18:44:18,3,No,Historia
K02533,U00460,C0321,2025-05-20 20:22:29,5,Sí,Contenido
K02534,U00768,C0080,2025-04-25 12:22:36,4,Sí,Calidad técnica
K02535,U01361,C0263,2025-10-04 21:47:39,3,No,Historia
K02536,U01361,C0172,2025-10-04 14:42:31,4,Sí,Calidad técnica
K02537,U01361,C0281,2025-12-13 13:08:59,4,Sí,Contenido
K02538,U01361,C0352,2025-10-17 20:33:24,4,Sí,Contenido
K02539,U01455,C0107,2025-01-05 20:25:40,4,Sí,Calidad técnica
K02540,U01455,C0211,2025-01-10 22:48:42,4,Sí,Historia
K02541,U00469,C0177,2025-09-14 18:39:58,4,Sí,Contenido
K02542,U01219,C0178,2025-09-19 21:00:02,4,Sí,Historia
K02543,U01219,C0099,2025-11-27 17:29:19,4,Sí,Historia
K02544,U00951,C0024,2025-07-14 05:28:59,4,Sí,Historia
K02545,U00961,C0180,2025-09-28 12:51:15,3,No,Historia
K02546,U00961,C0114,2025-10-23 16:07:35,4,Sí,Contenido
K02547,U00961,C0387,2025-06-20 22:06:25,4,Sí,Contenido
K02548,U00095,C0013,2025-05-08 17:31:04,3,No,Historia
K02549,U00970,C0207,2025-10-25 21:36:54,4,Sí,Actuación
K02550,U00970,C0369,2025-06-19 22:56:52,4,Sí,Contenido
K02551,U00970,C0415,2025-11-06 11:25:21,3,No,Historia
K02552,U00970,C0223,2025-07-14 21:02:03,4,Sí,Experiencia general
K02553,U00970,C0410,2025-06-12 12:22:44,4,Sí,Historia
K02554,U01102,C0118,2025-05-08 15:40:44,4,Sí,Contenido
K02555,U00575,C0355,2025-04-27 17:13:47,4,Sí,Contenido
K02556,U00575,C0023,2025-01-11 21:57:21,4,Sí,Experiencia general
K02557,U00575,C0304,2025-10-10 09:44:58,4,Sí,Actuación
K02558,U00575,C0213,2025-12-20 14:45:48,4,Sí,Calidad técnica
K02559,U00967,C0271,2025-05-14 21:53:55,4,Sí,Contenido
K02560,U00967,C0346,2025-09-04 13:31:35,4,Sí,Contenido
K02561,U00967,C0009,2025-12-06 22:05:33,4,Sí,Historia
K02562,U00033,C0132,2025-08-04 19:42:56,5,Sí,Experiencia general
K02563,U00033,C0315,2025-02-14 08:06:57,4,Sí,Experiencia general
K02564,U00156,C0303,2025-08-16 19:16:48,4,Sí,Experiencia general
K02565,U00760,C0417,2025-12-18 13:28:57,3,No,Experiencia general
K02566,U00760,C0369,2025-11-19 23:12:09,5,Sí,Contenido
K02567,U00760,C0377,2025-11-07 12:10:41,4,Sí,Contenido
K02568,U00151,C0019,2025-11-14 21:51:26,4,Sí,Contenido
K02569,U00151,C0059,2025-11-19 22:33:29,3,No,Experiencia general
K02570,U00753,C0294,2025-11-07 23:16:53,5,Sí,Calidad técnica
K02571,U00753,C0278,2025-12-13 20:07:54,4,Sí,Contenido
K02572,U00319,C0033,2025-03-28 18:28:25,4,Sí,Historia
K02573,U00319,C0406,2025-04-16 20:41:40,4,Sí,Actuación
K02574,U01376,C0210,2025-02-05 16:10:32,5,Sí,Contenido
K02575,U01376,C0407,2025-01-30 20:16:11,4,Sí,Experiencia general
K02576,U01068,C0399,2025-08-26 21:15:42,4,Sí,Experiencia general
K02577,U01068,C0413,2025-03-07 15:52:43,4,Sí,Actuación
K02578,U01068,C0219,2025-05-12 10:31:12,4,Sí,Contenido
K02579,U01068,C0343,2025-03-10 19:49:13,4,Sí,Contenido
K02580,U01068,C0145,2025-06-26 15:15:02,4,Sí,Contenido
K02581,U01146,C0349,2025-06-30 10:14:30,4,Sí,Historia
K02582,U01471,C0041,2025-02-27 11:49:49,4,Sí,Contenido
K02583,U01471,C0305,2025-01-28 23:40:25,4,Sí,Historia
K02584,U00304,C0194,2025-12-01 13:39:14,4,Sí,Contenido
K02585,U00304,C0258,2025-11-02 10:56:01,4,Sí,Contenido
K02586,U00304,C0201,2025-11-26 18:23:02,4,Sí,Historia
K02587,U00304,C0148,2025-11-14 16:19:00,5,Sí,Historia
K02588,U00304,C0303,2025-11-25 23:55:55,4,Sí,Actuación
K02589,U00352,C0325,2025-01-08 18:17:02,4,Sí,Contenido
K02590,U00352,C0063,2025-07-03 17:50:27,5,Sí,Experiencia general
K02591,U00787,C0329,2025-04-15 20:01:31,5,Sí,Contenido
K02592,U00787,C0373,2025-04-12 20:47:37,4,Sí,Historia
K02593,U00787,C0183,2025-06-13 13:51:58,4,Sí,Contenido
K02594,U00787,C0368,2025-08-23 21:32:08,4,Sí,Historia
K02595,U00530,C0295,2025-10-04 13:28:12,4,Sí,Experiencia general
K02596,U00530,C0369,2025-05-28 16:35:45,4,Sí,Contenido
K02597,U00257,C0084,2025-11-26 23:08:46,5,Sí,Contenido
K02598,U00818,C0032,2025-04-08 22:18:55,3,No,Historia
K02599,U00818,C0235,2025-05-30 17:17:31,4,Sí,Historia
K02600,U00818,C0117,2025-07-21 18:44:25,4,Sí,Actuación
K02601,U00818,C0063,2025-04-19 13:21:15,5,Sí,Historia
K02602,U00415,C0144,2025-01-08 22:08:04,4,Sí,Actuación
K02603,U00353,C0001,2025-05-28 23:54:55,4,Sí,Contenido
K02604,U01227,C0126,2025-09-28 02:20:41,4,Sí,Calidad técnica
K02605,U01227,C0399,2025-02-03 01:05:50,4,Sí,Contenido
K02606,U00854,C0158,2025-06-27 12:39:37,4,Sí,Experiencia general
K02607,U00854,C0198,2025-07-21 19:17:42,3,No,Calidad técnica
K02608,U00854,C0108,2025-02-13 18:22:31,4,Sí,Experiencia general
K02609,U00854,C0354,2025-08-28 16:54:53,4,Sí,Historia
K02610,U00449,C0279,2025-10-14 13:40:48,5,Sí,Actuación
K02611,U00600,C0171,2025-11-01 19:24:49,4,Sí,Actuación
K02612,U00600,C0002,2025-09-15 10:15:00,5,Sí,Historia
K02613,U00600,C0276,2025-05-08 17:12:55,4,Sí,Actuación
K02614,U00600,C0411,2025-03-30 12:18:14,4,Sí,Experiencia general
K02615,U00013,C0414,2025-06-14 19:50:47,4,Sí,Contenido
K02616,U01462,C0256,2025-04-01 18:05:34,3,No,Experiencia general
K02617,U01159,C0120,2025-10-21 19:52:14,4,Sí,Calidad técnica
K02618,U01159,C0328,2025-12-16 11:52:16,4,Sí,Calidad técnica
K02619,U01159,C0201,2025-12-25 00:51:49,4,Sí,Contenido
K02620,U00972,C0262,2025-05-07 20:59:18,5,Sí,Historia
K02621,U00444,C0352,2025-12-10 15:34:20,4,Sí,Contenido
K02622,U00444,C0080,2025-07-08 23:58:35,5,Sí,Experiencia general
K02623,U00444,C0181,2025-07-02 22:17:00,4,Sí,Contenido
K02624,U00444,C0071,2025-10-10 22:40:01,4,Sí,Contenido
K02625,U01374,C0160,2025-06-25 16:42:15,3,No,Experiencia general
K02626,U01374,C0154,2025-02-03 14:44:33,4,Sí,Experiencia general
K02627,U01374,C0274,2025-06-17 22:22:40,3,No,Historia
K02628,U01167,C0073,2025-12-06 15:31:50,3,No,Contenido
K02629,U01167,C0414,2025-10-17 18:20:53,4,Sí,Actuación
K02630,U00693,C0328,2025-11-09 21:28:07,4,Sí,Actuación
K02631,U00693,C0138,2025-09-30 22:57:48,4,Sí,Historia
K02632,U01101,C0183,2025-05-08 10:26:30,4,Sí,Experiencia general
K02633,U00782,C0264,2025-05-05 21:47:27,4,Sí,Historia
K02634,U00084,C0063,2025-10-15 14:22:18,5,Sí,Contenido
K02635,U01214,C0325,2025-01-28 08:50:15,4,Sí,Contenido
K02636,U01214,C0114,2025-02-08 08:41:54,5,Sí,Contenido
K02637,U01214,C0222,2025-01-20 15:56:41,4,Sí,Experiencia general
K02638,U01214,C0393,2025-01-14 10:52:06,4,Sí,Actuación
K02639,U01005,C0282,2025-05-09 18:26:08,4,Sí,Actuación
K02640,U01121,C0372,2025-07-21 21:21:39,4,Sí,Actuación
K02641,U00351,C0181,2025-02-03 20:47:46,5,Sí,Contenido
K02642,U00351,C0036,2025-06-18 21:33:36,4,Sí,Calidad técnica
K02643,U00351,C0371,2025-08-27 19:10:18,3,No,Calidad técnica
K02644,U00351,C0049,2025-02-17 13:11:02,5,Sí,Actuación
K02645,U01009,C0326,2025-08-13 16:12:42,4,Sí,Experiencia general
K02646,U01009,C0083,2025-06-29 17:39:30,4,Sí,Experiencia general
K02647,U01009,C0303,2025-08-14 16:10:04,4,Sí,Contenido
K02648,U00824,C0098,2025-01-22 10:37:21,4,Sí,Experiencia general
K02649,U00824,C0240,2025-01-27 15:22:01,3,No,Contenido
K02650,U00569,C0159,2025-12-04 22:46:36,3,No,Historia
K02651,U00569,C0366,2025-08-20 16:16:18,4,Sí,Historia
K02652,U00569,C0293,2025-05-18 20:40:52,3,No,Contenido
K02653,U00927,C0021,2025-06-20 11:13:32,3,No,Contenido
K02654,U00927,C0364,2025-02-21 23:25:06,3,No,Contenido
K02655,U01249,C0286,2025-10-07 21:39:55,5,Sí,Experiencia general
K02656,U01249,C0014,2025-04-10 20:37:33,4,Sí,Historia
K02657,U01249,C0167,2025-12-27 18:32:17,3,No,Actuación
K02658,U01249,C0037,2025-12-31 23:59:59,4,Sí,Historia
K02659,U00958,C0231,2025-11-29 07:00:00,3,No,Historia
K02660,U00341,C0296,2025-01-27 23:25:10,3,No,Historia
K02661,U00341,C0373,2025-01-07 19:24:15,4,Sí,Actuación
K02662,U00341,C0366,2025-01-28 22:02:00,4,Sí,Calidad técnica
K02663,U00341,C0290,2025-02-11 13:24:31,4,Sí,Contenido
K02664,U00341,C0418,2025-01-24 15:26:07,4,Sí,Historia
K02665,U01112,C0218,2025-01-26 19:37:35,3,No,Historia
K02666,U01112,C0191,2025-06-03 18:06:46,4,Sí,Contenido
K02667,U01112,C0261,2025-03-12 22:05:23,4,Sí,Experiencia general
K02668,U01173,C0400,2025-09-16 11:37:27,5,Sí,Historia
K02669,U01412,C0107,2025-01-25 21:14:36,4,Sí,Actuación
K02670,U01412,C0197,2025-03-21 19:11:59,3,No,Historia
K02671,U01412,C0270,2025-04-11 21:08:57,4,Sí,Contenido
K02672,U00007,C0092,2025-02-15 16:36:58,4,Sí,Historia
K02673,U00007,C0354,2025-01-28 18:29:04,4,Sí,Experiencia general
K02674,U00129,C0003,2025-11-30 21:26:07,5,Sí,Historia
K02675,U01111,C0025,2025-08-04 21:21:18,4,Sí,Historia
K02676,U01111,C0217,2025-10-09 19:52:08,4,Sí,Contenido
K02677,U00581,C0158,2025-02-23 07:58:08,4,Sí,Experiencia general
K02678,U00432,C0117,2025-02-02 22:46:08,4,Sí,Experiencia general
K02679,U00432,C0269,2025-01-09 17:44:44,5,Sí,Calidad técnica
K02680,U00432,C0062,2025-03-16 20:04:58,4,Sí,Experiencia general
K02681,U00432,C0298,2025-02-09 15:56:04,4,Sí,Contenido
K02682,U00432,C0290,2025-02-24 18:13:11,4,Sí,Actuación
K02683,U00713,C0110,2025-02-22 20:50:10,4,Sí,Experiencia general
K02684,U00228,C0310,2025-12-22 00:48:17,4,Sí,Experiencia general
K02685,U00057,C0227,2025-03-25 08:21:52,4,Sí,Actuación
K02686,U00057,C0310,2025-04-21 09:58:17,4,Sí,Contenido
K02687,U00057,C0017,2025-12-31 23:59:59,3,No,Contenido
K02688,U01378,C0062,2025-10-27 08:39:58,4,Sí,Contenido
K02689,U01378,C0060,2025-03-30 13:33:10,4,Sí,Contenido
K02690,U01378,C0094,2025-03-11 18:49:24,3,No,Contenido
K02691,U00928,C0302,2025-07-03 21:59:48,3,No,Historia
K02692,U00928,C0239,2025-11-25 15:08:31,5,Sí,Calidad técnica
K02693,U01129,C0207,2025-08-19 22:34:46,4,Sí,Experiencia general
K02694,U01129,C0094,2025-08-22 19:22:14,4,Sí,Historia
K02695,U00431,C0153,2025-02-14 21:45:20,3,No,Actuación
K02696,U00274,C0356,2025-03-11 17:28:46,4,Sí,Actuación
K02697,U01423,C0366,2025-11-14 15:40:47,3,No,Contenido
K02698,U01187,C0209,2025-01-20 21:10:51,4,Sí,Contenido
K02699,U00046,C0296,2025-07-18 20:45:32,3,No,Contenido
K02700,U00046,C0073,2025-07-15 21:23:50,4,Sí,Historia
K02701,U00823,C0348,2025-01-11 22:57:22,4,Sí,Calidad técnica
K02702,U00922,C0036,2025-11-29 12:19:59,3,No,Experiencia general
K02703,U00701,C0181,2025-01-21 21:11:16,4,Sí,Experiencia general
K02704,U00701,C0328,2025-06-07 20:49:28,3,No,Experiencia general
K02705,U00701,C0083,2025-02-20 21:40:30,4,Sí,Experiencia general
K02706,U00701,C0218,2025-03-13 23:16:43,4,Sí,Historia
K02707,U00701,C0304,2025-12-07 23:22:52,4,Sí,Experiencia general
K02708,U00297,C0362,2025-11-10 20:10:28,4,Sí,Historia
K02709,U00297,C0043,2025-11-26 18:31:50,4,Sí,Contenido
K02710,U01479,C0344,2025-02-10 13:36:57,4,Sí,Experiencia general
K02711,U01114,C0120,2025-02-21 10:11:51,4,Sí,Contenido
K02712,U01114,C0343,2025-02-26 17:23:14,4,Sí,Historia
K02713,U01114,C0161,2025-02-06 19:13:25,4,Sí,Contenido
K02714,U01114,C0312,2025-01-28 13:10:14,4,Sí,Historia
K02715,U01114,C0181,2025-01-28 12:25:27,4,Sí,Historia
K02716,U01126,C0213,2025-01-14 12:24:09,4,Sí,Experiencia general
K02717,U01126,C0394,2025-01-13 21:24:23,4,Sí,Experiencia general
K02718,U01126,C0362,2025-01-23 14:13:51,4,Sí,Contenido
K02719,U00814,C0133,2025-01-13 06:51:21,4,Sí,Contenido
K02720,U00814,C0258,2025-09-19 22:58:22,4,Sí,Contenido
K02721,U00814,C0008,2025-08-13 13:03:39,4,Sí,Contenido
K02722,U00560,C0196,2025-05-18 17:25:16,4,Sí,Actuación
K02723,U01324,C0339,2025-08-01 21:23:09,5,Sí,Historia
K02724,U01324,C0163,2025-02-05 19:27:49,4,Sí,Contenido
K02725,U01324,C0281,2025-01-18 19:06:28,4,Sí,Contenido
K02726,U00168,C0145,2025-12-27 21:42:09,4,Sí,Contenido
K02727,U00245,C0298,2025-02-17 10:17:20,4,Sí,Experiencia general
K02728,U00245,C0135,2025-02-10 00:14:11,4,Sí,Experiencia general
K02729,U00245,C0141,2025-01-31 23:47:24,4,Sí,Experiencia general
K02730,U00245,C0371,2025-02-25 18:09:25,3,No,Contenido
K02731,U00245,C0184,2025-12-15 20:56:04,3,No,Experiencia general
K02732,U01330,C0135,2025-08-29 20:16:42,3,No,Experiencia general
K02733,U00421,C0019,2025-12-06 08:38:50,5,Sí,Calidad técnica
K02734,U00421,C0335,2025-01-23 19:38:11,4,Sí,Actuación
K02735,U00421,C0034,2025-08-16 21:09:26,4,Sí,Contenido
K02736,U00421,C0339,2025-09-03 09:37:48,4,Sí,Historia
K02737,U00421,C0129,2025-02-12 20:15:41,3,No,Calidad técnica
K02738,U00694,C0029,2025-03-05 20:54:42,4,Sí,Historia
K02739,U00694,C0007,2025-02-01 09:38:46,5,Sí,Contenido
K02740,U00694,C0028,2025-02-19 22:32:09,4,Sí,Experiencia general
K02741,U00931,C0022,2025-08-17 16:59:26,4,Sí,Experiencia general
K02742,U00931,C0324,2025-08-29 23:29:18,4,Sí,Historia
K02743,U00931,C0417,2025-12-26 13:33:11,4,Sí,Contenido
K02744,U00931,C0267,2025-04-17 17:56:59,4,Sí,Calidad técnica
K02745,U00809,C0225,2025-08-22 21:35:58,3,No,Contenido
K02746,U00866,C0197,2025-11-16 22:22:47,4,Sí,Calidad técnica
K02747,U00866,C0409,2025-06-22 18:17:27,4,Sí,Historia
K02748,U00643,C0270,2025-11-02 22:23:46,4,Sí,Historia
K02749,U00643,C0045,2025-06-20 20:02:06,4,Sí,Experiencia general
K02750,U00871,C0002,2025-10-03 19:18:23,4,Sí,Actuación
K02751,U00871,C0307,2025-10-17 22:33:13,4,Sí,Historia
K02752,U00871,C0193,2025-09-29 11:36:49,4,Sí,Experiencia general
K02753,U01258,C0222,2025-11-17 22:56:45,4,Sí,Actuación
K02754,U01499,C0392,2025-03-08 22:29:58,4,Sí,Historia
K02755,U01499,C0143,2025-10-09 22:15:14,3,No,Historia
K02756,U01499,C0367,2025-09-15 15:42:32,4,Sí,Historia
K02757,U01499,C0308,2025-02-25 11:39:11,3,No,Historia
K02758,U00485,C0393,2025-07-24 19:28:36,4,Sí,Contenido
K02759,U00485,C0014,2025-12-26 16:44:56,3,No,Actuación
K02760,U00485,C0349,2025-07-30 19:24:04,4,Sí,Actuación
K02761,U00031,C0359,2025-01-16 21:12:03,4,Sí,Historia
K02762,U00031,C0288,2025-02-25 18:33:07,4,Sí,Contenido
K02763,U00031,C0067,2025-02-08 03:55:03,5,Sí,Historia
K02764,U00954,C0297,2025-04-01 17:35:48,5,Sí,Experiencia general
K02765,U01342,C0050,2025-01-31 16:42:31,4,Sí,Actuación
K02766,U01342,C0371,2025-11-28 23:42:12,4,Sí,Contenido
K02767,U00891,C0112,2025-02-12 21:54:36,4,Sí,Actuación
K02768,U00087,C0400,2025-02-10 21:20:11,5,Sí,Calidad técnica
K02769,U01193,C0108,2025-08-17 19:31:00,4,Sí,Actuación
K02770,U01193,C0241,2025-08-27 16:45:16,4,Sí,Contenido
K02771,U01193,C0012,2025-07-17 07:47:21,4,Sí,Historia
K02772,U00630,C0329,2025-01-21 17:44:03,4,Sí,Contenido
K02773,U00382,C0383,2025-04-14 19:57:23,4,Sí,Contenido
K02774,U00382,C0053,2025-02-16 17:02:22,4,Sí,Historia
K02775,U00382,C0404,2025-05-31 22:07:20,4,Sí,Historia
K02776,U00382,C0414,2025-05-02 22:25:48,4,Sí,Actuación
K02777,U00382,C0090,2025-07-11 21:56:59,4,Sí,Contenido
K02778,U00535,C0377,2025-05-03 09:17:32,3,No,Experiencia general
K02779,U00535,C0086,2025-12-31 23:59:59,3,No,Historia
K02780,U00535,C0184,2025-06-06 16:13:43,4,Sí,Actuación
K02781,U00535,C0085,2025-10-13 20:07:38,3,No,Contenido
K02782,U00522,C0074,2025-08-16 07:47:13,4,Sí,Historia
K02783,U00522,C0117,2025-02-23 17:12:26,4,Sí,Actuación
K02784,U01491,C0121,2025-02-15 09:08:35,4,Sí,Contenido
K02785,U01491,C0381,2025-01-17 21:02:03,4,Sí,Contenido
K02786,U01491,C0248,2025-01-22 22:56:30,3,No,Contenido
K02787,U01491,C0233,2025-01-25 19:00:34,4,Sí,Calidad técnica
K02788,U00303,C0116,2025-07-23 10:30:31,3,No,Historia
K02789,U00303,C0132,2025-08-07 16:17:01,4,Sí,Actuación
K02790,U01128,C0243,2025-11-14 22:52:11,3,No,Historia
K02791,U01128,C0039,2025-11-10 21:57:01,4,Sí,Experiencia general
K02792,U01128,C0211,2025-11-18 13:04:52,4,Sí,Contenido
K02793,U00175,C0226,2025-10-07 13:12:43,4,Sí,Contenido
K02794,U00175,C0194,2025-08-31 16:41:57,4,Sí,Experiencia general
K02795,U00175,C0263,2025-07-08 14:01:07,4,Sí,Calidad técnica
K02796,U00900,C0150,2025-02-08 21:59:00,4,Sí,Experiencia general
K02797,U00900,C0251,2025-02-08 21:54:25,4,Sí,Historia
K02798,U00145,C0419,2025-07-27 21:29:42,4,Sí,Contenido
K02799,U00145,C0368,2025-09-15 21:41:19,4,Sí,Historia
K02800,U00145,C0150,2025-08-05 06:54:50,4,Sí,Actuación
K02801,U00999,C0287,2025-05-26 19:56:16,4,Sí,Contenido
K02802,U00999,C0321,2025-02-03 16:53:48,4,Sí,Actuación
K02803,U00999,C0141,2025-05-03 22:01:57,4,Sí,Historia
K02804,U00999,C0387,2025-03-24 01:17:39,4,Sí,Experiencia general
K02805,U00242,C0162,2025-05-17 23:54:28,5,Sí,Experiencia general
K02806,U00242,C0061,2025-07-01 22:57:13,4,Sí,Historia
K02807,U00242,C0241,2025-02-23 08:08:25,4,Sí,Contenido
K02808,U00242,C0417,2025-04-23 18:57:42,4,Sí,Experiencia general
K02809,U01344,C0263,2025-01-16 19:25:24,4,Sí,Historia
K02810,U01344,C0082,2025-01-30 14:04:09,5,Sí,Actuación
K02811,U00651,C0266,2025-06-30 23:20:41,4,Sí,Contenido
K02812,U00651,C0051,2025-09-27 19:32:33,4,Sí,Contenido
K02813,U00651,C0098,2025-10-20 19:17:06,4,Sí,Experiencia general
K02814,U00924,C0218,2025-11-25 08:49:50,4,Sí,Contenido
K02815,U00924,C0359,2025-12-09 20:47:11,4,Sí,Experiencia general
K02816,U00924,C0106,2025-11-02 17:06:58,5,Sí,Contenido
K02817,U00924,C0293,2025-10-31 20:00:22,3,No,Contenido
K02818,U00210,C0217,2025-01-23 12:47:59,5,Sí,Contenido
K02819,U00210,C0254,2025-06-02 23:51:35,4,Sí,Actuación
K02820,U00937,C0383,2025-12-14 17:56:49,4,Sí,Historia
K02821,U00937,C0348,2025-12-18 20:19:27,4,Sí,Contenido
K02822,U00937,C0235,2025-11-17 21:14:46,4,Sí,Contenido
K02823,U01119,C0040,2025-07-24 23:51:48,4,Sí,Actuación
K02824,U01119,C0291,2025-09-15 18:16:12,4,Sí,Experiencia general
K02825,U01119,C0292,2025-08-04 16:23:32,4,Sí,Contenido
K02826,U00599,C0177,2025-07-29 21:34:06,4,Sí,Calidad técnica
K02827,U00071,C0015,2025-07-17 21:01:29,5,Sí,Calidad técnica
K02828,U00071,C0043,2025-03-03 04:28:09,4,Sí,Calidad técnica
K02829,U00071,C0086,2025-02-17 20:49:37,3,No,Historia
K02830,U00071,C0092,2025-03-05 16:35:01,4,Sí,Calidad técnica
K02831,U00843,C0142,2025-01-31 20:08:33,3,No,Experiencia general
K02832,U00843,C0202,2025-04-28 00:11:43,4,Sí,Actuación
K02833,U00640,C0344,2025-07-20 21:39:07,5,Sí,Historia
K02834,U00640,C0177,2025-09-17 21:36:23,4,Sí,Experiencia general
K02835,U00640,C0093,2025-11-26 12:59:37,4,Sí,Historia
K02836,U00640,C0168,2025-07-17 16:20:12,4,Sí,Calidad técnica
K02837,U00327,C0245,2025-01-18 18:57:21,4,Sí,Experiencia general
K02838,U00327,C0048,2025-01-06 17:27:10,4,Sí,Contenido
K02839,U00327,C0167,2025-01-29 22:39:19,4,Sí,Actuación
K02840,U00327,C0351,2025-01-13 21:08:00,4,Sí,Contenido
K02841,U00327,C0060,2025-01-29 11:36:33,4,Sí,Contenido
K02842,U01190,C0377,2025-02-14 19:06:56,4,Sí,Calidad técnica
K02843,U01190,C0191,2025-06-07 12:20:59,3,No,Contenido
K02844,U01190,C0184,2025-04-20 07:27:03,3,No,Historia
K02845,U00794,C0117,2025-10-23 21:15:08,4,Sí,Experiencia general
K02846,U00794,C0056,2025-10-17 18:37:28,4,Sí,Historia
K02847,U00794,C0216,2025-09-30 22:03:33,5,Sí,Experiencia general
K02848,U00292,C0118,2025-01-29 17:27:16,5,Sí,Contenido
K02849,U00856,C0410,2025-02-14 21:59:09,4,Sí,Experiencia general
K02850,U00835,C0324,2025-10-12 17:30:33,4,Sí,Experiencia general
K02851,U00835,C0053,2025-10-14 22:06:44,3,No,Contenido
K02852,U00835,C0248,2025-10-08 00:02:27,4,Sí,Calidad técnica
K02853,U00835,C0178,2025-11-24 10:33:05,4,Sí,Experiencia general
K02854,U00120,C0022,2025-09-07 22:59:43,4,Sí,Contenido
K02855,U00120,C0354,2025-11-22 09:26:49,4,Sí,Actuación
K02856,U00120,C0279,2025-05-25 20:09:43,5,Sí,Calidad técnica
K02857,U00120,C0306,2025-08-26 17:21:58,4,Sí,Historia
K02858,U01386,C0401,2025-10-01 14:23:21,4,Sí,Experiencia general
K02859,U00305,C0077,2025-11-07 13:32:06,4,Sí,Actuación
K02860,U00305,C0013,2025-01-10 15:50:53,4,Sí,Experiencia general
K02861,U00305,C0198,2025-08-03 07:44:16,4,Sí,Contenido
K02862,U00305,C0326,2025-10-22 11:17:22,4,Sí,Historia
K02863,U00305,C0383,2025-03-27 12:44:33,4,Sí,Calidad técnica
K02864,U01463,C0400,2025-10-19 19:05:48,5,Sí,Experiencia general
K02865,U00404,C0013,2025-08-07 10:59:17,4,Sí,Contenido
K02866,U00404,C0091,2025-04-07 14:31:35,4,Sí,Historia
K02867,U00404,C0305,2025-05-09 13:52:51,4,Sí,Experiencia general
K02868,U00404,C0003,2025-06-24 16:54:55,4,Sí,Contenido
K02869,U00404,C0108,2025-09-28 19:24:43,4,Sí,Contenido
K02870,U00683,C0290,2025-12-21 18:52:09,5,Sí,Historia
K02871,U00683,C0351,2025-12-17 08:34:03,4,Sí,Calidad técnica
K02872,U00683,C0268,2025-12-31 23:59:59,3,No,Actuación
K02873,U00278,C0363,2025-09-20 14:49:21,3,No,Actuación
K02874,U00278,C0389,2025-02-06 12:49:46,4,Sí,Actuación
K02875,U00278,C0413,2025-04-14 13:42:42,4,Sí,Experiencia general
K02876,U00278,C0196,2025-06-16 16:55:02,4,Sí,Historia
K02877,U00847,C0145,2025-10-30 20:33:04,4,Sí,Historia
K02878,U00847,C0232,2025-10-03 07:43:16,5,Sí,Experiencia general
K02879,U00847,C0009,2025-12-30 22:48:52,4,Sí,Contenido
K02880,U00847,C0064,2025-10-14 12:51:56,4,Sí,Calidad técnica
K02881,U01265,C0338,2025-04-26 22:34:32,4,Sí,Actuación
K02882,U01265,C0297,2025-08-29 13:16:10,4,Sí,Historia
K02883,U00559,C0235,2025-08-03 20:41:31,4,Sí,Calidad técnica
K02884,U00271,C0237,2025-03-12 19:06:22,5,Sí,Historia
K02885,U00271,C0309,2025-04-29 09:16:21,5,Sí,Experiencia general
K02886,U00271,C0305,2025-02-10 16:54:25,4,Sí,Contenido
K02887,U00110,C0112,2025-04-27 20:10:25,4,Sí,Contenido
K02888,U00110,C0117,2025-10-24 21:25:23,5,Sí,Contenido
K02889,U00707,C0255,2025-07-10 19:03:34,3,No,Experiencia general
K02890,U00946,C0192,2025-11-22 18:55:11,4,Sí,Contenido
K02891,U00615,C0204,2025-09-27 16:55:38,4,Sí,Historia
K02892,U00615,C0111,2025-09-02 16:36:43,5,Sí,Experiencia general
K02893,U00615,C0143,2025-11-06 00:25:51,4,Sí,Historia
K02894,U00634,C0371,2025-12-09 19:27:52,4,Sí,Actuación
K02895,U00634,C0135,2025-12-31 16:56:43,4,Sí,Historia
K02896,U00634,C0153,2025-11-05 16:40:26,3,No,Actuación
K02897,U01235,C0211,2025-12-01 20:06:58,4,Sí,Historia
K02898,U01235,C0163,2025-12-31 23:59:59,4,Sí,Experiencia general
K02899,U01235,C0274,2025-12-20 19:21:18,4,Sí,Contenido
K02900,U01235,C0391,2025-12-06 19:55:38,3,No,Historia
K02901,U01439,C0405,2025-10-07 16:56:13,4,Sí,Historia
K02902,U01439,C0217,2025-08-16 23:55:37,3,No,Contenido
K02903,U01439,C0360,2025-06-08 20:40:21,3,No,Experiencia general
K02904,U00804,C0282,2025-02-22 16:25:17,3,No,Experiencia general
K02905,U00804,C0306,2025-05-14 08:35:31,4,Sí,Contenido
K02906,U01264,C0019,2025-10-01 12:49:30,4,Sí,Experiencia general
K02907,U01264,C0014,2025-07-21 06:59:15,4,Sí,Contenido
K02908,U01264,C0274,2025-06-22 12:05:06,4,Sí,Contenido
K02909,U01264,C0193,2025-12-02 21:50:50,3,No,Historia
K02910,U00944,C0328,2025-04-04 21:53:42,3,No,Actuación
K02911,U00944,C0003,2025-04-15 13:37:40,4,Sí,Historia
K02912,U01053,C0281,2025-09-28 22:06:25,4,Sí,Experiencia general
K02913,U00658,C0107,2025-01-19 19:37:35,4,Sí,Contenido
K02914,U00658,C0153,2025-05-18 22:10:09,3,No,Experiencia general
K02915,U01388,C0413,2025-06-20 20:55:15,4,Sí,Contenido
K02916,U01207,C0183,2025-05-01 21:13:41,3,No,Historia
K02917,U01207,C0316,2025-07-09 11:37:51,4,Sí,Contenido
K02918,U01207,C0263,2025-12-11 17:08:54,4,Sí,Contenido
K02919,U00269,C0118,2025-04-22 14:56:23,3,No,Contenido
K02920,U00997,C0131,2025-10-20 13:13:20,3,No,Experiencia general
K02921,U00545,C0251,2025-04-28 23:07:48,4,Sí,Contenido
K02922,U01426,C0389,2025-12-22 19:41:43,3,No,Contenido
K02923,U01426,C0156,2025-12-25 22:01:54,4,Sí,Contenido
K02924,U00962,C0299,2025-11-21 15:34:04,3,No,Contenido
K02925,U00962,C0369,2025-04-23 23:57:49,4,Sí,Experiencia general
K02926,U00962,C0152,2025-02-20 19:36:24,4,Sí,Contenido
K02927,U00962,C0199,2025-12-07 21:40:58,4,Sí,Contenido
K02928,U00962,C0414,2025-01-29 21:56:06,5,Sí,Contenido
K02929,U01131,C0116,2025-06-08 20:31:03,4,Sí,Experiencia general
K02930,U01131,C0412,2025-05-26 19:27:32,5,Sí,Experiencia general
K02931,U01381,C0310,2025-01-07 09:41:36,3,No,Historia
K02932,U01381,C0323,2025-02-01 18:23:20,4,Sí,Experiencia general
K02933,U01381,C0258,2025-12-03 18:36:51,4,Sí,Contenido
K02934,U01381,C0152,2025-04-11 14:34:01,4,Sí,Experiencia general
K02935,U00801,C0154,2025-11-14 13:30:35,3,No,Experiencia general
K02936,U00801,C0218,2025-09-10 17:40:39,4,Sí,Experiencia general
K02937,U00502,C0110,2025-11-29 17:49:31,4,Sí,Contenido
K02938,U00502,C0098,2025-11-10 23:16:55,4,Sí,Contenido
K02939,U00502,C0418,2025-12-13 18:10:35,4,Sí,Historia
K02940,U00502,C0366,2025-12-16 23:30:34,5,Sí,Historia
K02941,U01181,C0255,2025-10-08 22:17:49,4,Sí,Calidad técnica
K02942,U01432,C0140,2025-11-01 17:17:33,4,Sí,Contenido
K02943,U01432,C0149,2025-10-16 20:51:10,4,Sí,Experiencia general
K02944,U01432,C0069,2025-08-10 00:20:39,3,No,Historia
K02945,U00275,C0192,2025-09-11 09:41:37,4,Sí,Historia
K02946,U00275,C0086,2025-01-31 03:31:43,4,Sí,Historia
K02947,U00275,C0287,2025-09-05 20:59:21,4,Sí,Contenido
K02948,U00275,C0087,2025-08-25 21:20:45,4,Sí,Calidad técnica
K02949,U00275,C0406,2025-06-07 17:50:55,5,Sí,Actuación
K02950,U01076,C0176,2025-12-22 18:50:47,4,Sí,Contenido
K02951,U00063,C0102,2025-11-18 13:26:08,4,Sí,Experiencia general
K02952,U01477,C0115,2025-01-12 22:29:38,4,Sí,Contenido
K02953,U01477,C0147,2025-01-16 21:14:19,3,No,Historia
K02954,U00296,C0098,2025-10-03 18:37:48,3,No,Contenido
K02955,U00296,C0001,2025-12-04 23:21:02,4,Sí,Historia
K02956,U00850,C0032,2025-02-14 22:59:32,3,No,Experiencia general
K02957,U00504,C0274,2025-02-18 20:42:42,4,Sí,Experiencia general
K02958,U00504,C0042,2025-12-22 22:30:11,4,Sí,Experiencia general
K02959,U00504,C0411,2025-03-03 17:35:37,4,Sí,Experiencia general
K02960,U00613,C0373,2025-06-28 17:53:55,4,Sí,Contenido
K02961,U00613,C0043,2025-07-11 20:42:04,3,No,Contenido
K02962,U00613,C0350,2025-05-12 19:15:44,4,Sí,Historia
K02963,U00759,C0129,2025-12-07 13:18:53,3,No,Contenido
K02964,U00759,C0057,2025-08-13 14:30:52,4,Sí,Contenido
K02965,U00393,C0223,2025-03-01 18:18:23,4,Sí,Historia
K02966,U00393,C0042,2025-06-11 19:00:16,4,Sí,Contenido
K02967,U00329,C0025,2025-04-08 12:50:48,4,Sí,Calidad técnica
K02968,U00921,C0103,2025-07-18 21:00:10,4,Sí,Contenido
K02969,U01116,C0223,2025-11-26 18:17:31,4,Sí,Experiencia general
K02970,U01116,C0119,2025-08-02 22:31:38,4,Sí,Contenido
K02971,U01116,C0291,2025-03-09 02:54:44,5,Sí,Contenido
K02972,U01116,C0154,2025-08-22 10:19:13,5,Sí,Experiencia general
K02973,U01212,C0127,2025-10-24 18:18:19,4,Sí,Experiencia general
K02974,U01470,C0279,2025-02-18 08:19:14,5,Sí,Actuación
K02975,U01470,C0387,2025-01-22 21:25:31,5,Sí,Historia
K02976,U01470,C0074,2025-03-07 18:00:48,4,Sí,Actuación
K02977,U00159,C0399,2025-08-13 18:22:03,4,Sí,Calidad técnica
K02978,U00159,C0230,2025-08-01 09:45:08,4,Sí,Historia
K02979,U00335,C0196,2025-09-03 17:16:13,5,Sí,Contenido
K02980,U00064,C0141,2025-07-15 23:40:53,4,Sí,Historia
K02981,U00064,C0350,2025-11-11 19:54:08,4,Sí,Experiencia general
K02982,U00064,C0189,2025-01-20 15:16:00,4,Sí,Experiencia general
K02983,U00064,C0146,2025-11-25 18:52:54,3,No,Experiencia general
K02984,U00064,C0221,2025-01-11 20:28:35,4,Sí,Actuación
K02985,U00729,C0363,2025-05-18 21:50:49,3,No,Actuación
K02986,U00747,C0281,2025-04-16 08:04:42,3,No,Contenido
K02987,U00747,C0076,2025-10-20 22:19:10,5,Sí,Contenido
K02988,U00042,C0143,2025-10-18 21:44:47,4,Sí,Actuación
K02989,U00042,C0295,2025-10-03 22:38:29,4,Sí,Contenido
K02990,U01000,C0411,2025-03-20 18:22:48,4,Sí,Calidad técnica
K02991,U01000,C0348,2025-02-12 20:08:33,3,No,Contenido
K02992,U01000,C0235,2025-09-18 20:46:22,4,Sí,Historia
K02993,U00668,C0101,2025-02-22 23:13:20,4,Sí,Historia
K02994,U00668,C0271,2025-11-11 09:13:38,4,Sí,Contenido
K02995,U00668,C0252,2025-11-27 20:31:47,4,Sí,Contenido
K02996,U01435,C0281,2025-02-04 23:29:13,4,Sí,Contenido
K02997,U01435,C0096,2025-05-05 00:56:03,4,Sí,Experiencia general
K02998,U01435,C0062,2025-02-12 17:57:17,4,Sí,Experiencia general
K02999,U01380,C0374,2025-11-30 11:17:47,3,No,Historia
K03000,U01380,C0267,2025-11-06 20:08:23,4,Sí,Actuación
K03001,U00623,C0392,2025-10-20 19:28:50,4,Sí,Experiencia general
K03002,U00579,C0380,2025-01-31 21:34:27,4,Sí,Experiencia general
K03003,U00579,C0134,2025-03-16 16:43:26,4,Sí,Historia
K03004,U00579,C0170,2025-02-01 19:07:56,3,No,Historia
K03005,U00789,C0212,2025-03-26 16:37:51,4,Sí,Historia
K03006,U00789,C0277,2025-03-15 22:30:02,4,Sí,Calidad técnica
K03007,U00789,C0336,2025-01-20 21:11:27,4,Sí,Contenido
K03008,U00789,C0150,2025-02-21 18:39:12,2,No,Experiencia general
K03009,U01410,C0118,2025-11-03 20:56:33,4,Sí,Actuación
K03010,U01410,C0412,2025-09-09 22:52:57,5,Sí,Calidad técnica
K03011,U01410,C0166,2025-09-27 20:06:32,4,Sí,Calidad técnica
K03012,U00196,C0221,2025-08-26 22:45:14,4,Sí,Historia
K03013,U00196,C0113,2025-05-06 23:31:33,4,Sí,Contenido
K03014,U00196,C0197,2025-01-01 08:50:37,4,Sí,Experiencia general
K03015,U00761,C0134,2025-12-27 12:17:34,5,Sí,Actuación
K03016,U00761,C0078,2025-04-19 18:29:04,3,No,Contenido
K03017,U00761,C0036,2025-06-09 20:58:37,4,Sí,Contenido
K03018,U00494,C0080,2025-03-15 09:31:44,4,Sí,Experiencia general
K03019,U00494,C0378,2025-01-12 22:12:21,5,Sí,Contenido
K03020,U00494,C0202,2025-02-07 09:06:01,4,Sí,Actuación
K03021,U00494,C0332,2025-01-09 23:28:58,5,Sí,Calidad técnica
K03022,U00494,C0272,2025-01-22 22:02:30,4,Sí,Experiencia general
K03023,U01191,C0115,2025-12-06 14:06:18,4,Sí,Historia
K03024,U01191,C0405,2025-11-02 21:25:18,4,Sí,Historia
K03025,U01191,C0276,2025-11-17 09:10:08,4,Sí,Contenido
K03026,U01231,C0050,2025-03-09 19:18:14,5,Sí,Contenido
K03027,U01231,C0295,2025-03-30 21:58:13,4,Sí,Experiencia general
K03028,U01231,C0225,2025-06-12 02:17:36,3,No,Contenido
K03029,U00430,C0310,2025-05-27 15:09:03,4,Sí,Experiencia general
K03030,U01125,C0348,2025-06-11 20:21:25,4,Sí,Calidad técnica
K03031,U01106,C0310,2025-09-14 22:48:04,4,Sí,Calidad técnica
K03032,U01106,C0242,2025-01-30 21:23:21,5,Sí,Contenido
K03033,U01106,C0238,2025-04-19 17:24:07,4,Sí,Experiencia general
K03034,U01106,C0098,2025-08-16 22:06:31,5,Sí,Historia
K03035,U00501,C0347,2025-07-14 22:08:35,4,Sí,Experiencia general
K03036,U00501,C0290,2025-06-29 16:34:39,4,Sí,Contenido
K03037,U00675,C0197,2025-12-15 19:27:54,4,Sí,Historia
K03038,U00675,C0399,2025-09-08 09:22:52,4,Sí,Calidad técnica
K03039,U00675,C0420,2025-08-02 21:29:28,4,Sí,Experiencia general
K03040,U00675,C0356,2025-10-10 19:27:52,4,Sí,Contenido
K03041,U01428,C0308,2025-02-04 20:15:47,4,Sí,Actuación
K03042,U01034,C0418,2025-09-02 09:22:59,4,Sí,Contenido
K03043,U01034,C0049,2025-06-19 20:08:38,5,Sí,Contenido
K03044,U01454,C0355,2025-05-21 13:37:01,4,Sí,Contenido
K03045,U00101,C0005,2025-03-15 21:32:08,4,Sí,Experiencia general
K03046,U00101,C0374,2025-04-06 19:54:32,5,Sí,Actuación
K03047,U00810,C0413,2025-07-10 16:09:02,5,Sí,Actuación
K03048,U00086,C0325,2025-08-17 18:00:25,4,Sí,Experiencia general
K03049,U00086,C0078,2025-10-15 14:27:36,4,Sí,Contenido
K03050,U00086,C0214,2025-10-16 17:09:43,4,Sí,Contenido
K03051,U00086,C0348,2025-09-03 14:06:11,4,Sí,Contenido
K03052,U00746,C0351,2025-05-11 13:54:22,3,No,Historia
K03053,U00746,C0357,2025-06-20 20:50:35,4,Sí,Experiencia general
K03054,U00746,C0167,2025-11-16 21:39:16,4,Sí,Contenido
K03055,U00337,C0217,2025-12-16 22:48:25,4,Sí,Contenido
K03056,U00830,C0344,2025-06-19 11:08:21,4,Sí,Actuación
K03057,U00830,C0342,2025-07-12 17:11:00,3,No,Actuación
K03058,U00830,C0132,2025-11-20 18:51:35,4,Sí,Experiencia general
K03059,U00455,C0407,2025-02-28 20:06:26,3,No,Actuación
K03060,U00709,C0313,2025-05-08 18:37:30,4,Sí,Experiencia general
K03061,U00709,C0091,2025-07-06 02:44:49,5,Sí,Contenido
K03062,U00709,C0041,2025-05-03 20:42:53,4,Sí,Contenido
K03063,U00709,C0324,2025-07-29 02:35:28,3,No,Actuación
K03064,U00709,C0355,2025-06-21 22:10:54,4,Sí,Calidad técnica
K03065,U01292,C0168,2025-11-12 23:30:10,4,Sí,Contenido
K03066,U01174,C0073,2025-05-05 21:31:43,3,No,Actuación
K03067,U00491,C0149,2025-01-08 15:26:06,3,No,Experiencia general
K03068,U00491,C0209,2025-01-17 22:47:26,4,Sí,Experiencia general
K03069,U00491,C0138,2025-01-17 13:46:39,4,Sí,Contenido
K03070,U00563,C0372,2025-07-22 23:38:17,4,Sí,Experiencia general
K03071,U01399,C0372,2025-01-21 09:18:03,4,Sí,Actuación
K03072,U00717,C0341,2025-10-19 07:19:39,4,Sí,Experiencia general
K03073,U00717,C0223,2025-10-20 20:03:44,5,Sí,Historia
K03074,U00717,C0380,2025-10-12 18:54:25,4,Sí,Historia
K03075,U00294,C0307,2025-10-22 18:06:57,5,Sí,Historia
K03076,U00294,C0270,2025-12-04 22:01:25,5,Sí,Historia
K03077,U00294,C0077,2025-12-10 22:19:13,3,No,Experiencia general
K03078,U00294,C0167,2025-11-10 18:35:33,4,Sí,Actuación
K03079,U00281,C0005,2025-12-29 12:30:05,4,Sí,Experiencia general
K03080,U00281,C0278,2025-05-04 22:26:52,4,Sí,Historia
K03081,U00281,C0078,2025-10-22 21:24:32,4,Sí,Historia
K03082,U01430,C0009,2025-07-05 21:32:46,5,Sí,Contenido
K03083,U01430,C0065,2025-04-16 12:14:54,4,Sí,Historia
K03084,U00409,C0307,2025-03-25 18:41:42,4,Sí,Actuación
K03085,U00409,C0281,2025-02-11 13:11:54,3,No,Historia
K03086,U00447,C0320,2025-10-22 14:15:55,4,Sí,Actuación
K03087,U00447,C0357,2025-10-01 12:39:41,3,No,Experiencia general
K03088,U00447,C0217,2025-11-04 22:31:09,5,Sí,Contenido
K03089,U00848,C0082,2025-12-04 13:39:40,4,Sí,Contenido
K03090,U00848,C0030,2025-12-19 22:39:27,4,Sí,Calidad técnica
K03091,U00848,C0349,2025-12-10 18:38:44,4,Sí,Contenido
K03092,U01279,C0062,2025-07-02 20:13:40,4,Sí,Experiencia general
K03093,U01279,C0265,2025-01-10 21:39:57,4,Sí,Contenido
K03094,U01279,C0277,2025-04-25 22:36:06,3,No,Calidad técnica
K03095,U00512,C0099,2025-10-24 17:12:10,4,Sí,Historia
K03096,U00512,C0016,2025-11-04 21:10:03,3,No,Calidad técnica
K03097,U00512,C0401,2025-10-30 04:47:32,5,Sí,Experiencia general
K03098,U00512,C0040,2025-11-12 13:55:20,4,Sí,Historia
K03099,U01404,C0199,2025-01-06 04:22:44,4,Sí,Historia
K03100,U01404,C0189,2025-03-17 19:53:10,4,Sí,Contenido
K03101,U01404,C0337,2025-02-24 13:39:00,5,Sí,Calidad técnica
K03102,U01404,C0302,2025-05-13 20:14:28,3,No,Contenido
K03103,U00458,C0193,2025-03-11 21:06:58,4,Sí,Experiencia general
K03104,U00458,C0201,2025-02-27 03:28:12,3,No,Historia
K03105,U01104,C0284,2025-03-22 22:08:52,4,Sí,Contenido
K03106,U01104,C0282,2025-03-08 18:44:25,3,No,Experiencia general
K03107,U01104,C0106,2025-04-05 15:19:02,5,Sí,Experiencia general
K03108,U01104,C0207,2025-04-08 18:38:24,4,Sí,Actuación
K03109,U01247,C0077,2025-01-17 22:08:16,4,Sí,Experiencia general
K03110,U00374,C0234,2025-01-24 11:43:50,4,Sí,Contenido
K03111,U01233,C0095,2025-06-19 21:04:08,4,Sí,Historia
K03112,U01233,C0151,2025-08-25 16:03:50,4,Sí,Contenido
K03113,U01233,C0410,2025-07-11 04:35:19,4,Sí,Actuación
K03114,U00177,C0291,2025-05-24 19:16:12,3,No,Historia
K03115,U00177,C0300,2025-06-11 20:52:43,5,Sí,Experiencia general
K03116,U00828,C0232,2025-09-02 03:39:16,3,No,Experiencia general
K03117,U00828,C0192,2025-01-19 16:20:52,4,Sí,Historia
K03118,U00828,C0402,2025-02-11 19:21:02,4,Sí,Contenido
K03119,U00828,C0215,2025-01-17 03:28:50,4,Sí,Experiencia general
