dispositivo_id,usuario_id,tipo_dispositivo,sistema_operativo,version_app,fecha_registro_dispositivo
D00001,U00001,Móvil,iOS,7.2,2024-09-25
D00002,U00002,Smart TV,Tizen,7.2,2025-10-17
D00003,U00003,Consola,PlayStation,7.1,2025-02-09
D00004,U00004,Smart TV,webOS,7.2,2025-09-17
D00005,U00005,Smart TV,Roku OS,7.0,2025-08-29
D00006,U00005,Computador,Linux,7.2,2025-06-17
D00007,U00006,Tablet,Android,7.0,2025-07-07
D00008,U00007,Móvil,Android,7.2,2024-02-05
D00009,U00008,Computador,Windows,7.1,2025-08-02
D00010,U00008,Móvil,Android,7.1,2025-05-18
D00011,U00009,Computador,Linux,7.0,2025-04-27
D00012,U00009,Smart TV,Roku OS,7.0,2024-05-19
D00013,U00010,Computador,macOS,7.2,2025-07-02
D00014,U00010,Smart TV,webOS,7.0,2024-04-08
D00015,U00011,Móvil,iOS,7.2,2023-12-16
D00016,U00012,Móvil,Android,7.2,2025-10-26
D00017,U00013,Tablet,iPadOS,7.1,2025-04-14
D00018,U00014,Tablet,iPadOS,7.2,2025-09-20
D00019,U00014,Smart TV,webOS,7.2,2025-11-20
D00020,U00015,Móvil,Android,7.2,2025-09-03
D00021,U00015,Computador,Windows,7.2,2025-02-28
D00022,U00016,Móvil,Android,7.0,2023-05-27
D00023,U00016,Computador,Linux,7.0,2024-01-30
D00024,U00016,Smart TV,webOS,7.0,2025-05-28
D00025,U00017,Móvil,Android,7.2,2025-07-28
D00026,U00017,Smart TV,Tizen,7.2,2024-06-11
D00027,U00018,Computador,Linux,6.9,2024-12-05
D00028,U00018,Smart TV,Roku OS,7.2,2025-03-01
D00029,U00018,Consola,PlayStation,7.1,2025-11-06
D00030,U00019,Consola,Xbox,7.0,2024-10-28
D00031,U00019,Tablet,iPadOS,7.1,2024-10-10
D00032,U00020,Móvil,iOS,7.0,2025-11-13
D00033,U00021,Móvil,iOS,7.0,2025-11-11
D00034,U00021,Computador,Windows,7.2,2025-10-03
D00035,U00022,Computador,Linux,6.8,2023-07-30
D00036,U00022,Móvil,iOS,7.1,2025-09-17
D00037,U00023,Tablet,iPadOS,7.2,2025-06-19
D00038,U00023,Smart TV,webOS,7.1,2025-04-22
D00039,U00024,Smart TV,Tizen,7.1,2025-08-06
D00040,U00025,Computador,Windows,7.1,2025-06-22
D00041,U00025,Smart TV,Roku OS,6.9,2025-03-17
D00042,U00026,Tablet,iPadOS,7.2,2025-10-22
D00043,U00027,Tablet,iPadOS,7.2,2025-10-12
D00044,U00028,Smart TV,Tizen,6.8,2024-06-09
D00045,U00029,Smart TV,Tizen,7.2,2024-10-31
D00046,U00029,Móvil,Android,7.2,2025-04-25
D00047,U00029,Computador,Windows,7.2,2024-12-20
D00048,U00030,Móvil,iOS,7.2,2025-08-21
D00049,U00030,Tablet,iPadOS,7.0,2025-10-21
D00050,U00031,Móvil,iOS,7.1,2025-10-04
D00051,U00031,Computador,Windows,7.1,2025-07-25
D00052,U00032,Móvil,Android,7.2,2025-10-30
D00053,U00032,Tablet,iPadOS,7.1,2025-06-25
D00054,U00033,Móvil,Android,7.2,2024-05-26
D00055,U00034,Smart TV,Tizen,7.1,2024-06-03
D00056,U00034,Computador,Linux,7.0,2025-01-06
D00057,U00035,Móvil,Android,6.9,2025-09-09
D00058,U00036,Tablet,Android,7.0,2024-06-28
D00059,U00036,Móvil,Android,7.1,2024-05-28
D00060,U00037,Computador,macOS,7.1,2024-02-16
D00061,U00038,Móvil,Android,7.1,2025-11-06
D00062,U00038,Computador,Windows,7.2,2025-11-05
D00063,U00039,Computador,Linux,7.0,2025-06-21
D00064,U00039,Móvil,iOS,7.1,2025-09-17
D00065,U00039,Smart TV,Android TV,7.0,2025-06-02
D00066,U00040,Móvil,iOS,7.2,2025-10-10
D00067,U00040,Tablet,iPadOS,6.9,2025-11-13
D00068,U00041,Tablet,iPadOS,7.0,2025-11-26
D00069,U00042,Móvil,iOS,7.2,2025-11-19
D00070,U00043,Smart TV,Roku OS,7.1,2025-03-29
D00071,U00044,Smart TV,webOS,7.1,2024-09-22
D00072,U00045,Smart TV,Roku OS,7.0,2024-12-30
D00073,U00045,Móvil,iOS,7.2,2025-03-14
D00074,U00046,Computador,Windows,7.0,2025-07-29
D00075,U00047,Móvil,iOS,7.1,2025-11-17
D00076,U00047,Computador,macOS,6.9,2025-11-30
D00077,U00048,Móvil,Android,6.8,2025-11-04
D00078,U00049,Computador,Windows,7.2,2025-11-07
D00079,U00049,Smart TV,Android TV,7.2,2025-10-15
D00080,U00050,Smart TV,Roku OS,7.0,2025-01-23
D00081,U00051,Móvil,iOS,6.8,2025-09-05
D00082,U00051,Tablet,iPadOS,7.1,2025-02-01
D00083,U00051,Smart TV,Tizen,7.0,2024-06-25
D00084,U00052,Tablet,iPadOS,7.1,2025-02-22
D00085,U00052,Móvil,Android,7.1,2025-11-14
D00086,U00053,Smart TV,Roku OS,7.2,2025-04-06
D00087,U00053,Tablet,iPadOS,6.9,2025-11-29
D00088,U00054,Smart TV,webOS,7.2,2025-07-01
D00089,U00054,Computador,macOS,7.1,2025-09-24
D00090,U00055,Móvil,Android,7.1,2025-11-23
D00091,U00055,Computador,Windows,6.9,2025-11-05
D00092,U00056,Móvil,iOS,7.2,2025-10-11
D00093,U00057,Computador,Linux,6.8,2025-05-31
D00094,U00058,Smart TV,Roku OS,7.1,2024-01-20
D00095,U00059,Computador,macOS,7.2,2024-09-06
D00096,U00059,Smart TV,webOS,7.2,2024-04-27
D00097,U00060,Smart TV,webOS,7.1,2025-08-28
D00098,U00060,Computador,Windows,7.1,2025-02-14
D00099,U00061,Computador,Linux,7.0,2025-11-15
D00100,U00062,Tablet,iPadOS,7.2,2025-11-27
D00101,U00062,Móvil,iOS,7.0,2024-12-01
D00102,U00063,Móvil,iOS,7.2,2025-05-10
D00103,U00064,Computador,Windows,7.2,2025-11-28
D00104,U00064,Smart TV,Roku OS,6.9,2025-03-21
D00105,U00065,Tablet,iPadOS,6.9,2024-02-04
D00106,U00066,Móvil,iOS,7.0,2023-09-29
D00107,U00066,Computador,Windows,7.2,2024-07-16
D00108,U00067,Smart TV,webOS,7.1,2025-08-19
D00109,U00067,Móvil,Android,6.8,2025-05-15
D00110,U00067,Tablet,iPadOS,6.9,2025-11-19
D00111,U00068,Móvil,iOS,7.0,2025-08-10
D00112,U00069,Computador,macOS,6.9,2023-08-06
D00113,U00069,Tablet,Android,7.2,2024-02-21
D00114,U00070,Tablet,Android,7.1,2025-11-29
D00115,U00071,Móvil,Android,7.1,2025-11-07
D00116,U00072,Smart TV,webOS,7.2,2025-02-11
D00117,U00072,Computador,Windows,7.2,2025-03-14
D00118,U00072,Móvil,iOS,7.0,2025-11-09
D00119,U00073,Smart TV,Tizen,7.2,2025-07-10
D00120,U00074,Smart TV,Android TV,7.1,2025-10-01
D00121,U00075,Computador,Windows,7.1,2025-05-01
D00122,U00075,Smart TV,webOS,7.0,2024-06-14
D00123,U00076,Tablet,Android,7.1,2025-10-03
D00124,U00077,Móvil,iOS,7.2,2024-10-15
D00125,U00077,Smart TV,Roku OS,7.2,2025-08-07
D00126,U00077,Computador,Windows,6.8,2025-06-13
D00127,U00078,Smart TV,Roku OS,7.2,2025-09-10
D00128,U00079,Smart TV,Android TV,7.1,2024-01-28
D00129,U00079,Computador,macOS,7.0,2024-01-03
D00130,U00079,Móvil,iOS,7.1,2024-10-16
D00131,U00080,Móvil,Android,7.2,2024-04-10
D00132,U00081,Computador,Linux,7.0,2024-03-24
D00133,U00081,Smart TV,Roku OS,7.1,2024-05-24
D00134,U00082,Móvil,Android,7.0,2025-04-26
D00135,U00083,Móvil,iOS,7.0,2025-10-31
D00136,U00084,Computador,Linux,7.1,2025-10-08
D00137,U00085,Móvil,Android,7.2,2025-11-20
D00138,U00085,Smart TV,Roku OS,6.8,2025-10-16
D00139,U00086,Computador,Linux,7.2,2025-04-12
D00140,U00086,Móvil,Android,7.1,2025-06-22
D00141,U00087,Computador,Linux,7.0,2025-10-14
D00142,U00087,Tablet,iPadOS,7.2,2025-09-20
D00143,U00088,Móvil,iOS,7.0,2025-11-03
D00144,U00088,Smart TV,Tizen,6.9,2025-02-27
D00145,U00089,Computador,Linux,6.8,2025-08-24
D00146,U00090,Smart TV,Android TV,7.2,2024-11-13
D00147,U00091,Móvil,Android,7.2,2024-09-24
D00148,U00091,Smart TV,webOS,6.8,2025-05-30
D00149,U00091,Computador,Linux,7.0,2024-11-30
D00150,U00092,Móvil,iOS,7.0,2023-11-29
D00151,U00092,Consola,PlayStation,7.0,2025-05-08
D00152,U00093,Smart TV,webOS,7.1,2024-08-09
D00153,U00094,Móvil,Android,6.8,2025-11-22
D00154,U00095,Smart TV,Roku OS,7.1,2025-01-24
D00155,U00095,Computador,Linux,6.9,2024-10-31
D00156,U00096,Computador,Windows,7.2,2025-11-28
D00157,U00096,Smart TV,Android TV,7.1,2025-07-05
D00158,U00097,Smart TV,Roku OS,7.2,2024-03-09
D00159,U00098,Tablet,Android,7.1,2025-05-11
D00160,U00099,Móvil,iOS,7.0,2025-02-28
D00161,U00100,Móvil,Android,7.0,2025-04-02
D00162,U00100,Consola,Xbox,7.0,2025-03-07
D00163,U00101,Computador,Windows,7.1,2024-07-07
D00164,U00101,Móvil,Android,7.2,2024-11-25
D00165,U00102,Móvil,Android,6.8,2025-02-16
D00166,U00103,Smart TV,webOS,7.2,2025-04-20
D00167,U00103,Computador,Linux,6.9,2025-03-12
D00168,U00103,Móvil,Android,7.1,2025-11-04
D00169,U00104,Consola,Xbox,7.0,2024-11-29
D00170,U00104,Smart TV,webOS,7.1,2025-03-15
D00171,U00105,Computador,macOS,7.2,2025-10-25
D00172,U00105,Smart TV,Roku OS,7.0,2025-11-24
D00173,U00106,Computador,macOS,7.1,2024-09-15
D00174,U00106,Smart TV,Roku OS,6.9,2023-12-26
D00175,U00106,Móvil,Android,7.2,2025-04-16
D00176,U00107,Móvil,iOS,7.1,2025-10-17
D00177,U00108,Smart TV,Android TV,7.0,2025-05-12
D00178,U00108,Móvil,Android,6.8,2025-03-17
D00179,U00109,Móvil,Android,7.1,2023-09-13
D00180,U00110,Móvil,iOS,7.0,2024-11-06
D00181,U00111,Tablet,iPadOS,7.2,2024-10-06
D00182,U00112,Móvil,iOS,7.0,2025-01-08
D00183,U00112,Computador,macOS,7.2,2025-05-20
D00184,U00113,Computador,macOS,7.1,2024-12-07
D00185,U00114,Computador,Linux,7.1,2025-07-10
D00186,U00114,Smart TV,Tizen,6.9,2025-11-09
D00187,U00115,Computador,macOS,6.9,2025-09-21
D00188,U00115,Smart TV,webOS,6.9,2025-08-06
D00189,U00115,Tablet,iPadOS,7.1,2025-07-07
D00190,U00116,Smart TV,Tizen,7.2,2025-06-06
D00191,U00117,Móvil,iOS,7.2,2025-09-21
D00192,U00117,Smart TV,webOS,7.2,2025-11-16
D00193,U00118,Móvil,Android,7.1,2025-05-28
D00194,U00119,Smart TV,Tizen,7.1,2023-04-17
D00195,U00119,Computador,Windows,7.1,2024-11-28
D00196,U00120,Tablet,iPadOS,7.1,2025-03-28
D00197,U00120,Móvil,Android,7.2,2025-04-22
D00198,U00121,Computador,Windows,7.2,2025-10-12
D00199,U00121,Smart TV,webOS,7.0,2025-04-06
D00200,U00122,Smart TV,Roku OS,6.8,2025-09-12
D00201,U00122,Computador,macOS,7.2,2025-05-19
D00202,U00123,Computador,Windows,7.0,2025-10-03
D00203,U00123,Tablet,iPadOS,7.0,2025-04-26
D00204,U00123,Móvil,iOS,7.2,2025-11-26
D00205,U00124,Computador,Linux,6.9,2025-04-30
D00206,U00125,Smart TV,Tizen,7.2,2025-08-02
D00207,U00126,Móvil,Android,7.1,2024-12-31
D00208,U00126,Tablet,Android,7.1,2025-08-29
D00209,U00126,Consola,PlayStation,7.1,2025-02-02
D00210,U00127,Computador,macOS,7.2,2025-03-29
D00211,U00127,Móvil,iOS,7.1,2025-07-10
D00212,U00128,Computador,Windows,7.0,2025-07-25
D00213,U00129,Smart TV,Android TV,7.2,2025-02-22
D00214,U00129,Consola,PlayStation,7.2,2024-07-25
D00215,U00129,Computador,Linux,7.1,2024-10-11
D00216,U00130,Smart TV,Roku OS,7.1,2025-10-21
D00217,U00130,Consola,PlayStation,7.1,2025-10-02
D00218,U00131,Tablet,iPadOS,6.8,2025-04-11
D00219,U00132,Computador,Windows,6.8,2025-01-14
D00220,U00133,Móvil,iOS,7.0,2025-01-10
D00221,U00133,Smart TV,Tizen,7.2,2025-10-19
D00222,U00134,Smart TV,Roku OS,7.2,2025-10-08
D00223,U00134,Computador,macOS,7.2,2023-09-01
D00224,U00134,Móvil,iOS,7.2,2023-11-07
D00225,U00135,Móvil,iOS,6.9,2024-06-22
D00226,U00135,Computador,macOS,7.1,2025-10-15
D00227,U00135,Tablet,Android,7.2,2025-05-14
D00228,U00136,Computador,Windows,7.0,2025-06-01
D00229,U00137,Móvil,Android,6.8,2025-06-25
D00230,U00137,Smart TV,webOS,7.1,2023-09-09
D00231,U00138,Computador,macOS,7.2,2024-08-28
D00232,U00138,Móvil,Android,7.1,2024-06-01
D00233,U00139,Smart TV,Tizen,7.0,2025-10-19
D00234,U00140,Móvil,Android,7.1,2025-11-06
D00235,U00141,Móvil,Android,7.1,2024-10-06
D00236,U00142,Computador,Linux,7.1,2025-08-12
D00237,U00143,Smart TV,Roku OS,7.2,2024-07-17
D00238,U00143,Tablet,iPadOS,7.2,2024-10-13
D00239,U00144,Smart TV,Android TV,7.2,2025-08-01
D00240,U00145,Computador,Windows,7.1,2025-09-18
D00241,U00146,Móvil,Android,7.1,2025-06-13
D00242,U00146,Computador,macOS,7.2,2025-03-16
D00243,U00147,Smart TV,webOS,7.1,2023-11-30
D00244,U00147,Computador,Windows,7.1,2024-10-18
D00245,U00147,Móvil,iOS,7.0,2024-09-08
D00246,U00148,Smart TV,webOS,7.2,2023-10-01
D00247,U00148,Móvil,Android,6.8,2025-02-15
D00248,U00149,Móvil,iOS,7.1,2025-07-27
D00249,U00149,Computador,Windows,6.9,2024-08-14
D00250,U00149,Tablet,iPadOS,7.2,2023-08-28
D00251,U00150,Smart TV,webOS,7.0,2025-02-20
D00252,U00150,Móvil,iOS,7.2,2025-03-10
D00253,U00150,Tablet,Android,6.9,2025-02-23
D00254,U00151,Móvil,iOS,7.1,2025-11-18
D00255,U00151,Smart TV,webOS,7.1,2025-11-24
D00256,U00151,Computador,Windows,7.1,2025-11-26
D00257,U00152,Computador,Windows,6.9,2025-02-22
D00258,U00153,Computador,macOS,7.1,2023-05-13
D00259,U00154,Smart TV,webOS,7.0,2025-07-29
D00260,U00154,Computador,Windows,7.0,2025-04-04
D00261,U00155,Tablet,Android,7.2,2025-11-28
D00262,U00155,Computador,Linux,7.2,2025-01-27
D00263,U00156,Computador,Linux,7.2,2025-09-27
D00264,U00156,Móvil,Android,7.2,2024-11-04
D00265,U00157,Smart TV,Android TV,7.1,2024-09-19
D00266,U00158,Móvil,Android,7.2,2025-06-05
D00267,U00159,Tablet,iPadOS,7.2,2025-06-10
D00268,U00159,Smart TV,Android TV,6.8,2025-08-14
D00269,U00160,Smart TV,Roku OS,7.2,2025-11-02
D00270,U00161,Smart TV,Tizen,7.0,2024-02-18
D00271,U00161,Móvil,iOS,7.2,2023-05-21
D00272,U00162,Smart TV,webOS,7.1,2025-10-13
D00273,U00162,Móvil,Android,7.2,2025-10-14
D00274,U00163,Computador,Windows,7.1,2025-11-23
D00275,U00164,Smart TV,Android TV,6.8,2024-04-04
D00276,U00165,Computador,Linux,7.2,2023-02-03
D00277,U00166,Móvil,iOS,7.1,2025-06-07
D00278,U00166,Tablet,Android,7.2,2025-07-30
D00279,U00167,Móvil,Android,6.9,2024-11-26
D00280,U00168,Móvil,Android,7.2,2025-02-09
D00281,U00168,Computador,Linux,6.9,2025-09-21
D00282,U00169,Tablet,Android,7.2,2025-07-19
D00283,U00169,Móvil,Android,6.8,2025-03-27
D00284,U00170,Móvil,Android,7.1,2024-12-06
D00285,U00170,Smart TV,Tizen,7.1,2024-10-12
D00286,U00171,Computador,macOS,7.2,2024-08-23
D00287,U00171,Smart TV,Roku OS,7.1,2025-06-29
D00288,U00172,Smart TV,Roku OS,7.1,2025-09-07
D00289,U00173,Computador,Windows,7.2,2024-02-15
D00290,U00173,Tablet,Android,7.0,2023-06-17
D00291,U00173,Smart TV,Android TV,7.2,2025-10-18
D00292,U00174,Computador,Linux,6.9,2024-03-22
D00293,U00175,Móvil,iOS,7.2,2025-07-26
D00294,U00175,Tablet,iPadOS,7.0,2025-09-20
D00295,U00176,Móvil,iOS,7.1,2025-01-02
D00296,U00177,Computador,Linux,6.8,2025-10-23
D00297,U00178,Móvil,iOS,7.2,2025-10-09
D00298,U00179,Tablet,Android,7.0,2025-06-29
D00299,U00180,Smart TV,Android TV,7.2,2025-09-30
D00300,U00181,Tablet,Android,7.0,2025-04-17
D00301,U00181,Móvil,Android,7.2,2025-11-29
D00302,U00182,Tablet,Android,7.1,2025-01-25
D00303,U00183,Smart TV,Tizen,6.9,2025-09-19
D00304,U00183,Computador,Windows,7.2,2025-02-03
D00305,U00184,Computador,Windows,7.2,2025-02-28
D00306,U00185,Smart TV,Roku OS,6.9,2025-09-13
D00307,U00186,Móvil,Android,7.2,2024-11-04
D00308,U00187,Móvil,Android,7.2,2025-10-28
D00309,U00188,Computador,Windows,7.1,2025-01-23
D00310,U00188,Móvil,iOS,7.2,2024-09-16
D00311,U00188,Tablet,Android,7.0,2025-09-29
D00312,U00189,Móvil,iOS,7.2,2025-10-06
D00313,U00189,Smart TV,Android TV,7.1,2025-07-30
D00314,U00190,Consola,Xbox,6.9,2025-08-04
D00315,U00190,Móvil,iOS,7.2,2025-07-24
D00316,U00191,Móvil,iOS,7.2,2025-09-11
D00317,U00191,Computador,macOS,6.8,2025-11-11
D00318,U00191,Smart TV,Android TV,7.1,2025-11-18
D00319,U00192,Consola,Xbox,7.0,2025-11-13
D00320,U00192,Smart TV,webOS,7.2,2025-11-21
D00321,U00193,Tablet,Android,7.2,2024-12-11
D00322,U00194,Móvil,Android,7.0,2025-10-27
D00323,U00195,Móvil,Android,7.0,2025-03-07
D00324,U00196,Smart TV,Tizen,6.9,2025-03-10
D00325,U00196,Móvil,iOS,7.1,2025-02-17
D00326,U00197,Smart TV,webOS,7.1,2025-05-28
D00327,U00197,Computador,macOS,7.0,2025-03-11
D00328,U00198,Tablet,iPadOS,7.1,2025-11-25
D00329,U00198,Móvil,iOS,7.2,2024-12-22
D00330,U00199,Smart TV,Android TV,7.1,2025-04-17
D00331,U00199,Móvil,iOS,7.1,2025-03-25
D00332,U00200,Smart TV,webOS,7.1,2025-10-16
D00333,U00201,Computador,Windows,7.2,2025-10-26
D00334,U00202,Tablet,iPadOS,7.2,2025-11-01
D00335,U00202,Computador,Windows,6.8,2024-12-30
D00336,U00203,Tablet,iPadOS,7.2,2025-04-28
D00337,U00204,Móvil,Android,6.9,2024-12-28
D00338,U00204,Smart TV,Android TV,6.9,2025-05-29
D00339,U00205,Móvil,Android,7.1,2025-01-27
D00340,U00205,Smart TV,Roku OS,7.2,2024-04-07
D00341,U00206,Computador,macOS,7.1,2023-05-23
D00342,U00206,Smart TV,Android TV,6.9,2025-10-29
D00343,U00207,Computador,Linux,7.0,2025-09-13
D00344,U00207,Móvil,iOS,7.2,2025-09-08
D00345,U00208,Smart TV,webOS,7.2,2025-02-21
D00346,U00208,Computador,Windows,7.1,2025-07-14
D00347,U00209,Smart TV,Android TV,7.2,2024-08-23
D00348,U00210,Tablet,iPadOS,7.1,2023-10-16
D00349,U00210,Smart TV,Android TV,7.2,2024-05-12
D00350,U00211,Smart TV,Android TV,7.1,2025-10-02
D00351,U00212,Smart TV,Android TV,7.1,2025-03-16
D00352,U00212,Móvil,Android,6.8,2025-03-29
D00353,U00213,Smart TV,Tizen,7.1,2023-03-28
D00354,U00213,Móvil,Android,7.1,2025-07-31
D00355,U00214,Móvil,Android,7.2,2025-01-15
D00356,U00214,Computador,Windows,7.2,2024-06-21
D00357,U00214,Smart TV,Android TV,7.1,2024-09-05
D00358,U00215,Móvil,Android,7.2,2024-12-05
D00359,U00215,Computador,Windows,7.0,2025-10-11
D00360,U00216,Smart TV,Android TV,7.2,2025-10-01
D00361,U00217,Móvil,Android,7.1,2024-04-19
D00362,U00218,Computador,macOS,7.1,2025-10-11
D00363,U00219,Móvil,iOS,6.8,2025-06-25
D00364,U00220,Computador,Windows,7.0,2025-11-13
D00365,U00221,Smart TV,Android TV,7.1,2025-04-22
D00366,U00222,Computador,Windows,7.0,2025-08-27
D00367,U00222,Móvil,iOS,7.2,2025-08-22
D00368,U00222,Computador,Linux,7.0,2023-10-31
D00369,U00223,Computador,macOS,6.9,2025-10-23
D00370,U00224,Móvil,Android,7.2,2025-11-29
D00371,U00225,Smart TV,Android TV,7.1,2024-05-22
D00372,U00226,Computador,Windows,6.8,2025-03-03
D00373,U00226,Móvil,iOS,6.8,2024-10-20
D00374,U00227,Computador,macOS,6.8,2024-08-24
D00375,U00228,Smart TV,Roku OS,7.2,2025-01-07
D00376,U00228,Tablet,Android,7.1,2025-09-28
D00377,U00229,Móvil,Android,7.1,2024-02-01
D00378,U00229,Smart TV,Android TV,7.1,2025-06-15
D00379,U00230,Computador,Linux,7.2,2024-06-13
D00380,U00231,Móvil,iOS,7.1,2024-09-30
D00381,U00232,Computador,Windows,7.2,2025-10-03
D00382,U00232,Smart TV,Android TV,6.8,2024-05-27
D00383,U00233,Smart TV,Tizen,7.2,2025-05-25
D00384,U00234,Smart TV,Roku OS,7.1,2024-11-01
D00385,U00234,Computador,Windows,6.8,2024-03-28
D00386,U00235,Computador,macOS,7.2,2025-05-27
D00387,U00236,Móvil,Android,6.8,2025-10-21
D00388,U00237,Móvil,iOS,7.2,2023-12-06
D00389,U00237,Tablet,Android,7.2,2024-02-09
D00390,U00237,Smart TV,Android TV,7.2,2024-10-02
D00391,U00238,Smart TV,Roku OS,7.1,2025-09-02
D00392,U00238,Computador,Windows,7.1,2025-09-11
D00393,U00238,Tablet,iPadOS,7.2,2025-08-25
D00394,U00239,Smart TV,Android TV,7.1,2024-08-10
D00395,U00239,Computador,macOS,7.2,2024-10-23
D00396,U00240,Smart TV,Roku OS,7.2,2025-01-09
D00397,U00240,Tablet,Android,7.0,2024-09-14
D00398,U00240,Computador,Linux,7.2,2024-09-12
D00399,U00241,Móvil,iOS,7.1,2025-11-21
D00400,U00241,Smart TV,Roku OS,7.2,2025-11-26
D00401,U00241,Computador,macOS,7.2,2025-11-10
D00402,U00242,Smart TV,webOS,7.2,2025-02-23
D00403,U00242,Computador,Windows,7.0,2025-04-25
D00404,U00242,Móvil,iOS,6.9,2025-03-24
D00405,U00243,Tablet,iPadOS,7.1,2025-10-19
D00406,U00243,Móvil,iOS,7.1,2024-12-09
D00407,U00244,Computador,Linux,7.0,2025-08-20
D00408,U00244,Smart TV,Android TV,6.8,2025-11-04
D00409,U00245,Smart TV,Android TV,7.2,2024-12-20
D00410,U00245,Móvil,Android,7.1,2024-04-18
D00411,U00246,Computador,macOS,7.0,2025-08-01
D00412,U00246,Smart TV,Roku OS,6.9,2025-10-03
D00413,U00247,Computador,macOS,7.1,2025-10-22
D00414,U00248,Móvil,iOS,7.1,2025-05-21
D00415,U00248,Tablet,Android,6.9,2025-08-21
D00416,U00248,Computador,Windows,7.2,2025-07-19
D00417,U00249,Smart TV,Tizen,6.8,2025-10-03
D00418,U00249,Computador,Windows,7.0,2025-10-14
D00419,U00250,Tablet,Android,7.1,2025-07-06
D00420,U00250,Móvil,Android,7.1,2025-11-22
D00421,U00251,Smart TV,webOS,7.1,2025-06-26
D00422,U00252,Consola,Xbox,7.2,2024-07-04
D00423,U00252,Tablet,Android,7.1,2025-06-21
D00424,U00253,Móvil,Android,6.9,2025-08-25
D00425,U00254,Móvil,Android,7.0,2025-11-13
D00426,U00255,Móvil,iOS,6.8,2024-02-16
D00427,U00255,Smart TV,Tizen,7.1,2024-11-15
D00428,U00256,Móvil,Android,7.2,2025-02-19
D00429,U00256,Tablet,iPadOS,7.0,2024-10-18
D00430,U00257,Móvil,iOS,7.2,2025-11-24
D00431,U00257,Smart TV,Android TV,7.1,2025-11-08
D00432,U00258,Computador,Linux,7.0,2024-05-12
D00433,U00258,Móvil,Android,7.2,2024-07-01
D00434,U00259,Móvil,Android,6.9,2025-01-19
D00435,U00259,Smart TV,Roku OS,7.0,2025-01-07
D00436,U00259,Tablet,iPadOS,7.2,2025-04-12
D00437,U00260,Computador,Linux,7.2,2025-10-14
D00438,U00261,Móvil,iOS,7.2,2024-11-15
D00439,U00262,Smart TV,Android TV,6.9,2025-09-18
D00440,U00263,Tablet,iPadOS,7.1,2024-10-12
D00441,U00263,Computador,Linux,7.2,2024-12-27
D00442,U00263,Móvil,Android,7.1,2024-12-09
D00443,U00264,Móvil,iOS,6.8,2025-06-05
D00444,U00264,Smart TV,webOS,7.1,2025-04-19
D00445,U00265,Consola,PlayStation,7.2,2025-06-18
D00446,U00265,Móvil,Android,7.2,2024-03-20
D00447,U00266,Móvil,iOS,6.9,2024-03-19
D00448,U00267,Tablet,Android,7.2,2025-09-07
D00449,U00268,Smart TV,Tizen,7.2,2024-10-29
D00450,U00269,Computador,macOS,7.0,2025-08-16
D00451,U00270,Computador,macOS,7.1,2025-10-18
D00452,U00270,Móvil,Android,7.1,2025-10-22
D00453,U00271,Tablet,iPadOS,7.1,2025-09-25
D00454,U00271,Smart TV,Roku OS,7.0,2025-09-07
D00455,U00272,Tablet,Android,6.8,2025-03-16
D00456,U00273,Smart TV,Android TV,7.2,2025-07-29
D00457,U00273,Computador,Linux,6.9,2025-01-01
D00458,U00274,Tablet,Android,7.0,2025-11-16
D00459,U00274,Móvil,Android,7.0,2025-07-19
D00460,U00275,Tablet,iPadOS,7.2,2025-03-16
D00461,U00276,Computador,Linux,7.1,2025-05-27
D00462,U00276,Móvil,Android,7.1,2025-05-01
D00463,U00277,Computador,Windows,7.1,2025-11-03
D00464,U00277,Móvil,Android,7.1,2025-11-01
D00465,U00277,Tablet,iPadOS,7.0,2025-11-14
D00466,U00278,Móvil,Android,7.0,2024-07-24
D00467,U00278,Computador,Windows,7.2,2025-10-13
D00468,U00279,Computador,Linux,7.0,2025-10-26
D00469,U00279,Smart TV,Roku OS,7.2,2025-11-13
D00470,U00280,Smart TV,webOS,7.0,2024-10-30
D00471,U00281,Tablet,iPadOS,6.9,2025-04-05
D00472,U00282,Computador,macOS,7.2,2025-03-18
D00473,U00283,Smart TV,Roku OS,6.9,2025-11-12
D00474,U00284,Smart TV,webOS,7.0,2024-12-21
D00475,U00284,Móvil,iOS,7.1,2024-03-08
D00476,U00285,Móvil,Android,6.9,2024-03-15
D00477,U00285,Smart TV,Tizen,7.1,2023-07-23
D00478,U00286,Smart TV,Tizen,7.1,2025-11-14
D00479,U00287,Móvil,iOS,7.1,2025-01-20
D00480,U00287,Computador,Windows,7.2,2025-03-06
D00481,U00288,Smart TV,Android TV,7.1,2025-11-25
D00482,U00289,Smart TV,Android TV,7.2,2025-08-02
D00483,U00289,Móvil,Android,7.2,2025-11-29
D00484,U00290,Smart TV,Roku OS,7.2,2025-11-29
D00485,U00290,Móvil,Android,7.1,2024-10-15
D00486,U00290,Tablet,iPadOS,7.0,2024-09-29
D00487,U00291,Móvil,iOS,6.9,2025-11-05
D00488,U00292,Smart TV,webOS,7.2,2025-03-05
D00489,U00292,Móvil,iOS,7.1,2025-07-09
D00490,U00293,Móvil,Android,7.1,2025-10-29
D00491,U00293,Computador,Windows,7.2,2025-09-27
D00492,U00293,Consola,Xbox,7.1,2025-09-05
D00493,U00294,Computador,macOS,7.2,2025-10-30
D00494,U00295,Smart TV,webOS,7.2,2024-01-26
D00495,U00295,Tablet,iPadOS,7.2,2025-10-17
D00496,U00296,Computador,Linux,7.2,2025-11-25
D00497,U00296,Smart TV,webOS,6.9,2025-09-21
D00498,U00297,Smart TV,webOS,7.0,2025-11-20
D00499,U00297,Computador,Windows,7.2,2025-10-30
D00500,U00298,Computador,Windows,7.2,2025-11-01
D00501,U00298,Móvil,Android,7.2,2025-11-14
D00502,U00298,Smart TV,Tizen,7.0,2025-11-24
D00503,U00299,Computador,Linux,7.1,2025-11-10
D00504,U00300,Smart TV,Tizen,7.2,2025-10-16
D00505,U00301,Móvil,iOS,7.1,2025-09-15
D00506,U00301,Computador,Windows,7.1,2025-04-23
D00507,U00301,Consola,Xbox,6.8,2025-11-21
D00508,U00302,Móvil,Android,7.1,2025-07-24
D00509,U00302,Smart TV,webOS,7.2,2025-10-06
D00510,U00303,Móvil,Android,7.2,2025-10-25
D00511,U00303,Smart TV,Tizen,7.2,2025-06-21
D00512,U00304,Smart TV,webOS,7.1,2025-10-30
D00513,U00304,Computador,Windows,7.1,2025-10-19
D00514,U00304,Móvil,Android,7.1,2025-11-29
D00515,U00305,Computador,macOS,6.9,2025-01-17
D00516,U00305,Smart TV,webOS,7.2,2025-11-30
D00517,U00306,Móvil,iOS,7.1,2023-12-06
D00518,U00306,Tablet,iPadOS,7.0,2025-06-20
D00519,U00306,Computador,Linux,6.8,2025-03-22
D00520,U00307,Computador,Windows,7.0,2025-09-07
D00521,U00307,Móvil,Android,7.2,2025-11-09
D00522,U00308,Smart TV,Tizen,7.0,2024-04-21
D00523,U00308,Móvil,iOS,7.2,2025-07-19
D00524,U00309,Tablet,iPadOS,7.2,2025-11-11
D00525,U00309,Computador,Windows,7.2,2024-12-24
D00526,U00310,Smart TV,Android TV,7.1,2024-06-24
D00527,U00310,Computador,Windows,7.0,2024-09-02
D00528,U00311,Móvil,Android,7.2,2025-04-16
D00529,U00311,Computador,Linux,7.0,2025-08-08
D00530,U00311,Tablet,Android,7.2,2024-02-12
D00531,U00312,Smart TV,webOS,7.2,2024-11-11
D00532,U00312,Móvil,iOS,7.2,2025-09-26
D00533,U00313,Computador,Windows,7.2,2025-10-21
D00534,U00314,Computador,Windows,7.1,2025-01-14
D00535,U00315,Smart TV,Tizen,7.2,2025-11-26
D00536,U00315,Tablet,iPadOS,7.1,2025-10-28
D00537,U00316,Móvil,Android,7.2,2024-10-23
D00538,U00317,Móvil,iOS,7.2,2025-11-19
D00539,U00317,Smart TV,Android TV,7.1,2025-06-25
D00540,U00318,Smart TV,Android TV,6.9,2024-08-07
D00541,U00319,Tablet,iPadOS,7.2,2025-02-27
D00542,U00319,Smart TV,Tizen,7.2,2024-12-16
D00543,U00320,Smart TV,Tizen,6.8,2025-04-04
D00544,U00320,Consola,PlayStation,7.1,2025-09-27
D00545,U00321,Smart TV,Android TV,7.1,2024-04-01
D00546,U00322,Móvil,iOS,7.0,2024-08-06
D00547,U00322,Computador,Linux,7.0,2024-03-04
D00548,U00323,Tablet,Android,7.2,2025-06-25
D00549,U00324,Smart TV,Roku OS,7.0,2025-09-14
D00550,U00325,Computador,Windows,7.0,2024-09-03
D00551,U00325,Smart TV,Roku OS,7.2,2025-01-30
D00552,U00325,Móvil,Android,7.1,2024-09-16
D00553,U00326,Computador,macOS,7.2,2024-09-11
D00554,U00326,Smart TV,Roku OS,7.2,2025-03-19
D00555,U00327,Computador,macOS,7.2,2025-06-27
D00556,U00327,Móvil,Android,6.9,2025-03-03
D00557,U00327,Smart TV,Roku OS,7.1,2025-09-16
D00558,U00328,Tablet,Android,6.9,2025-10-25
D00559,U00328,Móvil,Android,7.1,2025-09-17
D00560,U00329,Computador,Linux,7.1,2024-07-29
D00561,U00329,Smart TV,Roku OS,7.0,2025-08-12
D00562,U00330,Smart TV,Android TV,7.2,2024-02-26
D00563,U00330,Computador,macOS,7.1,2025-01-26
D00564,U00331,Smart TV,Roku OS,7.0,2023-07-07
D00565,U00331,Móvil,Android,7.1,2023-12-04
D00566,U00332,Computador,macOS,7.1,2025-07-19
D00567,U00333,Tablet,Android,7.2,2025-09-22
D00568,U00334,Móvil,Android,7.1,2024-09-21
D00569,U00334,Computador,Linux,7.1,2025-08-12
D00570,U00335,Smart TV,Android TV,6.8,2025-10-28
D00571,U00336,Computador,Linux,7.1,2025-06-23
D00572,U00337,Móvil,Android,7.1,2025-11-15
D00573,U00338,Tablet,Android,6.8,2025-10-22
D00574,U00339,Smart TV,Roku OS,7.2,2024-10-17
D00575,U00340,Smart TV,Tizen,7.1,2024-01-28
D00576,U00341,Smart TV,Android TV,7.2,2025-11-19
D00577,U00342,Móvil,iOS,7.1,2025-11-27
D00578,U00342,Smart TV,Tizen,7.0,2025-11-16
D00579,U00343,Computador,macOS,6.8,2025-07-28
D00580,U00344,Computador,macOS,6.8,2023-12-25
D00581,U00345,Móvil,iOS,7.1,2024-06-26
D00582,U00346,Smart TV,Tizen,7.0,2025-01-02
D00583,U00347,Smart TV,Tizen,7.1,2024-12-06
D00584,U00347,Computador,macOS,7.1,2025-10-18
D00585,U00348,Móvil,iOS,6.9,2025-08-14
D00586,U00349,Móvil,iOS,7.2,2025-10-18
D00587,U00350,Computador,macOS,7.1,2024-12-02
D00588,U00351,Móvil,iOS,7.2,2024-11-20
D00589,U00351,Computador,macOS,7.2,2025-01-20
D00590,U00351,Tablet,iPadOS,7.1,2025-01-24
D00591,U00352,Computador,macOS,7.1,2025-09-10
D00592,U00353,Computador,macOS,6.9,2025-01-08
D00593,U00354,Smart TV,Tizen,7.2,2025-09-15
D00594,U00354,Móvil,iOS,7.2,2025-06-21
D00595,U00355,Smart TV,webOS,7.2,2025-10-25
D00596,U00355,Consola,Xbox,7.2,2025-10-04
D00597,U00356,Smart TV,Android TV,7.2,2025-03-18
D00598,U00357,Smart TV,Tizen,7.1,2025-08-16
D00599,U00358,Móvil,Android,6.8,2025-01-04
D00600,U00359,Computador,Windows,6.8,2024-02-18
D00601,U00359,Tablet,Android,6.8,2024-04-10
D00602,U00360,Móvil,Android,7.0,2025-11-19
D00603,U00360,Computador,Windows,6.9,2025-09-29
D00604,U00361,Smart TV,webOS,7.2,2025-08-01
D00605,U00362,Móvil,Android,7.2,2025-11-01
D00606,U00363,Smart TV,Android TV,7.2,2024-09-27
D00607,U00364,Móvil,Android,7.0,2024-12-29
D00608,U00364,Computador,macOS,7.1,2025-09-16
D00609,U00365,Smart TV,webOS,7.2,2024-10-16
D00610,U00365,Tablet,iPadOS,7.0,2025-07-17
D00611,U00366,Tablet,iPadOS,7.1,2025-04-16
D00612,U00367,Móvil,Android,7.1,2024-12-27
D00613,U00367,Computador,macOS,7.2,2025-04-09
D00614,U00368,Computador,macOS,7.1,2025-07-07
D00615,U00369,Computador,macOS,6.9,2025-07-27
D00616,U00369,Smart TV,Tizen,7.1,2024-05-11
D00617,U00370,Computador,macOS,7.2,2023-10-13
D00618,U00370,Tablet,Android,7.1,2025-09-15
D00619,U00371,Computador,Linux,6.8,2024-08-08
D00620,U00371,Tablet,iPadOS,7.2,2025-09-05
D00621,U00372,Computador,macOS,7.0,2025-06-13
D00622,U00372,Móvil,Android,7.0,2025-02-09
D00623,U00373,Smart TV,Tizen,6.8,2023-11-10
D00624,U00373,Móvil,Android,7.2,2024-03-28
D00625,U00374,Móvil,iOS,7.2,2025-09-22
D00626,U00374,Consola,PlayStation,7.2,2025-03-22
D00627,U00375,Móvil,iOS,6.9,2025-01-05
D00628,U00375,Consola,Xbox,7.0,2024-07-06
D00629,U00376,Smart TV,Tizen,7.2,2024-04-23
D00630,U00377,Smart TV,webOS,7.1,2025-08-15
D00631,U00378,Móvil,iOS,7.1,2025-11-14
D00632,U00379,Móvil,iOS,7.2,2025-06-30
D00633,U00379,Computador,macOS,7.0,2025-08-09
D00634,U00380,Computador,Windows,7.0,2025-04-30
D00635,U00381,Móvil,Android,7.2,2025-10-26
D00636,U00382,Smart TV,Roku OS,7.1,2025-07-18
D00637,U00382,Computador,Windows,6.8,2025-10-28
D00638,U00383,Smart TV,Roku OS,7.2,2025-05-24
D00639,U00383,Computador,Windows,7.2,2024-10-16
D00640,U00384,Tablet,iPadOS,7.1,2025-10-28
D00641,U00385,Computador,Windows,7.0,2024-11-01
D00642,U00386,Smart TV,Roku OS,7.1,2025-10-22
D00643,U00387,Móvil,Android,6.9,2024-07-17
D00644,U00388,Móvil,iOS,7.1,2024-11-15
D00645,U00389,Computador,Windows,7.2,2025-02-22
D00646,U00390,Tablet,iPadOS,7.0,2024-12-08
D00647,U00390,Computador,Linux,6.8,2023-08-04
D00648,U00391,Computador,Linux,7.2,2025-01-09
D00649,U00392,Tablet,Android,7.2,2024-07-30
D00650,U00393,Computador,Linux,7.1,2024-09-15
D00651,U00393,Móvil,iOS,7.1,2025-01-03
D00652,U00394,Consola,PlayStation,7.1,2024-05-03
D00653,U00395,Computador,Linux,6.8,2025-11-15
D00654,U00396,Consola,PlayStation,7.1,2025-11-05
D00655,U00397,Tablet,Android,6.9,2025-07-21
D00656,U00398,Computador,Windows,7.1,2024-10-16
D00657,U00398,Smart TV,Roku OS,7.1,2025-06-21
D00658,U00399,Móvil,Android,7.1,2025-07-02
D00659,U00399,Smart TV,Android TV,7.2,2025-09-16
D00660,U00399,Tablet,iPadOS,7.2,2025-05-25
D00661,U00400,Smart TV,Tizen,7.1,2024-01-05
D00662,U00401,Smart TV,webOS,7.2,2024-06-12
D00663,U00401,Móvil,Android,6.9,2024-09-11
D00664,U00401,Smart TV,webOS,7.2,2024-10-15
D00665,U00402,Smart TV,Tizen,6.9,2025-10-29
D00666,U00403,Móvil,iOS,7.0,2025-10-04
D00667,U00403,Computador,Windows,7.2,2025-03-11
D00668,U00403,Tablet,iPadOS,7.0,2025-06-04
D00669,U00404,Computador,Linux,7.1,2024-07-01
D00670,U00404,Smart TV,webOS,7.2,2024-04-15
D00671,U00404,Móvil,Android,7.2,2023-08-31
D00672,U00405,Móvil,iOS,6.9,2023-12-20
D00673,U00406,Móvil,iOS,7.1,2025-05-30
D00674,U00407,Móvil,Android,6.9,2023-08-30
D00675,U00407,Smart TV,Tizen,7.2,2024-05-25
D00676,U00408,Computador,Linux,7.2,2024-10-27
D00677,U00408,Smart TV,Android TV,7.1,2024-09-15
D00678,U00408,Móvil,Android,7.1,2024-02-05
D00679,U00409,Tablet,iPadOS,7.0,2025-01-09
D00680,U00410,Smart TV,Android TV,7.2,2023-07-05
D00681,U00411,Móvil,iOS,6.9,2025-04-30
D00682,U00412,Computador,Windows,7.0,2025-10-09
D00683,U00412,Tablet,iPadOS,6.9,2025-08-30
D00684,U00413,Smart TV,Tizen,7.1,2025-07-10
D00685,U00413,Computador,Windows,7.2,2024-09-09
D00686,U00413,Móvil,iOS,7.0,2025-03-20
D00687,U00414,Smart TV,Android TV,7.1,2025-05-07
D00688,U00414,Computador,Windows,7.0,2024-11-22
D00689,U00415,Móvil,iOS,7.1,2024-11-14
D00690,U00416,Tablet,iPadOS,7.0,2025-10-06
D00691,U00416,Smart TV,webOS,7.0,2025-11-13
D00692,U00416,Computador,Windows,7.2,2025-11-02
D00693,U00417,Smart TV,Android TV,7.1,2025-03-07
D00694,U00418,Smart TV,Tizen,7.1,2025-10-15
D00695,U00419,Móvil,iOS,7.2,2024-04-30
D00696,U00419,Tablet,iPadOS,6.9,2025-04-28
D00697,U00420,Smart TV,Tizen,7.0,2025-11-29
D00698,U00421,Computador,Windows,7.1,2024-04-21
D00699,U00421,Smart TV,Roku OS,7.0,2024-08-12
D00700,U00422,Smart TV,webOS,7.0,2024-12-08
D00701,U00422,Móvil,Android,7.2,2024-12-04
D00702,U00423,Smart TV,Android TV,7.2,2024-12-26
D00703,U00423,Tablet,Android,7.2,2024-02-02
D00704,U00424,Móvil,Android,7.1,2025-09-17
D00705,U00425,Computador,Windows,7.0,2025-09-20
D00706,U00426,Smart TV,webOS,7.1,2025-09-15
D00707,U00426,Tablet,Android,6.9,2025-09-28
D00708,U00427,Móvil,iOS,7.2,2025-04-16
D00709,U00428,Móvil,iOS,7.2,2025-09-20
D00710,U00428,Tablet,Android,7.2,2024-07-30
D00711,U00429,Móvil,Android,7.2,2023-11-21
D00712,U00429,Smart TV,webOS,7.0,2024-10-09
D00713,U00430,Móvil,iOS,7.0,2025-11-15
D00714,U00431,Smart TV,Roku OS,7.0,2024-04-29
D00715,U00431,Móvil,iOS,7.1,2025-06-10
D00716,U00432,Móvil,Android,7.2,2024-04-21
D00717,U00433,Smart TV,Roku OS,7.2,2025-07-10
D00718,U00433,Móvil,iOS,6.9,2025-10-18
D00719,U00434,Computador,Linux,6.9,2025-11-04
D00720,U00435,Móvil,iOS,7.2,2023-03-03
D00721,U00435,Smart TV,Tizen,7.1,2023-02-27
D00722,U00436,Móvil,Android,7.2,2025-11-23
D00723,U00437,Móvil,Android,7.2,2024-09-19
D00724,U00438,Computador,macOS,7.0,2023-11-06
D00725,U00438,Smart TV,Roku OS,6.8,2025-05-05
D00726,U00439,Móvil,iOS,7.2,2025-10-19
D00727,U00439,Computador,Windows,6.9,2025-10-06
D00728,U00439,Consola,Xbox,7.0,2025-08-10
D00729,U00440,Móvil,Android,7.2,2024-12-24
D00730,U00440,Tablet,Android,6.9,2024-09-09
D00731,U00441,Computador,macOS,7.1,2025-08-18
D00732,U00442,Smart TV,Roku OS,7.1,2025-04-23
D00733,U00443,Computador,macOS,7.1,2025-10-02
D00734,U00444,Computador,macOS,6.8,2025-11-19
D00735,U00445,Consola,Xbox,6.9,2025-04-19
D00736,U00445,Smart TV,Roku OS,7.1,2025-07-24
D00737,U00446,Consola,PlayStation,7.2,2025-05-01
D00738,U00447,Móvil,Android,7.2,2025-11-16
D00739,U00447,Computador,Windows,7.2,2025-09-04
D00740,U00448,Consola,PlayStation,7.2,2025-08-13
D00741,U00448,Móvil,Android,6.9,2024-12-13
D00742,U00449,Smart TV,Android TV,7.0,2025-11-11
D00743,U00449,Móvil,iOS,7.0,2025-05-30
D00744,U00450,Móvil,iOS,7.0,2025-05-11
D00745,U00451,Smart TV,Android TV,7.0,2023-09-12
D00746,U00452,Smart TV,Tizen,7.0,2025-04-03
D00747,U00453,Computador,Linux,7.1,2024-01-10
D00748,U00453,Smart TV,Roku OS,7.2,2025-08-08
D00749,U00453,Móvil,Android,7.1,2024-11-02
D00750,U00454,Móvil,Android,7.2,2025-10-14
D00751,U00455,Móvil,Android,7.2,2024-07-31
D00752,U00455,Smart TV,Tizen,6.8,2024-07-24
D00753,U00456,Móvil,Android,7.0,2025-01-14
D00754,U00457,Móvil,iOS,7.2,2025-11-25
D00755,U00458,Computador,macOS,7.2,2024-05-09
D00756,U00458,Consola,Xbox,7.2,2025-07-26
D00757,U00459,Smart TV,webOS,6.8,2025-11-07
D00758,U00459,Tablet,iPadOS,7.2,2025-08-04
D00759,U00459,Consola,Xbox,7.1,2025-08-27
D00760,U00460,Computador,Windows,7.0,2025-10-26
D00761,U00460,Smart TV,Roku OS,7.1,2025-07-21
D00762,U00461,Móvil,Android,7.2,2024-10-05
D00763,U00461,Smart TV,Android TV,7.1,2025-10-28
D00764,U00462,Smart TV,webOS,7.1,2025-04-30
D00765,U00463,Smart TV,webOS,7.2,2024-09-21
D00766,U00464,Computador,Linux,6.8,2025-09-02
D00767,U00464,Tablet,Android,7.0,2025-05-24
D00768,U00465,Móvil,iOS,7.1,2025-02-08
D00769,U00466,Smart TV,Android TV,6.9,2025-04-23
D00770,U00466,Móvil,Android,7.1,2025-08-24
D00771,U00467,Móvil,Android,6.9,2025-05-26
D00772,U00468,Móvil,iOS,7.0,2024-12-08
D00773,U00469,Smart TV,Android TV,6.8,2024-10-27
D00774,U00469,Móvil,iOS,7.0,2024-09-28
D00775,U00470,Móvil,Android,7.0,2025-10-21
D00776,U00470,Smart TV,Tizen,6.9,2025-11-16
D00777,U00470,Tablet,iPadOS,7.0,2025-10-11
D00778,U00471,Computador,macOS,7.1,2024-01-25
D00779,U00471,Smart TV,Tizen,7.2,2025-02-15
D00780,U00472,Computador,Linux,7.2,2024-07-26
D00781,U00473,Smart TV,Roku OS,7.0,2025-11-08
D00782,U00473,Móvil,iOS,7.1,2025-11-19
D00783,U00474,Computador,Windows,6.9,2025-09-29
D00784,U00475,Consola,Xbox,7.2,2025-04-09
D00785,U00475,Tablet,Android,6.8,2025-04-17
D00786,U00475,Computador,Linux,6.8,2025-08-18
D00787,U00476,Móvil,iOS,7.2,2025-06-13
D00788,U00476,Tablet,Android,6.9,2025-04-01
D00789,U00477,Smart TV,Roku OS,7.2,2024-09-25
D00790,U00477,Tablet,iPadOS,6.9,2025-07-18
D00791,U00478,Computador,Linux,6.9,2025-02-19
D00792,U00479,Computador,macOS,7.0,2024-07-15
D00793,U00479,Smart TV,webOS,7.2,2023-11-06
D00794,U00480,Computador,macOS,7.1,2025-09-05
D00795,U00480,Smart TV,Tizen,6.8,2024-11-09
D00796,U00481,Móvil,Android,7.0,2025-04-20
D00797,U00482,Smart TV,Tizen,7.0,2025-03-27
D00798,U00482,Computador,Windows,7.1,2024-12-13
D00799,U00483,Tablet,iPadOS,7.2,2025-06-29
D00800,U00484,Smart TV,Android TV,7.2,2024-03-22
D00801,U00485,Móvil,Android,7.2,2025-10-21
D00802,U00485,Computador,macOS,6.9,2025-09-20
D00803,U00485,Smart TV,Roku OS,7.1,2025-11-26
D00804,U00486,Smart TV,webOS,7.2,2025-05-11
D00805,U00486,Computador,Linux,7.0,2025-10-08
D00806,U00486,Smart TV,webOS,7.1,2025-03-25
D00807,U00487,Móvil,iOS,7.2,2025-02-26
D00808,U00487,Consola,PlayStation,7.2,2025-02-01
D00809,U00488,Tablet,iPadOS,7.2,2025-04-04
D00810,U00488,Computador,Linux,6.8,2025-09-08
D00811,U00489,Smart TV,webOS,7.2,2025-02-17
D00812,U00489,Computador,macOS,7.1,2024-09-16
D00813,U00490,Smart TV,Android TV,7.0,2025-09-21
D00814,U00490,Computador,Linux,7.2,2025-09-25
D00815,U00490,Móvil,Android,7.2,2024-07-25
D00816,U00491,Smart TV,webOS,7.0,2025-01-15
D00817,U00491,Móvil,Android,7.2,2024-02-17
D00818,U00492,Tablet,Android,7.2,2025-06-11
D00819,U00493,Móvil,Android,7.2,2025-04-17
D00820,U00493,Smart TV,Android TV,6.9,2025-01-08
D00821,U00493,Computador,Linux,7.1,2025-01-29
D00822,U00494,Smart TV,webOS,7.0,2025-10-28
D00823,U00494,Tablet,Android,6.9,2024-08-20
D00824,U00495,Smart TV,Roku OS,7.1,2025-03-31
D00825,U00496,Móvil,iOS,7.1,2024-12-15
D00826,U00496,Computador,Linux,7.2,2024-09-01
D00827,U00497,Computador,macOS,7.2,2025-11-27
D00828,U00498,Tablet,Android,7.1,2025-11-19
D00829,U00498,Móvil,Android,6.9,2025-08-29
D00830,U00499,Smart TV,Roku OS,6.9,2025-09-18
D00831,U00500,Tablet,iPadOS,7.1,2025-03-09
D00832,U00501,Smart TV,Android TV,7.2,2024-03-13
D00833,U00502,Móvil,iOS,6.9,2025-11-13
D00834,U00502,Computador,macOS,7.1,2025-11-06
D00835,U00503,Móvil,iOS,7.0,2025-04-12
D00836,U00504,Móvil,Android,7.2,2025-07-12
D00837,U00504,Computador,macOS,7.2,2025-02-25
D00838,U00505,Computador,Windows,7.2,2025-01-17
D00839,U00505,Smart TV,Roku OS,7.2,2024-11-23
D00840,U00506,Smart TV,Roku OS,7.1,2025-10-28
D00841,U00507,Móvil,Android,6.9,2025-10-03
D00842,U00507,Tablet,Android,7.1,2025-08-15
D00843,U00508,Móvil,Android,7.2,2025-01-22
D00844,U00508,Computador,Windows,7.1,2025-05-30
D00845,U00509,Móvil,iOS,7.0,2024-11-14
D00846,U00509,Smart TV,Roku OS,7.2,2025-04-12
D00847,U00510,Tablet,iPadOS,7.1,2025-06-25
D00848,U00511,Smart TV,Android TV,7.0,2025-06-29
D00849,U00512,Tablet,Android,7.1,2025-10-19
D00850,U00513,Smart TV,Roku OS,7.1,2025-01-30
D00851,U00514,Smart TV,Tizen,7.1,2025-10-23
D00852,U00515,Móvil,iOS,7.1,2025-10-05
D00853,U00515,Computador,Linux,7.1,2025-06-25
D00854,U00516,Computador,macOS,7.2,2023-11-21
D00855,U00516,Móvil,Android,7.0,2025-09-13
D00856,U00517,Computador,Linux,7.2,2025-09-24
D00857,U00518,Smart TV,webOS,6.9,2025-11-30
D00858,U00519,Smart TV,Android TV,7.2,2025-06-18
D00859,U00520,Móvil,Android,7.1,2025-11-12
D00860,U00520,Computador,Linux,7.1,2025-07-05
D00861,U00520,Consola,PlayStation,6.9,2025-09-21
D00862,U00521,Computador,Linux,7.1,2024-10-20
D00863,U00522,Smart TV,Roku OS,7.1,2024-11-14
D00864,U00522,Computador,Windows,7.2,2024-06-08
D00865,U00523,Consola,PlayStation,7.1,2025-09-25
D00866,U00523,Computador,Windows,7.2,2024-05-05
D00867,U00523,Smart TV,Tizen,6.9,2025-01-03
D00868,U00524,Computador,macOS,7.2,2023-08-24
D00869,U00525,Tablet,iPadOS,7.1,2025-07-10
D00870,U00525,Computador,Windows,7.1,2025-11-02
D00871,U00525,Móvil,Android,7.2,2025-09-22
D00872,U00526,Smart TV,Tizen,7.2,2025-09-28
D00873,U00526,Tablet,iPadOS,7.0,2024-12-22
D00874,U00526,Móvil,Android,7.0,2024-09-06
D00875,U00527,Móvil,iOS,7.1,2025-03-05
D00876,U00528,Smart TV,Android TV,7.0,2025-06-22
D00877,U00528,Tablet,iPadOS,7.2,2025-08-08
D00878,U00529,Móvil,iOS,6.8,2024-10-17
D00879,U00529,Computador,Windows,7.2,2024-06-30
D00880,U00529,Tablet,Android,7.2,2024-09-04
D00881,U00530,Smart TV,Tizen,7.2,2024-08-30
D00882,U00531,Tablet,iPadOS,7.2,2024-05-26
D00883,U00531,Smart TV,Android TV,7.0,2023-05-04
D00884,U00532,Tablet,iPadOS,7.1,2025-11-18
D00885,U00532,Computador,Linux,7.2,2025-10-07
D00886,U00533,Computador,macOS,6.8,2025-05-11
D00887,U00534,Móvil,Android,7.2,2024-11-25
D00888,U00535,Smart TV,Tizen,7.1,2024-06-12
D00889,U00535,Computador,Windows,7.0,2025-09-19
D00890,U00536,Computador,macOS,6.9,2024-04-17
D00891,U00536,Smart TV,webOS,7.1,2024-10-11
D00892,U00537,Móvil,Android,7.1,2025-11-21
D00893,U00537,Computador,macOS,7.2,2024-12-12
D00894,U00537,Consola,Xbox,7.2,2025-05-12
D00895,U00538,Móvil,iOS,7.2,2025-09-10
D00896,U00539,Móvil,iOS,7.2,2025-10-03
D00897,U00539,Tablet,iPadOS,7.2,2025-06-12
D00898,U00540,Tablet,Android,7.1,2024-01-11
D00899,U00541,Móvil,Android,7.2,2023-10-25
D00900,U00542,Computador,macOS,7.0,2025-09-18
D00901,U00542,Smart TV,Tizen,7.2,2025-10-21
D00902,U00543,Smart TV,Android TV,7.2,2025-02-08
D00903,U00543,Móvil,Android,7.0,2024-12-28
D00904,U00544,Tablet,iPadOS,7.2,2024-11-08
D00905,U00545,Móvil,Android,7.0,2025-11-22
D00906,U00545,Smart TV,Tizen,7.0,2025-08-27
D00907,U00546,Computador,Windows,7.2,2024-11-18
D00908,U00546,Móvil,iOS,7.2,2025-03-12
D00909,U00547,Móvil,iOS,7.1,2024-06-26
D00910,U00548,Computador,macOS,7.2,2025-02-27
D00911,U00548,Smart TV,Tizen,6.9,2025-08-21
D00912,U00548,Móvil,Android,7.0,2025-02-23
D00913,U00549,Smart TV,Roku OS,7.0,2025-10-01
D00914,U00550,Smart TV,webOS,7.2,2025-03-25
D00915,U00550,Computador,Linux,7.2,2024-01-22
D00916,U00550,Móvil,Android,7.2,2024-12-17
D00917,U00551,Smart TV,Roku OS,7.0,2024-10-30
D00918,U00551,Móvil,iOS,7.2,2025-10-28
D00919,U00552,Computador,Linux,7.1,2025-11-18
D00920,U00553,Tablet,iPadOS,6.9,2024-04-14
D00921,U00553,Computador,Linux,6.8,2023-07-28
D00922,U00553,Smart TV,Roku OS,7.2,2023-07-18
D00923,U00554,Móvil,Android,7.1,2024-10-26
D00924,U00554,Tablet,Android,7.2,2025-07-23
D00925,U00555,Móvil,Android,7.1,2024-12-29
D00926,U00556,Tablet,Android,7.0,2025-11-19
D00927,U00556,Móvil,iOS,7.0,2025-10-07
D00928,U00556,Smart TV,webOS,7.0,2025-11-09
D00929,U00557,Smart TV,Roku OS,6.9,2025-10-27
D00930,U00558,Tablet,Android,7.1,2025-01-24
D00931,U00559,Smart TV,Roku OS,7.2,2025-01-06
D00932,U00559,Tablet,Android,7.2,2023-05-19
D00933,U00560,Móvil,iOS,7.1,2024-10-02
D00934,U00561,Computador,Linux,7.1,2025-10-17
D00935,U00561,Móvil,iOS,7.2,2025-10-18
D00936,U00562,Smart TV,webOS,7.1,2025-06-23
D00937,U00562,Móvil,Android,7.0,2025-06-06
D00938,U00563,Smart TV,Tizen,7.2,2024-04-02
D00939,U00563,Computador,Linux,7.2,2025-06-17
D00940,U00564,Computador,Windows,7.2,2025-04-29
D00941,U00565,Tablet,Android,6.8,2025-01-09
D00942,U00566,Smart TV,webOS,7.2,2024-09-08
D00943,U00566,Móvil,Android,7.1,2024-02-18
D00944,U00567,Computador,Linux,7.2,2024-09-16
D00945,U00568,Móvil,iOS,7.2,2024-11-27
D00946,U00569,Computador,Linux,7.0,2024-02-04
D00947,U00570,Móvil,Android,7.2,2025-09-09
D00948,U00571,Móvil,Android,6.8,2023-12-11
D00949,U00571,Computador,Linux,7.2,2023-12-15
D00950,U00572,Computador,Windows,7.0,2025-03-31
D00951,U00573,Smart TV,webOS,7.1,2025-05-06
D00952,U00574,Móvil,iOS,7.1,2025-11-28
D00953,U00575,Smart TV,Roku OS,7.0,2025-03-01
D00954,U00576,Tablet,Android,7.1,2025-05-30
D00955,U00576,Smart TV,Android TV,7.2,2024-10-13
D00956,U00577,Smart TV,Tizen,7.2,2025-01-12
D00957,U00577,Computador,Windows,7.2,2025-09-03
D00958,U00578,Computador,macOS,7.0,2025-10-20
D00959,U00579,Móvil,Android,7.2,2025-01-16
D00960,U00579,Computador,Linux,6.9,2025-07-28
D00961,U00580,Computador,Linux,7.2,2024-12-11
D00962,U00580,Tablet,Android,6.9,2024-10-10
D00963,U00581,Móvil,Android,7.1,2025-06-29
D00964,U00582,Computador,Linux,6.9,2025-09-03
D00965,U00583,Computador,Linux,7.1,2025-10-12
D00966,U00584,Computador,Linux,7.1,2025-04-21
D00967,U00584,Móvil,Android,7.1,2024-09-06
D00968,U00585,Smart TV,Android TV,7.2,2025-09-12
D00969,U00586,Tablet,Android,7.1,2025-06-25
D00970,U00586,Computador,Linux,7.1,2025-06-23
D00971,U00586,Móvil,iOS,7.1,2025-10-22
D00972,U00587,Tablet,iPadOS,7.1,2023-04-24
D00973,U00588,Smart TV,webOS,7.2,2025-11-15
D00974,U00589,Móvil,iOS,7.2,2025-09-15
D00975,U00590,Tablet,Android,7.2,2025-10-30
D00976,U00590,Móvil,iOS,7.1,2025-11-21
D00977,U00591,Computador,Windows,7.1,2025-01-29
D00978,U00592,Computador,macOS,7.1,2024-11-06
D00979,U00592,Smart TV,Tizen,7.0,2024-09-06
D00980,U00593,Computador,macOS,7.2,2025-08-01
D00981,U00593,Tablet,Android,7.1,2024-04-29
D00982,U00594,Smart TV,webOS,7.0,2024-03-27
D00983,U00595,Computador,Windows,7.2,2025-08-31
D00984,U00596,Computador,macOS,6.9,2024-01-04
D00985,U00596,Smart TV,Android TV,7.2,2025-04-22
D00986,U00597,Smart TV,webOS,7.1,2025-09-16
D00987,U00598,Móvil,Android,7.0,2024-01-18
D00988,U00598,Smart TV,Android TV,7.1,2024-02-14
D00989,U00598,Tablet,iPadOS,6.9,2023-11-09
D00990,U00599,Tablet,Android,7.0,2025-08-24
D00991,U00599,Smart TV,Roku OS,7.0,2025-04-06
D00992,U00599,Móvil,Android,6.9,2025-01-24
D00993,U00600,Tablet,iPadOS,7.2,2024-08-18
D00994,U00600,Móvil,iOS,7.1,2025-10-27
D00995,U00601,Tablet,Android,7.2,2025-07-29
D00996,U00601,Móvil,iOS,7.2,2024-07-17
D00997,U00602,Computador,Windows,7.1,2025-10-15
D00998,U00602,Móvil,Android,6.8,2025-10-28
D00999,U00603,Smart TV,Android TV,7.1,2024-12-08
D01000,U00603,Tablet,Android,7.1,2023-12-06
D01001,U00604,Computador,Linux,7.2,2023-08-08
D01002,U00604,Smart TV,webOS,7.2,2024-12-06
D01003,U00605,Computador,macOS,7.0,2025-11-08
D01004,U00605,Móvil,Android,7.1,2025-06-30
D01005,U00606,Tablet,Android,7.0,2025-08-31
D01006,U00606,Computador,Linux,7.1,2025-08-02
D01007,U00607,Tablet,Android,7.2,2025-02-09
D01008,U00607,Móvil,iOS,7.2,2024-05-21
D01009,U00608,Tablet,Android,7.2,2025-11-06
D01010,U00608,Computador,Windows,7.1,2025-10-07
D01011,U00609,Smart TV,Android TV,7.2,2025-06-20
D01012,U00610,Smart TV,Android TV,7.2,2025-07-20
D01013,U00610,Móvil,iOS,7.2,2024-10-21
D01014,U00611,Smart TV,webOS,7.2,2024-12-22
D01015,U00611,Computador,Windows,7.2,2025-10-02
D01016,U00612,Tablet,Android,7.1,2024-12-06
D01017,U00612,Smart TV,webOS,7.1,2025-04-20
D01018,U00613,Smart TV,Android TV,7.1,2024-09-30
D01019,U00613,Móvil,iOS,7.1,2025-11-25
D01020,U00614,Smart TV,Roku OS,7.2,2024-12-14
D01021,U00614,Móvil,Android,7.2,2025-07-31
D01022,U00614,Computador,macOS,7.0,2025-06-18
D01023,U00615,Móvil,iOS,7.1,2025-09-01
D01024,U00616,Smart TV,Roku OS,7.2,2025-04-21
D01025,U00617,Smart TV,Tizen,6.9,2025-10-14
D01026,U00617,Computador,macOS,7.2,2024-02-19
D01027,U00618,Móvil,Android,7.1,2025-11-15
D01028,U00618,Smart TV,Roku OS,6.9,2025-06-24
D01029,U00619,Móvil,iOS,7.2,2024-04-22
D01030,U00620,Computador,macOS,7.2,2024-02-18
D01031,U00621,Móvil,Android,6.8,2025-11-15
D01032,U00622,Computador,macOS,7.0,2025-08-09
D01033,U00623,Computador,Windows,7.2,2025-05-18
D01034,U00623,Smart TV,Android TV,7.1,2025-05-18
D01035,U00624,Smart TV,webOS,7.2,2025-09-01
D01036,U00625,Computador,macOS,7.2,2025-11-22
D01037,U00626,Smart TV,webOS,7.1,2025-08-15
D01038,U00626,Móvil,Android,7.1,2025-07-31
D01039,U00626,Smart TV,Roku OS,7.0,2025-11-13
D01040,U00627,Computador,Linux,7.1,2023-12-06
D01041,U00627,Tablet,iPadOS,7.1,2024-12-19
D01042,U00628,Computador,Linux,6.8,2025-08-07
D01043,U00628,Móvil,Android,7.1,2023-10-03
D01044,U00628,Smart TV,Tizen,7.0,2024-03-28
D01045,U00629,Móvil,iOS,6.8,2025-06-17
D01046,U00629,Smart TV,webOS,7.2,2024-08-07
D01047,U00630,Smart TV,Roku OS,7.0,2024-09-09
D01048,U00631,Móvil,Android,7.2,2025-01-09
D01049,U00631,Computador,Windows,7.2,2023-12-05
D01050,U00632,Smart TV,Tizen,6.9,2025-08-03
D01051,U00633,Computador,Linux,7.1,2024-07-09
D01052,U00633,Móvil,Android,6.9,2025-04-19
D01053,U00634,Computador,macOS,7.1,2025-11-07
D01054,U00635,Smart TV,Roku OS,7.2,2024-07-14
D01055,U00636,Computador,macOS,7.1,2025-07-21
D01056,U00637,Smart TV,Roku OS,7.1,2025-09-09
D01057,U00638,Móvil,Android,7.2,2024-10-24
D01058,U00639,Consola,Xbox,7.1,2025-08-15
D01059,U00640,Computador,macOS,7.1,2025-08-07
D01060,U00640,Móvil,iOS,7.0,2025-11-29
D01061,U00641,Tablet,iPadOS,7.2,2025-03-25
D01062,U00642,Computador,macOS,7.2,2024-12-18
D01063,U00642,Smart TV,Android TV,7.1,2025-01-19
D01064,U00643,Móvil,iOS,7.1,2024-03-17
D01065,U00644,Móvil,Android,6.9,2025-11-12
D01066,U00644,Computador,Linux,7.2,2025-10-05
D01067,U00645,Smart TV,Android TV,6.8,2023-10-04
D01068,U00645,Tablet,iPadOS,7.1,2024-09-03
D01069,U00646,Computador,Linux,7.2,2025-09-03
D01070,U00647,Móvil,iOS,7.1,2025-11-26
D01071,U00648,Tablet,Android,7.1,2025-01-18
D01072,U00648,Smart TV,webOS,7.2,2025-05-31
D01073,U00649,Móvil,iOS,7.2,2025-06-23
D01074,U00649,Computador,Windows,7.0,2025-04-15
D01075,U00650,Smart TV,Android TV,7.1,2023-06-02
D01076,U00650,Computador,Linux,7.2,2025-02-19
D01077,U00651,Computador,Windows,7.2,2025-09-07
D01078,U00652,Computador,Linux,7.2,2025-10-07
D01079,U00653,Smart TV,Roku OS,7.1,2025-04-15
D01080,U00653,Computador,macOS,7.1,2025-10-14
D01081,U00653,Consola,Xbox,7.0,2025-05-21
D01082,U00654,Consola,Xbox,7.2,2024-02-27
D01083,U00654,Móvil,Android,7.1,2024-01-22
D01084,U00655,Computador,macOS,6.9,2024-01-01
D01085,U00656,Móvil,Android,6.9,2024-07-31
D01086,U00656,Computador,Windows,7.2,2025-04-13
D01087,U00657,Smart TV,Tizen,7.2,2025-09-11
D01088,U00658,Móvil,iOS,7.1,2024-07-11
D01089,U00659,Móvil,iOS,7.1,2024-08-02
D01090,U00659,Consola,Xbox,6.8,2024-09-25
D01091,U00660,Smart TV,Tizen,7.0,2025-10-17
D01092,U00661,Móvil,iOS,7.1,2025-10-27
D01093,U00662,Móvil,Android,7.1,2025-08-11
D01094,U00663,Móvil,Android,6.8,2025-09-01
D01095,U00663,Consola,Xbox,7.1,2025-10-17
D01096,U00664,Computador,Windows,6.9,2025-02-06
D01097,U00665,Computador,Windows,7.1,2024-07-25
D01098,U00665,Smart TV,Android TV,6.9,2025-07-07
D01099,U00666,Móvil,Android,7.2,2024-11-19
D01100,U00666,Computador,macOS,7.2,2024-06-08
D01101,U00666,Tablet,iPadOS,7.1,2024-05-07
D01102,U00667,Computador,Windows,7.1,2025-02-11
D01103,U00668,Computador,Linux,7.1,2025-10-12
D01104,U00669,Computador,macOS,7.1,2025-10-14
D01105,U00670,Tablet,Android,7.2,2024-01-31
D01106,U00671,Tablet,Android,7.1,2025-08-13
D01107,U00671,Computador,Linux,7.1,2025-06-24
D01108,U00672,Smart TV,Roku OS,7.1,2025-10-05
D01109,U00672,Computador,macOS,7.1,2025-11-12
D01110,U00673,Computador,Linux,6.9,2024-12-22
D01111,U00674,Móvil,iOS,7.1,2025-09-11
D01112,U00675,Tablet,iPadOS,7.1,2025-10-29
D01113,U00675,Smart TV,Tizen,6.9,2025-08-21
D01114,U00676,Móvil,Android,7.0,2025-08-26
D01115,U00676,Computador,Windows,6.8,2024-12-13
D01116,U00677,Smart TV,Roku OS,7.1,2025-01-26
D01117,U00678,Móvil,iOS,7.1,2023-06-26
D01118,U00679,Móvil,iOS,7.0,2025-06-04
D01119,U00680,Móvil,iOS,7.2,2025-04-04
D01120,U00681,Móvil,iOS,7.2,2024-11-05
D01121,U00682,Móvil,iOS,7.0,2023-11-27
D01122,U00682,Computador,Linux,7.1,2025-08-19
D01123,U00683,Smart TV,Roku OS,7.2,2025-10-20
D01124,U00684,Tablet,iPadOS,7.1,2025-10-16
D01125,U00685,Computador,macOS,7.1,2025-11-03
D01126,U00685,Móvil,iOS,7.2,2024-09-13
D01127,U00686,Móvil,Android,6.9,2025-11-15
D01128,U00687,Smart TV,webOS,7.1,2025-08-11
D01129,U00687,Tablet,iPadOS,7.1,2025-10-09
D01130,U00688,Móvil,Android,7.0,2025-10-12
D01131,U00689,Smart TV,Roku OS,6.8,2025-02-11
D01132,U00690,Móvil,iOS,7.2,2024-01-23
D01133,U00690,Smart TV,webOS,7.1,2024-11-01
D01134,U00691,Smart TV,Android TV,7.1,2025-11-22
D01135,U00692,Móvil,Android,7.1,2025-05-06
D01136,U00692,Computador,macOS,7.1,2025-05-12
D01137,U00693,Computador,macOS,7.1,2025-08-25
D01138,U00694,Tablet,Android,7.0,2025-10-05
D01139,U00694,Móvil,Android,7.2,2025-02-12
D01140,U00695,Computador,macOS,7.1,2025-06-21
D01141,U00696,Computador,macOS,7.0,2025-10-10
D01142,U00696,Consola,Xbox,7.2,2025-06-30
D01143,U00697,Smart TV,Roku OS,6.9,2024-12-24
D01144,U00698,Móvil,Android,7.1,2025-11-06
D01145,U00698,Tablet,Android,7.2,2025-10-20
D01146,U00699,Computador,macOS,7.1,2025-11-29
D01147,U00700,Móvil,iOS,6.9,2025-11-03
D01148,U00700,Tablet,Android,7.1,2025-11-11
D01149,U00701,Móvil,iOS,7.2,2024-01-30
D01150,U00701,Computador,Windows,7.2,2025-10-10
D01151,U00702,Tablet,iPadOS,7.0,2024-11-16
D01152,U00703,Smart TV,Tizen,6.9,2025-11-25
D01153,U00704,Tablet,Android,7.0,2025-10-28
D01154,U00704,Móvil,Android,6.8,2025-07-24
D01155,U00705,Tablet,iPadOS,7.2,2024-07-15
D01156,U00706,Móvil,Android,7.1,2024-06-22
D01157,U00707,Computador,macOS,7.2,2025-07-07
D01158,U00707,Smart TV,Roku OS,7.1,2025-07-28
D01159,U00708,Móvil,Android,7.1,2025-03-08
D01160,U00708,Computador,Windows,7.2,2025-01-04
D01161,U00709,Computador,Linux,7.1,2025-04-14
D01162,U00710,Tablet,iPadOS,7.0,2025-09-04
D01163,U00710,Móvil,Android,6.9,2025-11-19
D01164,U00711,Móvil,Android,7.1,2025-08-13
D01165,U00712,Smart TV,Tizen,7.2,2025-07-08
D01166,U00712,Tablet,Android,7.2,2025-04-18
D01167,U00713,Consola,Xbox,7.1,2024-01-03
D01168,U00714,Smart TV,Tizen,7.2,2025-11-12
D01169,U00715,Móvil,iOS,7.2,2025-06-27
D01170,U00716,Tablet,Android,7.0,2024-06-05
D01171,U00717,Móvil,Android,7.1,2025-10-15
D01172,U00718,Tablet,Android,7.2,2025-10-26
D01173,U00718,Smart TV,webOS,7.2,2024-10-04
D01174,U00718,Móvil,iOS,7.2,2024-08-06
D01175,U00719,Computador,Linux,7.2,2024-09-16
D01176,U00720,Smart TV,Roku OS,6.9,2025-10-06
D01177,U00721,Computador,macOS,7.2,2024-08-19
D01178,U00722,Computador,macOS,7.1,2024-01-04
D01179,U00722,Tablet,iPadOS,7.1,2024-04-08
D01180,U00723,Tablet,Android,7.0,2024-11-22
D01181,U00724,Computador,Windows,7.1,2024-07-12
D01182,U00724,Móvil,Android,7.2,2024-06-23
D01183,U00725,Smart TV,Roku OS,7.2,2024-04-21
D01184,U00725,Móvil,Android,7.2,2023-08-29
D01185,U00726,Computador,Linux,6.9,2023-12-13
D01186,U00726,Tablet,Android,6.9,2024-01-17
D01187,U00726,Smart TV,Android TV,7.2,2023-05-14
D01188,U00727,Tablet,iPadOS,7.0,2025-07-02
D01189,U00727,Smart TV,Roku OS,6.8,2025-09-13
D01190,U00728,Móvil,Android,7.2,2025-03-03
D01191,U00729,Móvil,iOS,7.1,2025-09-16
D01192,U00729,Smart TV,Android TV,7.2,2025-09-08
D01193,U00730,Tablet,Android,6.9,2023-11-30
D01194,U00730,Smart TV,Roku OS,7.1,2024-02-16
D01195,U00731,Móvil,iOS,6.9,2024-10-23
D01196,U00731,Computador,Linux,7.2,2024-09-28
D01197,U00731,Tablet,iPadOS,7.2,2024-08-13
D01198,U00732,Consola,Xbox,6.9,2024-12-25
D01199,U00733,Móvil,Android,7.0,2025-06-22
D01200,U00734,Computador,Linux,6.8,2024-11-25
D01201,U00734,Móvil,iOS,7.1,2025-06-22
D01202,U00735,Tablet,iPadOS,7.1,2025-04-16
D01203,U00735,Computador,Linux,7.2,2025-10-12
D01204,U00736,Smart TV,Roku OS,7.2,2025-11-01
D01205,U00736,Móvil,Android,6.8,2024-11-28
D01206,U00736,Computador,Linux,7.2,2024-10-27
D01207,U00737,Smart TV,webOS,7.2,2025-06-24
D01208,U00737,Computador,Windows,7.2,2025-05-30
D01209,U00738,Móvil,Android,7.0,2025-10-05
D01210,U00739,Smart TV,Roku OS,7.2,2025-10-22
D01211,U00739,Móvil,Android,7.1,2025-11-03
D01212,U00740,Smart TV,webOS,7.2,2024-11-19
D01213,U00741,Tablet,iPadOS,7.1,2025-03-24
D01214,U00741,Computador,Windows,7.1,2025-04-23
D01215,U00741,Móvil,iOS,7.1,2024-09-12
D01216,U00742,Smart TV,webOS,7.2,2025-11-26
D01217,U00743,Móvil,Android,7.2,2025-04-08
D01218,U00744,Computador,macOS,7.1,2024-07-02
D01219,U00744,Móvil,Android,7.1,2024-04-18
D01220,U00744,Tablet,iPadOS,7.0,2024-10-01
D01221,U00745,Tablet,Android,7.1,2025-02-17
D01222,U00746,Móvil,iOS,7.1,2025-06-21
D01223,U00747,Computador,Linux,7.2,2024-10-08
D01224,U00748,Computador,macOS,7.1,2025-10-17
D01225,U00749,Smart TV,Android TV,7.0,2025-08-06
D01226,U00749,Computador,Linux,7.1,2024-08-26
D01227,U00749,Móvil,Android,7.0,2023-09-05
D01228,U00750,Computador,Windows,7.2,2024-09-19
D01229,U00750,Tablet,iPadOS,7.0,2025-08-26
D01230,U00751,Tablet,iPadOS,6.9,2025-08-04
D01231,U00752,Smart TV,Android TV,7.0,2025-10-07
D01232,U00753,Computador,macOS,7.2,2025-10-05
D01233,U00754,Smart TV,Tizen,7.2,2025-05-29
D01234,U00755,Computador,macOS,7.2,2024-12-12
D01235,U00755,Móvil,iOS,7.2,2024-11-06
D01236,U00756,Móvil,iOS,6.9,2025-04-21
D01237,U00756,Smart TV,Android TV,7.2,2024-09-13
D01238,U00757,Computador,Linux,6.9,2025-11-19
D01239,U00757,Móvil,Android,6.8,2025-11-21
D01240,U00758,Smart TV,webOS,7.2,2025-07-04
D01241,U00758,Computador,macOS,6.8,2024-06-11
D01242,U00758,Tablet,Android,7.1,2025-01-01
D01243,U00759,Móvil,Android,7.2,2025-08-01
D01244,U00760,Smart TV,Roku OS,7.1,2025-10-08
D01245,U00760,Computador,macOS,7.0,2025-10-02
D01246,U00761,Computador,Windows,7.1,2025-09-03
D01247,U00762,Smart TV,webOS,7.1,2025-09-14
D01248,U00762,Móvil,Android,7.1,2025-09-30
D01249,U00763,Tablet,Android,7.2,2025-07-02
D01250,U00763,Móvil,Android,6.9,2025-08-25
D01251,U00764,Tablet,iPadOS,7.2,2024-12-12
D01252,U00764,Computador,macOS,7.2,2025-11-12
D01253,U00765,Computador,Windows,7.1,2025-07-02
D01254,U00765,Tablet,Android,7.1,2025-10-10
D01255,U00766,Móvil,iOS,7.1,2025-11-03
D01256,U00766,Computador,macOS,7.1,2025-10-31
D01257,U00767,Tablet,iPadOS,7.1,2024-07-27
D01258,U00767,Computador,Linux,6.8,2024-04-09
D01259,U00768,Smart TV,Tizen,7.2,2025-07-30
D01260,U00768,Tablet,iPadOS,7.2,2025-04-04
D01261,U00768,Móvil,iOS,7.2,2023-09-08
D01262,U00769,Móvil,iOS,7.1,2024-03-10
D01263,U00769,Tablet,Android,7.0,2023-06-11
D01264,U00770,Smart TV,Android TV,7.2,2024-10-29
D01265,U00770,Computador,Windows,7.1,2023-11-01
D01266,U00771,Computador,Windows,6.9,2024-04-20
D01267,U00771,Tablet,Android,6.8,2024-12-12
D01268,U00772,Smart TV,Tizen,7.1,2025-02-06
D01269,U00773,Móvil,iOS,7.2,2024-09-20
D01270,U00773,Computador,macOS,7.1,2024-10-07
D01271,U00774,Computador,Linux,7.2,2024-04-22
D01272,U00774,Smart TV,Android TV,7.1,2024-05-13
D01273,U00775,Consola,Xbox,7.1,2025-06-25
D01274,U00775,Smart TV,Roku OS,7.1,2025-08-22
D01275,U00776,Smart TV,Tizen,7.2,2025-06-12
D01276,U00776,Computador,macOS,7.1,2025-05-02
D01277,U00776,Tablet,Android,7.2,2025-02-17
D01278,U00777,Computador,Linux,7.1,2024-05-30
D01279,U00778,Móvil,iOS,7.1,2025-06-07
D01280,U00778,Computador,Windows,7.2,2025-08-24
D01281,U00778,Smart TV,Roku OS,7.1,2025-05-18
D01282,U00779,Móvil,Android,7.2,2025-11-02
D01283,U00780,Computador,Windows,7.1,2025-10-23
D01284,U00780,Móvil,Android,7.1,2025-10-07
D01285,U00781,Smart TV,Roku OS,7.1,2025-02-01
D01286,U00781,Móvil,iOS,7.2,2024-04-16
D01287,U00782,Tablet,iPadOS,7.1,2025-11-22
D01288,U00783,Móvil,iOS,7.2,2025-11-10
D01289,U00784,Computador,macOS,7.1,2025-03-22
D01290,U00785,Smart TV,Roku OS,7.1,2024-01-09
D01291,U00786,Smart TV,Tizen,7.0,2025-10-23
D01292,U00786,Móvil,Android,7.2,2025-06-20
D01293,U00787,Computador,Windows,7.2,2025-10-29
D01294,U00787,Smart TV,Tizen,7.1,2025-06-17
D01295,U00788,Móvil,Android,7.1,2025-09-29
D01296,U00789,Móvil,Android,7.1,2024-01-06
D01297,U00790,Consola,PlayStation,7.1,2025-07-20
D01298,U00791,Smart TV,Android TV,7.1,2025-06-28
D01299,U00792,Computador,Windows,7.1,2025-01-25
D01300,U00792,Smart TV,webOS,7.2,2025-09-13
D01301,U00793,Smart TV,Android TV,7.2,2025-11-30
D01302,U00793,Computador,macOS,7.2,2025-11-29
D01303,U00794,Smart TV,Tizen,6.9,2025-11-08
D01304,U00794,Tablet,Android,7.2,2025-08-09
D01305,U00795,Móvil,iOS,6.9,2023-12-20
D01306,U00795,Computador,Windows,7.1,2024-04-30
D01307,U00796,Smart TV,webOS,7.1,2025-10-21
D01308,U00796,Computador,Linux,7.2,2025-10-21
D01309,U00797,Móvil,iOS,7.2,2024-11-25
D01310,U00798,Smart TV,Roku OS,6.8,2025-06-30
D01311,U00799,Móvil,Android,7.1,2024-06-16
D01312,U00799,Smart TV,Android TV,7.1,2025-10-08
D01313,U00800,Computador,Windows,7.1,2025-06-16
D01314,U00800,Móvil,iOS,7.0,2025-05-26
D01315,U00801,Smart TV,Tizen,7.1,2023-12-07
D01316,U00801,Móvil,Android,7.1,2023-11-04
D01317,U00802,Móvil,Android,7.2,2025-08-19
D01318,U00802,Computador,Linux,7.2,2025-10-24
D01319,U00803,Móvil,Android,7.2,2024-12-18
D01320,U00803,Smart TV,Tizen,6.9,2025-04-15
D01321,U00804,Consola,PlayStation,7.1,2024-11-29
D01322,U00804,Tablet,Android,7.2,2025-06-15
D01323,U00805,Smart TV,Android TV,6.9,2025-01-19
D01324,U00805,Tablet,Android,6.9,2024-03-16
D01325,U00806,Móvil,iOS,7.1,2025-06-19
D01326,U00807,Tablet,iPadOS,7.2,2024-01-25
D01327,U00808,Tablet,Android,7.0,2025-07-20
D01328,U00809,Móvil,iOS,7.2,2024-05-12
D01329,U00810,Computador,macOS,7.1,2025-09-16
D01330,U00811,Computador,macOS,7.0,2025-11-16
D01331,U00812,Smart TV,webOS,7.2,2025-11-17
D01332,U00812,Computador,macOS,7.2,2025-06-23
D01333,U00813,Móvil,iOS,7.1,2025-01-11
D01334,U00814,Tablet,Android,7.2,2024-09-05
D01335,U00814,Computador,macOS,7.2,2023-04-02
D01336,U00814,Smart TV,webOS,7.1,2023-03-26
D01337,U00815,Móvil,Android,7.0,2025-06-05
D01338,U00816,Móvil,iOS,7.1,2024-06-04
D01339,U00816,Smart TV,webOS,7.2,2023-08-19
D01340,U00817,Móvil,Android,7.2,2025-02-23
D01341,U00818,Smart TV,webOS,7.2,2025-10-17
D01342,U00818,Móvil,Android,7.2,2025-07-21
D01343,U00819,Móvil,Android,7.2,2025-09-03
D01344,U00819,Smart TV,Android TV,7.2,2025-03-17
D01345,U00820,Móvil,Android,7.2,2025-06-20
D01346,U00821,Tablet,iPadOS,7.1,2025-02-07
D01347,U00821,Smart TV,Tizen,7.2,2025-09-23
D01348,U00822,Tablet,iPadOS,7.1,2025-03-22
D01349,U00823,Smart TV,Roku OS,6.9,2023-07-31
D01350,U00823,Móvil,iOS,7.1,2024-11-19
D01351,U00824,Smart TV,Roku OS,7.2,2024-08-30
D01352,U00825,Smart TV,Tizen,7.1,2025-01-18
D01353,U00826,Smart TV,Tizen,7.1,2025-11-29
D01354,U00827,Computador,Windows,7.0,2024-09-09
D01355,U00827,Smart TV,Tizen,6.8,2024-08-29
D01356,U00828,Móvil,Android,6.9,2024-07-08
D01357,U00828,Computador,macOS,7.2,2024-08-29
D01358,U00829,Móvil,Android,7.2,2025-08-11
D01359,U00829,Tablet,iPadOS,7.1,2025-10-17
D01360,U00829,Smart TV,Roku OS,7.2,2025-11-25
D01361,U00830,Computador,Windows,7.1,2025-06-27
D01362,U00831,Computador,Linux,7.1,2025-11-03
D01363,U00832,Tablet,Android,7.1,2025-02-02
D01364,U00833,Móvil,iOS,6.9,2025-02-15
D01365,U00833,Computador,macOS,7.0,2025-06-06
D01366,U00834,Computador,Windows,7.2,2025-03-21
D01367,U00835,Smart TV,Tizen,7.2,2025-11-13
D01368,U00836,Smart TV,Tizen,7.2,2025-03-26
D01369,U00837,Computador,Windows,7.1,2025-11-29
D01370,U00837,Móvil,Android,7.2,2025-02-26
D01371,U00837,Tablet,Android,6.9,2024-05-04
D01372,U00838,Smart TV,Roku OS,7.1,2024-02-21
D01373,U00839,Smart TV,Tizen,7.2,2025-07-06
D01374,U00839,Móvil,Android,7.2,2024-12-06
D01375,U00840,Smart TV,Roku OS,7.0,2025-10-03
D01376,U00840,Móvil,iOS,7.2,2025-10-21
D01377,U00840,Computador,Linux,7.1,2025-10-31
D01378,U00841,Smart TV,webOS,7.1,2025-03-31
D01379,U00841,Tablet,Android,7.2,2025-04-24
D01380,U00842,Tablet,Android,7.2,2025-06-09
D01381,U00842,Consola,Xbox,6.8,2024-12-04
D01382,U00843,Móvil,Android,7.1,2024-11-25
D01383,U00843,Consola,PlayStation,7.2,2023-11-02
D01384,U00844,Smart TV,Roku OS,7.1,2024-02-06
D01385,U00845,Smart TV,Roku OS,7.2,2025-08-29
D01386,U00846,Smart TV,Tizen,7.0,2024-09-26
D01387,U00847,Móvil,iOS,7.2,2025-06-16
D01388,U00847,Tablet,Android,7.2,2025-07-14
D01389,U00848,Computador,Linux,7.2,2025-11-23
D01390,U00848,Consola,Xbox,7.2,2025-11-10
D01391,U00849,Smart TV,webOS,7.0,2025-09-07
D01392,U00850,Móvil,iOS,7.2,2025-06-18
D01393,U00851,Computador,Windows,7.2,2025-06-28
D01394,U00852,Tablet,iPadOS,6.8,2025-06-05
D01395,U00852,Computador,Linux,7.1,2025-06-07
D01396,U00853,Smart TV,Android TV,7.0,2025-08-27
D01397,U00853,Móvil,Android,7.0,2024-08-28
D01398,U00853,Computador,Linux,7.2,2025-04-25
D01399,U00854,Móvil,Android,7.2,2025-07-25
D01400,U00854,Smart TV,Roku OS,7.2,2023-08-25
D01401,U00855,Computador,Linux,7.1,2025-10-14
D01402,U00856,Computador,Windows,7.1,2024-08-18
D01403,U00856,Smart TV,Tizen,6.8,2023-11-17
D01404,U00857,Smart TV,Tizen,7.1,2025-09-28
D01405,U00858,Computador,macOS,7.2,2024-05-20
D01406,U00858,Móvil,Android,7.1,2025-05-19
D01407,U00859,Móvil,Android,6.8,2025-07-20
D01408,U00860,Móvil,iOS,6.8,2025-11-27
D01409,U00861,Móvil,Android,7.1,2024-10-23
D01410,U00861,Computador,macOS,7.1,2024-05-29
D01411,U00862,Tablet,iPadOS,7.1,2025-10-09
D01412,U00862,Smart TV,webOS,7.1,2025-10-07
D01413,U00863,Móvil,iOS,7.1,2025-09-07
D01414,U00863,Computador,Windows,6.9,2025-06-22
D01415,U00863,Tablet,iPadOS,7.0,2023-08-31
D01416,U00864,Computador,macOS,7.2,2025-10-07
D01417,U00864,Smart TV,Tizen,6.9,2025-11-01
D01418,U00864,Móvil,Android,7.1,2025-09-27
D01419,U00865,Smart TV,Roku OS,6.9,2024-11-21
D01420,U00866,Tablet,Android,7.1,2024-08-21
D01421,U00867,Smart TV,Tizen,7.1,2024-03-24
D01422,U00868,Móvil,iOS,7.1,2025-09-19
D01423,U00868,Tablet,iPadOS,7.0,2025-06-26
D01424,U00868,Smart TV,Roku OS,6.9,2025-08-21
D01425,U00869,Móvil,Android,7.2,2025-09-11
D01426,U00869,Smart TV,Tizen,7.1,2025-09-22
D01427,U00869,Computador,Windows,7.1,2025-11-15
D01428,U00870,Móvil,iOS,7.2,2025-05-16
D01429,U00871,Smart TV,webOS,7.2,2025-04-30
D01430,U00871,Computador,macOS,7.0,2024-06-24
D01431,U00871,Móvil,Android,7.2,2025-01-20
D01432,U00872,Computador,Linux,7.2,2025-10-22
D01433,U00873,Móvil,Android,7.2,2025-11-28
D01434,U00873,Smart TV,Android TV,7.2,2025-11-29
D01435,U00873,Computador,macOS,7.1,2025-11-29
D01436,U00874,Computador,Windows,6.9,2025-05-19
D01437,U00874,Móvil,iOS,7.1,2025-06-17
D01438,U00875,Computador,Windows,7.1,2025-01-07
D01439,U00876,Móvil,iOS,7.2,2025-10-05
D01440,U00877,Computador,Windows,7.0,2025-08-21
D01441,U00878,Móvil,iOS,7.1,2023-04-27
D01442,U00878,Tablet,Android,7.2,2023-04-05
D01443,U00879,Smart TV,Android TV,7.1,2025-01-02
D01444,U00879,Computador,Linux,7.2,2025-07-03
D01445,U00880,Smart TV,Tizen,7.2,2025-03-23
D01446,U00880,Móvil,Android,7.0,2025-05-21
D01447,U00880,Computador,Windows,7.1,2025-06-24
D01448,U00881,Computador,macOS,7.1,2025-07-17
D01449,U00882,Smart TV,webOS,7.1,2025-09-29
D01450,U00882,Móvil,iOS,7.1,2025-10-03
D01451,U00883,Móvil,iOS,6.9,2025-11-11
D01452,U00884,Smart TV,Roku OS,6.9,2023-09-25
D01453,U00884,Computador,Linux,7.0,2024-10-14
D01454,U00884,Móvil,iOS,6.9,2024-03-08
D01455,U00885,Consola,Xbox,7.2,2025-05-25
D01456,U00885,Smart TV,Android TV,7.0,2025-05-06
D01457,U00885,Móvil,iOS,7.2,2023-06-07
D01458,U00886,Computador,Linux,6.9,2025-03-31
D01459,U00886,Móvil,iOS,7.2,2025-05-13
D01460,U00887,Smart TV,webOS,7.0,2024-10-28
D01461,U00888,Tablet,iPadOS,7.0,2025-08-30
D01462,U00888,Móvil,Android,7.2,2025-09-26
D01463,U00889,Smart TV,Tizen,7.2,2024-01-19
D01464,U00890,Móvil,iOS,7.1,2025-06-13
D01465,U00890,Smart TV,Android TV,7.2,2024-06-15
D01466,U00891,Computador,Linux,7.0,2024-10-12
D01467,U00892,Tablet,Android,7.2,2024-11-02
D01468,U00892,Computador,Windows,7.1,2024-08-18
D01469,U00893,Computador,Linux,7.2,2025-11-09
D01470,U00894,Móvil,Android,7.2,2025-09-15
D01471,U00894,Smart TV,webOS,7.2,2024-03-18
D01472,U00895,Móvil,iOS,7.1,2025-08-28
D01473,U00896,Computador,macOS,7.2,2025-11-16
D01474,U00897,Consola,PlayStation,7.0,2024-12-23
D01475,U00898,Computador,Windows,7.0,2025-09-23
D01476,U00898,Móvil,Android,7.1,2024-09-05
D01477,U00899,Móvil,iOS,7.2,2025-01-30
D01478,U00899,Tablet,Android,7.0,2025-01-06
D01479,U00899,Smart TV,Android TV,7.2,2024-08-17
D01480,U00900,Smart TV,Roku OS,6.9,2025-06-26
D01481,U00900,Consola,PlayStation,7.1,2025-05-06
D01482,U00901,Computador,Linux,6.8,2024-10-24
D01483,U00901,Tablet,Android,7.0,2025-06-29
D01484,U00901,Smart TV,webOS,7.1,2025-09-06
D01485,U00902,Smart TV,Tizen,7.0,2024-12-15
D01486,U00902,Computador,Linux,7.1,2024-10-18
D01487,U00903,Tablet,iPadOS,7.1,2025-02-08
D01488,U00904,Computador,macOS,7.0,2024-12-23
D01489,U00905,Móvil,iOS,7.1,2024-11-01
D01490,U00905,Smart TV,Android TV,7.2,2025-05-22
D01491,U00906,Computador,macOS,6.8,2024-09-12
D01492,U00906,Smart TV,Roku OS,6.9,2025-01-13
D01493,U00907,Consola,Xbox,7.2,2025-04-24
D01494,U00907,Móvil,Android,7.0,2025-09-04
D01495,U00908,Consola,PlayStation,7.0,2025-10-15
D01496,U00908,Tablet,iPadOS,6.9,2025-07-07
D01497,U00909,Smart TV,Tizen,7.0,2025-11-20
D01498,U00910,Computador,macOS,7.2,2024-12-11
D01499,U00911,Computador,macOS,7.2,2025-08-12
D01500,U00912,Consola,PlayStation,7.2,2025-08-20
D01501,U00912,Móvil,Android,6.9,2025-09-09
D01502,U00913,Computador,macOS,7.1,2025-11-19
D01503,U00913,Móvil,Android,7.0,2025-07-10
D01504,U00914,Smart TV,Android TV,6.9,2024-05-10
D01505,U00914,Móvil,Android,7.2,2024-10-20
D01506,U00914,Computador,Windows,7.2,2024-11-10
D01507,U00915,Móvil,Android,7.2,2025-04-28
D01508,U00915,Tablet,iPadOS,7.2,2025-05-11
D01509,U00916,Smart TV,webOS,7.1,2025-05-18
D01510,U00916,Computador,Windows,6.8,2025-01-02
D01511,U00917,Móvil,Android,7.2,2025-05-24
D01512,U00917,Computador,Linux,6.8,2025-02-26
D01513,U00917,Tablet,iPadOS,7.2,2025-11-16
D01514,U00918,Computador,macOS,6.8,2024-02-01
D01515,U00919,Móvil,iOS,7.2,2025-11-21
D01516,U00920,Computador,Windows,7.0,2025-10-11
D01517,U00920,Smart TV,Android TV,7.0,2025-10-27
D01518,U00921,Smart TV,webOS,7.0,2025-11-21
D01519,U00921,Computador,Linux,7.0,2025-03-14
D01520,U00922,Móvil,iOS,6.9,2025-11-20
D01521,U00922,Smart TV,Tizen,7.1,2025-11-13
D01522,U00923,Tablet,Android,7.2,2024-08-15
D01523,U00924,Computador,Windows,7.2,2025-09-03
D01524,U00925,Computador,macOS,6.8,2023-03-06
D01525,U00925,Móvil,Android,7.2,2023-04-23
D01526,U00926,Computador,macOS,7.1,2024-06-10
D01527,U00927,Smart TV,Tizen,6.9,2025-05-17
D01528,U00928,Smart TV,webOS,6.9,2025-06-16
D01529,U00928,Computador,macOS,7.1,2025-10-19
D01530,U00929,Tablet,iPadOS,7.0,2025-08-01
D01531,U00930,Móvil,iOS,6.8,2025-09-29
D01532,U00930,Tablet,Android,7.1,2024-12-04
D01533,U00930,Consola,Xbox,7.2,2025-10-06
D01534,U00931,Smart TV,Android TV,6.8,2024-11-19
D01535,U00931,Tablet,Android,6.9,2024-11-15
D01536,U00932,Móvil,Android,7.2,2023-09-07
D01537,U00932,Smart TV,webOS,7.1,2024-06-18
D01538,U00932,Computador,Linux,6.9,2023-07-18
D01539,U00933,Smart TV,Tizen,7.2,2024-11-30
D01540,U00933,Móvil,iOS,7.1,2024-08-02
D01541,U00934,Móvil,Android,7.1,2025-11-22
D01542,U00935,Computador,macOS,7.0,2024-10-19
D01543,U00936,Tablet,Android,7.0,2024-05-15
D01544,U00936,Móvil,Android,6.9,2024-12-12
D01545,U00937,Computador,macOS,7.1,2025-10-24
D01546,U00937,Smart TV,webOS,7.0,2025-10-12
D01547,U00938,Smart TV,webOS,7.0,2025-03-17
D01548,U00938,Móvil,Android,6.9,2024-09-11
D01549,U00939,Smart TV,Tizen,6.8,2025-02-12
D01550,U00940,Smart TV,Roku OS,7.1,2024-09-26
D01551,U00940,Consola,Xbox,7.0,2023-07-26
D01552,U00941,Computador,Windows,6.8,2025-02-09
D01553,U00941,Móvil,Android,7.1,2025-09-23
D01554,U00942,Móvil,iOS,7.2,2025-03-12
D01555,U00942,Smart TV,Roku OS,7.2,2025-08-31
D01556,U00942,Tablet,iPadOS,6.9,2024-10-31
D01557,U00943,Computador,macOS,7.2,2025-09-01
D01558,U00943,Smart TV,Roku OS,7.1,2025-10-15
D01559,U00944,Móvil,iOS,7.1,2025-11-03
D01560,U00944,Consola,PlayStation,7.1,2025-07-18
D01561,U00945,Tablet,iPadOS,7.2,2025-07-20
D01562,U00945,Móvil,Android,7.2,2025-09-15
D01563,U00946,Computador,macOS,7.2,2024-11-26
D01564,U00947,Smart TV,Tizen,7.0,2025-03-31
D01565,U00947,Tablet,Android,7.2,2025-11-14
D01566,U00948,Móvil,iOS,7.1,2025-05-25
D01567,U00948,Tablet,iPadOS,7.0,2025-01-11
D01568,U00948,Computador,Windows,7.1,2024-12-18
D01569,U00949,Tablet,iPadOS,7.1,2025-11-06
D01570,U00949,Computador,Linux,7.0,2025-11-21
D01571,U00950,Móvil,iOS,6.8,2024-10-11
D01572,U00950,Smart TV,Tizen,7.1,2025-07-22
D01573,U00951,Smart TV,Android TV,6.8,2025-08-26
D01574,U00951,Computador,Linux,7.2,2025-06-18
D01575,U00952,Tablet,Android,7.2,2025-11-18
D01576,U00953,Computador,macOS,6.9,2024-09-10
D01577,U00954,Computador,Windows,7.2,2025-07-25
D01578,U00955,Móvil,Android,6.9,2025-09-06
D01579,U00956,Computador,macOS,7.2,2025-07-02
D01580,U00957,Computador,Windows,7.1,2025-09-13
D01581,U00957,Móvil,Android,7.2,2025-06-10
D01582,U00958,Smart TV,Roku OS,7.1,2025-11-26
D01583,U00958,Tablet,Android,6.9,2025-11-23
D01584,U00959,Computador,macOS,7.1,2024-08-23
D01585,U00959,Smart TV,Tizen,7.0,2025-04-20
D01586,U00959,Tablet,Android,7.2,2025-04-23
D01587,U00960,Tablet,Android,7.2,2025-11-14
D01588,U00960,Móvil,Android,7.1,2025-08-14
D01589,U00961,Smart TV,webOS,7.0,2024-07-04
D01590,U00961,Móvil,Android,7.0,2024-01-28
D01591,U00962,Smart TV,Android TV,6.9,2024-03-16
D01592,U00962,Móvil,iOS,7.2,2025-10-09
D01593,U00962,Tablet,iPadOS,7.1,2025-07-08
D01594,U00963,Tablet,Android,7.0,2025-01-01
D01595,U00963,Computador,Windows,7.0,2025-01-24
D01596,U00964,Smart TV,Roku OS,7.1,2024-02-23
D01597,U00965,Computador,Windows,6.9,2024-11-18
D01598,U00966,Tablet,Android,7.0,2025-11-28
D01599,U00966,Computador,Linux,7.1,2025-04-15
D01600,U00967,Smart TV,Android TV,6.9,2025-06-22
D01601,U00968,Smart TV,webOS,7.2,2025-08-22
D01602,U00968,Móvil,Android,7.2,2025-07-14
D01603,U00969,Móvil,Android,7.2,2024-09-04
D01604,U00969,Computador,Linux,7.2,2024-10-14
D01605,U00970,Computador,Windows,6.9,2025-07-02
D01606,U00970,Móvil,iOS,7.1,2025-08-15
D01607,U00971,Smart TV,webOS,7.1,2025-10-20
D01608,U00971,Tablet,Android,7.2,2025-01-25
D01609,U00971,Móvil,Android,7.1,2025-05-27
D01610,U00972,Móvil,Android,6.8,2025-11-08
D01611,U00973,Smart TV,Roku OS,7.1,2024-01-21
D01612,U00973,Consola,Xbox,7.2,2025-11-07
D01613,U00973,Móvil,iOS,6.9,2023-08-27
D01614,U00974,Tablet,Android,7.0,2024-02-18
D01615,U00974,Smart TV,Roku OS,7.1,2024-10-17
D01616,U00975,Tablet,Android,7.1,2025-05-10
D01617,U00975,Móvil,iOS,7.2,2025-05-28
D01618,U00975,Computador,macOS,7.1,2025-03-30
D01619,U00976,Móvil,Android,6.9,2024-01-25
D01620,U00977,Smart TV,Roku OS,7.1,2025-03-01
D01621,U00978,Smart TV,Roku OS,7.1,2025-01-30
D01622,U00978,Tablet,Android,7.2,2024-11-26
D01623,U00978,Móvil,Android,7.2,2024-02-18
D01624,U00979,Tablet,iPadOS,7.2,2025-11-03
D01625,U00980,Tablet,iPadOS,7.2,2023-08-13
D01626,U00981,Computador,macOS,7.2,2025-11-27
D01627,U00982,Computador,Linux,7.1,2025-10-01
D01628,U00982,Consola,Xbox,6.9,2025-10-01
D01629,U00983,Computador,Linux,7.0,2025-02-21
D01630,U00983,Tablet,Android,7.1,2025-03-04
D01631,U00984,Móvil,iOS,7.2,2025-07-28
D01632,U00985,Móvil,iOS,7.2,2024-12-30
D01633,U00985,Smart TV,webOS,7.0,2025-03-03
D01634,U00986,Computador,Linux,7.2,2025-01-08
D01635,U00986,Móvil,Android,7.1,2025-04-17
D01636,U00987,Computador,Linux,6.8,2023-08-31
D01637,U00987,Smart TV,Tizen,6.9,2024-06-14
D01638,U00987,Tablet,Android,7.2,2025-09-07
D01639,U00988,Computador,Linux,6.8,2025-06-12
D01640,U00988,Smart TV,Roku OS,7.0,2025-04-08
D01641,U00989,Tablet,Android,7.1,2025-08-08
D01642,U00990,Tablet,iPadOS,6.9,2025-11-27
D01643,U00990,Móvil,iOS,7.2,2025-10-31
D01644,U00991,Smart TV,Roku OS,7.2,2025-06-22
D01645,U00991,Móvil,Android,7.0,2025-05-26
D01646,U00992,Móvil,iOS,7.2,2024-02-26
D01647,U00993,Computador,macOS,7.1,2025-08-15
D01648,U00993,Smart TV,Android TV,7.0,2025-10-28
D01649,U00994,Tablet,Android,6.9,2024-09-18
D01650,U00994,Consola,Xbox,7.1,2025-07-25
D01651,U00994,Computador,macOS,6.9,2024-09-16
D01652,U00995,Móvil,iOS,7.1,2025-06-20
D01653,U00995,Computador,Linux,7.2,2025-01-25
D01654,U00996,Móvil,iOS,7.1,2024-11-03
D01655,U00997,Computador,Windows,7.2,2025-10-15
D01656,U00997,Móvil,Android,7.1,2025-10-23
D01657,U00998,Smart TV,Roku OS,7.1,2025-10-04
D01658,U00999,Computador,Linux,6.9,2025-07-29
D01659,U00999,Tablet,Android,7.1,2025-09-04
D01660,U00999,Móvil,Android,6.8,2024-06-12
D01661,U01000,Computador,Linux,7.2,2025-07-05
D01662,U01000,Smart TV,Android TV,6.9,2025-02-15
D01663,U01000,Móvil,Android,7.0,2025-01-12
D01664,U01001,Computador,Windows,7.1,2025-07-29
D01665,U01001,Móvil,Android,7.1,2025-08-02
D01666,U01002,Consola,PlayStation,7.1,2025-10-29
D01667,U01002,Smart TV,Android TV,7.0,2025-11-11
D01668,U01003,Tablet,Android,7.2,2024-01-02
D01669,U01004,Móvil,Android,7.1,2025-11-08
D01670,U01004,Computador,Linux,6.9,2024-04-20
D01671,U01005,Computador,Windows,7.1,2025-11-04
D01672,U01006,Smart TV,Android TV,7.1,2024-08-30
D01673,U01007,Computador,Windows,7.0,2025-05-12
D01674,U01008,Computador,Windows,6.9,2025-02-05
D01675,U01008,Tablet,iPadOS,6.9,2025-01-15
D01676,U01009,Computador,Linux,6.9,2024-02-27
D01677,U01010,Computador,macOS,6.9,2025-06-13
D01678,U01010,Smart TV,Roku OS,7.2,2025-08-29
D01679,U01011,Móvil,Android,7.1,2025-05-21
D01680,U01011,Tablet,Android,7.0,2024-11-12
D01681,U01012,Computador,Windows,7.2,2025-10-05
D01682,U01013,Móvil,Android,7.2,2025-07-17
D01683,U01013,Smart TV,Tizen,7.2,2025-06-02
D01684,U01013,Computador,macOS,7.2,2025-09-11
D01685,U01014,Móvil,Android,7.2,2023-08-26
D01686,U01015,Consola,PlayStation,7.1,2024-06-13
D01687,U01016,Tablet,Android,7.1,2025-07-21
D01688,U01016,Móvil,iOS,7.2,2025-08-13
D01689,U01016,Computador,Windows,7.2,2025-10-13
D01690,U01017,Móvil,Android,7.2,2025-07-14
D01691,U01017,Computador,Linux,7.2,2024-10-25
D01692,U01018,Móvil,iOS,7.0,2025-11-18
D01693,U01019,Smart TV,Tizen,7.1,2025-11-02
D01694,U01020,Móvil,Android,7.2,2023-05-07
D01695,U01020,Tablet,iPadOS,7.2,2023-08-17
D01696,U01020,Computador,Linux,6.8,2023-08-08
D01697,U01021,Móvil,iOS,7.2,2024-07-17
D01698,U01022,Móvil,iOS,7.1,2025-08-01
D01699,U01023,Móvil,Android,6.8,2025-11-14
D01700,U01024,Smart TV,Roku OS,7.2,2024-10-05
D01701,U01024,Móvil,iOS,7.2,2025-01-02
D01702,U01025,Tablet,iPadOS,7.1,2025-07-20
D01703,U01025,Smart TV,webOS,7.1,2025-01-13
D01704,U01026,Tablet,Android,6.9,2025-11-27
D01705,U01026,Móvil,Android,7.1,2025-09-14
D01706,U01027,Smart TV,Android TV,7.2,2025-06-10
D01707,U01028,Computador,Linux,7.1,2025-04-04
D01708,U01028,Consola,Xbox,7.0,2024-09-10
D01709,U01029,Computador,Windows,7.1,2024-06-24
D01710,U01029,Smart TV,Tizen,7.2,2025-04-19
D01711,U01029,Móvil,Android,7.2,2024-03-12
D01712,U01030,Smart TV,Tizen,7.0,2024-03-14
D01713,U01031,Móvil,iOS,7.1,2025-05-23
D01714,U01032,Móvil,iOS,7.1,2025-09-11
D01715,U01032,Smart TV,webOS,6.8,2025-06-14
D01716,U01033,Smart TV,Android TV,7.2,2025-10-31
D01717,U01033,Computador,Linux,7.1,2025-08-22
D01718,U01034,Móvil,iOS,7.2,2025-08-10
D01719,U01035,Consola,PlayStation,7.1,2025-08-13
D01720,U01036,Smart TV,Roku OS,7.0,2025-11-10
D01721,U01036,Móvil,iOS,6.8,2025-11-28
D01722,U01037,Computador,macOS,7.2,2025-10-22
D01723,U01038,Móvil,iOS,7.1,2024-01-05
D01724,U01039,Computador,macOS,7.1,2023-10-11
D01725,U01040,Smart TV,webOS,6.8,2024-10-26
D01726,U01040,Consola,PlayStation,7.1,2025-10-04
D01727,U01040,Móvil,iOS,7.0,2025-02-19
D01728,U01041,Smart TV,Roku OS,7.2,2023-11-30
D01729,U01041,Móvil,iOS,7.1,2025-01-13
D01730,U01042,Smart TV,Roku OS,7.0,2025-11-24
D01731,U01043,Móvil,iOS,7.0,2024-01-27
D01732,U01044,Computador,macOS,7.2,2025-10-25
D01733,U01045,Móvil,Android,7.2,2024-07-22
D01734,U01046,Computador,macOS,7.0,2025-11-27
D01735,U01046,Smart TV,Tizen,7.2,2025-11-21
D01736,U01047,Móvil,Android,7.1,2024-10-22
D01737,U01047,Computador,macOS,7.2,2024-11-24
D01738,U01047,Tablet,iPadOS,6.9,2025-05-24
D01739,U01048,Smart TV,Roku OS,7.1,2024-05-21
D01740,U01048,Tablet,iPadOS,7.0,2024-01-25
D01741,U01048,Móvil,iOS,7.1,2025-03-28
D01742,U01049,Tablet,Android,6.9,2025-04-19
D01743,U01049,Móvil,iOS,6.9,2024-04-11
D01744,U01049,Smart TV,Tizen,7.2,2024-09-18
D01745,U01050,Móvil,iOS,7.1,2025-09-15
D01746,U01050,Smart TV,Android TV,7.1,2025-04-22
D01747,U01050,Tablet,Android,6.9,2025-07-27
D01748,U01051,Móvil,Android,7.2,2025-11-12
D01749,U01051,Smart TV,Tizen,7.2,2025-11-01
D01750,U01051,Tablet,Android,7.0,2025-11-03
D01751,U01052,Tablet,iPadOS,7.1,2024-02-18
D01752,U01053,Smart TV,Android TV,6.9,2025-09-28
D01753,U01053,Computador,Linux,6.9,2025-10-22
D01754,U01053,Móvil,Android,7.2,2025-10-29
D01755,U01054,Computador,Linux,7.1,2025-11-21
D01756,U01055,Tablet,Android,6.8,2025-08-04
D01757,U01055,Móvil,Android,7.1,2025-11-24
D01758,U01056,Smart TV,webOS,7.0,2025-08-05
D01759,U01056,Computador,Linux,7.2,2024-06-19
D01760,U01056,Tablet,iPadOS,7.2,2024-07-18
D01761,U01057,Smart TV,Roku OS,7.1,2024-12-29
D01762,U01058,Móvil,Android,7.1,2024-04-16
D01763,U01059,Smart TV,Roku OS,7.2,2024-02-22
D01764,U01060,Móvil,iOS,7.0,2024-01-07
D01765,U01060,Tablet,iPadOS,6.8,2024-02-25
D01766,U01061,Tablet,Android,7.0,2025-05-04
D01767,U01062,Tablet,Android,7.1,2023-08-29
D01768,U01063,Móvil,iOS,6.9,2025-09-29
D01769,U01063,Smart TV,webOS,7.2,2025-10-31
D01770,U01064,Tablet,Android,7.1,2024-11-23
D01771,U01065,Computador,macOS,7.0,2024-12-24
D01772,U01065,Smart TV,Roku OS,7.2,2025-04-07
D01773,U01065,Tablet,Android,6.9,2025-05-26
D01774,U01066,Móvil,iOS,7.2,2025-08-15
D01775,U01067,Móvil,Android,7.1,2024-04-26
D01776,U01067,Smart TV,Tizen,7.2,2024-09-19
D01777,U01068,Móvil,Android,7.1,2023-05-12
D01778,U01069,Tablet,iPadOS,7.1,2025-06-08
D01779,U01070,Computador,Linux,7.1,2025-11-27
D01780,U01071,Móvil,iOS,7.0,2025-08-24
D01781,U01072,Tablet,Android,7.0,2025-01-17
D01782,U01072,Móvil,iOS,7.1,2024-06-08
D01783,U01073,Móvil,iOS,7.0,2025-03-29
D01784,U01073,Smart TV,Roku OS,7.2,2025-03-29
D01785,U01074,Móvil,iOS,6.9,2025-06-16
D01786,U01074,Smart TV,Android TV,7.2,2025-06-09
D01787,U01075,Smart TV,Tizen,7.0,2024-12-15
D01788,U01076,Computador,macOS,7.2,2024-09-15
D01789,U01076,Tablet,iPadOS,7.2,2025-03-29
D01790,U01077,Computador,macOS,6.9,2025-09-27
D01791,U01077,Smart TV,Android TV,7.1,2024-12-01
D01792,U01078,Smart TV,Tizen,7.1,2025-11-13
D01793,U01078,Móvil,Android,7.1,2024-11-14
D01794,U01079,Smart TV,webOS,7.0,2025-08-29
D01795,U01079,Computador,Linux,7.2,2025-11-03
D01796,U01080,Móvil,Android,7.2,2024-08-21
D01797,U01081,Móvil,Android,7.2,2025-04-27
D01798,U01082,Computador,Linux,7.2,2023-12-16
D01799,U01083,Smart TV,webOS,7.1,2025-11-02
D01800,U01084,Smart TV,Tizen,7.1,2025-11-26
D01801,U01084,Consola,Xbox,6.9,2025-11-10
D01802,U01084,Móvil,Android,7.2,2025-11-30
D01803,U01085,Móvil,Android,7.2,2025-10-01
D01804,U01086,Móvil,iOS,7.0,2023-08-29
D01805,U01087,Móvil,iOS,7.0,2025-03-28
D01806,U01087,Smart TV,webOS,7.2,2024-04-17
D01807,U01088,Smart TV,Android TV,6.9,2025-10-21
D01808,U01089,Computador,Windows,7.0,2025-01-04
D01809,U01089,Consola,Xbox,7.2,2025-04-23
D01810,U01090,Móvil,Android,7.2,2023-07-03
D01811,U01091,Smart TV,Roku OS,7.0,2024-01-28
D01812,U01091,Computador,Windows,6.9,2024-08-21
D01813,U01092,Móvil,iOS,7.2,2024-11-17
D01814,U01092,Computador,Linux,7.1,2024-12-07
D01815,U01092,Tablet,Android,7.2,2025-01-30
D01816,U01093,Móvil,iOS,7.0,2025-10-31
D01817,U01093,Smart TV,webOS,7.2,2025-08-22
D01818,U01094,Móvil,iOS,7.2,2025-07-16
D01819,U01094,Tablet,iPadOS,7.1,2025-01-22
D01820,U01095,Móvil,iOS,7.1,2024-08-25
D01821,U01096,Móvil,Android,7.2,2025-10-24
D01822,U01097,Smart TV,webOS,7.0,2025-07-08
D01823,U01097,Computador,macOS,6.9,2025-10-29
D01824,U01097,Móvil,iOS,7.1,2025-08-11
D01825,U01098,Móvil,iOS,7.1,2024-10-08
D01826,U01099,Móvil,iOS,6.8,2023-12-05
D01827,U01100,Smart TV,Android TV,7.0,2025-06-25
D01828,U01101,Móvil,iOS,7.2,2025-10-02
D01829,U01101,Tablet,iPadOS,7.2,2025-10-30
D01830,U01101,Smart TV,webOS,7.1,2025-10-28
D01831,U01102,Smart TV,Tizen,7.0,2025-07-20
D01832,U01102,Tablet,iPadOS,7.1,2024-04-04
D01833,U01103,Tablet,iPadOS,7.1,2025-07-05
D01834,U01104,Móvil,iOS,7.0,2023-09-27
D01835,U01104,Computador,macOS,7.2,2025-06-29
D01836,U01105,Móvil,Android,6.9,2025-11-10
D01837,U01106,Tablet,iPadOS,7.2,2024-11-20
D01838,U01106,Computador,Linux,7.2,2025-06-07
D01839,U01106,Móvil,iOS,7.1,2025-06-17
D01840,U01107,Smart TV,webOS,6.9,2025-10-04
D01841,U01107,Computador,macOS,6.9,2025-10-26
D01842,U01107,Móvil,iOS,7.0,2025-08-31
D01843,U01108,Computador,macOS,7.1,2024-07-04
D01844,U01108,Móvil,Android,7.1,2023-10-06
D01845,U01109,Computador,Windows,7.1,2025-09-21
D01846,U01109,Móvil,Android,7.1,2025-09-13
D01847,U01110,Móvil,iOS,7.1,2025-05-22
D01848,U01111,Computador,Linux,7.0,2025-05-24
D01849,U01111,Smart TV,Android TV,7.0,2025-10-08
D01850,U01112,Computador,macOS,7.1,2024-07-14
D01851,U01113,Móvil,iOS,6.8,2025-06-10
D01852,U01113,Computador,Windows,7.2,2025-11-10
D01853,U01114,Móvil,Android,7.0,2024-03-31
D01854,U01114,Smart TV,Android TV,7.0,2025-07-16
D01855,U01115,Móvil,Android,7.0,2025-02-04
D01856,U01115,Tablet,Android,7.0,2025-10-08
D01857,U01116,Móvil,iOS,7.0,2025-08-04
D01858,U01116,Smart TV,Tizen,7.1,2024-12-17
D01859,U01117,Smart TV,webOS,7.2,2024-08-15
D01860,U01117,Móvil,Android,7.0,2025-06-28
D01861,U01118,Consola,PlayStation,7.1,2025-11-19
D01862,U01119,Móvil,Android,7.0,2024-06-05
D01863,U01119,Smart TV,Android TV,7.2,2024-06-07
D01864,U01119,Tablet,iPadOS,7.2,2024-10-17
D01865,U01120,Computador,Linux,7.1,2025-08-18
D01866,U01121,Smart TV,Roku OS,7.2,2025-07-07
D01867,U01122,Smart TV,Tizen,7.2,2024-12-07
D01868,U01122,Computador,Linux,7.2,2024-12-26
D01869,U01122,Móvil,Android,6.9,2024-10-26
D01870,U01123,Computador,macOS,7.1,2025-10-14
D01871,U01124,Móvil,Android,6.9,2025-03-31
D01872,U01125,Tablet,iPadOS,7.1,2023-10-15
D01873,U01125,Móvil,Android,6.8,2024-03-06
D01874,U01126,Tablet,iPadOS,7.1,2024-05-16
D01875,U01127,Computador,macOS,7.1,2025-11-28
D01876,U01127,Smart TV,webOS,7.0,2025-08-20
D01877,U01128,Smart TV,Android TV,7.2,2025-10-13
D01878,U01129,Smart TV,Roku OS,7.2,2025-03-10
D01879,U01130,Smart TV,Android TV,7.1,2024-04-01
D01880,U01131,Móvil,iOS,6.9,2025-08-15
D01881,U01132,Móvil,Android,7.2,2025-07-07
D01882,U01132,Smart TV,Roku OS,7.2,2025-11-11
D01883,U01132,Computador,Linux,7.2,2025-09-13
D01884,U01133,Smart TV,Tizen,7.2,2025-11-26
D01885,U01133,Tablet,iPadOS,7.1,2024-12-26
D01886,U01134,Tablet,Android,7.0,2025-07-22
D01887,U01134,Móvil,Android,7.0,2025-07-01
D01888,U01134,Computador,macOS,7.2,2025-04-05
D01889,U01135,Smart TV,Android TV,7.1,2024-11-21
D01890,U01136,Computador,Windows,7.0,2024-08-25
D01891,U01137,Computador,macOS,7.2,2025-07-15
D01892,U01138,Smart TV,webOS,6.9,2024-12-20
D01893,U01138,Computador,macOS,7.2,2024-12-14
D01894,U01139,Computador,macOS,7.0,2025-11-08
D01895,U01140,Smart TV,webOS,6.8,2025-07-15
D01896,U01141,Móvil,iOS,6.9,2025-08-20
D01897,U01141,Smart TV,Tizen,7.0,2024-02-24
D01898,U01141,Computador,Linux,7.2,2025-02-19
D01899,U01142,Smart TV,Roku OS,6.9,2024-11-22
D01900,U01142,Móvil,iOS,7.1,2025-02-04
D01901,U01143,Computador,Windows,7.1,2025-10-22
D01902,U01144,Móvil,iOS,6.8,2023-08-02
D01903,U01144,Computador,Windows,7.1,2024-07-05
D01904,U01145,Computador,macOS,7.1,2025-01-13
D01905,U01145,Tablet,Android,7.2,2025-10-09
D01906,U01146,Móvil,Android,7.2,2025-02-21
D01907,U01147,Tablet,iPadOS,7.0,2025-08-24
D01908,U01148,Smart TV,Tizen,7.1,2025-10-18
D01909,U01149,Computador,Windows,7.2,2025-05-12
D01910,U01149,Smart TV,Android TV,7.2,2024-07-07
D01911,U01150,Móvil,Android,7.0,2024-06-30
D01912,U01151,Móvil,Android,7.2,2025-09-07
D01913,U01151,Smart TV,Android TV,7.1,2025-10-14
D01914,U01152,Móvil,Android,7.0,2025-08-02
D01915,U01152,Smart TV,Tizen,7.1,2024-12-04
D01916,U01153,Smart TV,Roku OS,7.2,2024-09-27
D01917,U01153,Computador,Windows,6.9,2024-10-27
D01918,U01153,Tablet,Android,7.2,2024-01-01
D01919,U01154,Smart TV,Roku OS,7.2,2024-06-17
D01920,U01155,Móvil,Android,7.2,2025-09-27
D01921,U01155,Smart TV,Roku OS,7.0,2025-06-27
D01922,U01156,Móvil,iOS,7.0,2023-10-01
D01923,U01157,Computador,Windows,7.1,2024-08-15
D01924,U01157,Tablet,Android,7.0,2024-09-05
D01925,U01158,Computador,Linux,7.1,2024-08-07
D01926,U01159,Tablet,Android,6.9,2025-10-17
D01927,U01159,Smart TV,webOS,7.1,2025-10-25
D01928,U01160,Móvil,Android,7.1,2025-03-22
D01929,U01160,Computador,Windows,7.2,2025-10-02
D01930,U01161,Smart TV,Roku OS,6.9,2024-12-19
D01931,U01162,Smart TV,Tizen,7.0,2025-11-25
D01932,U01162,Móvil,iOS,7.0,2025-11-25
D01933,U01162,Tablet,Android,7.2,2025-11-26
D01934,U01163,Computador,macOS,7.0,2025-11-19
D01935,U01163,Móvil,iOS,7.2,2024-11-13
D01936,U01164,Tablet,iPadOS,6.8,2025-02-11
D01937,U01164,Móvil,Android,7.0,2025-06-04
D01938,U01165,Tablet,Android,7.1,2025-05-10
D01939,U01165,Smart TV,webOS,6.9,2025-07-22
D01940,U01166,Smart TV,Tizen,7.0,2024-08-16
D01941,U01167,Smart TV,Tizen,7.2,2023-11-18
D01942,U01168,Móvil,Android,7.1,2024-12-08
D01943,U01168,Tablet,Android,7.1,2025-11-29
D01944,U01169,Computador,Linux,7.2,2025-08-13
D01945,U01169,Smart TV,Android TV,7.1,2025-06-17
D01946,U01170,Smart TV,webOS,7.2,2024-07-16
D01947,U01170,Móvil,iOS,7.1,2024-11-19
D01948,U01171,Computador,macOS,6.8,2025-03-21
D01949,U01172,Móvil,iOS,7.2,2025-09-09
D01950,U01172,Tablet,Android,7.2,2025-04-23
D01951,U01173,Smart TV,Roku OS,7.2,2025-03-20
D01952,U01173,Móvil,iOS,7.0,2025-10-15
D01953,U01174,Móvil,iOS,7.1,2024-12-16
D01954,U01174,Smart TV,Android TV,7.1,2025-04-24
D01955,U01175,Smart TV,Tizen,7.1,2024-08-02
D01956,U01175,Computador,Linux,7.1,2024-10-29
D01957,U01176,Móvil,iOS,7.1,2024-04-09
D01958,U01176,Smart TV,Tizen,7.0,2025-08-25
D01959,U01177,Móvil,iOS,7.2,2025-06-11
D01960,U01178,Smart TV,Roku OS,7.2,2025-02-08
D01961,U01179,Consola,Xbox,7.1,2025-08-14
D01962,U01180,Computador,macOS,7.2,2024-12-08
D01963,U01180,Móvil,iOS,6.9,2025-02-03
D01964,U01181,Móvil,Android,7.0,2025-09-19
D01965,U01181,Consola,Xbox,7.1,2025-11-29
D01966,U01182,Smart TV,webOS,7.0,2024-04-17
D01967,U01182,Móvil,iOS,7.1,2025-04-13
D01968,U01182,Tablet,Android,6.9,2025-10-30
D01969,U01183,Móvil,iOS,7.2,2025-10-22
D01970,U01184,Computador,macOS,6.9,2025-08-24
D01971,U01184,Móvil,Android,7.2,2025-03-18
D01972,U01185,Computador,Windows,7.1,2024-12-23
D01973,U01185,Smart TV,Android TV,7.2,2025-07-23
D01974,U01186,Smart TV,Android TV,7.2,2025-08-07
D01975,U01186,Computador,macOS,7.1,2025-11-05
D01976,U01187,Smart TV,Tizen,7.2,2025-05-27
D01977,U01187,Tablet,Android,7.2,2025-10-24
D01978,U01187,Computador,Windows,6.8,2025-11-17
D01979,U01188,Consola,Xbox,7.1,2025-06-08
D01980,U01188,Móvil,Android,7.0,2025-09-17
D01981,U01189,Móvil,iOS,7.2,2025-02-21
D01982,U01190,Computador,macOS,7.0,2024-12-16
D01983,U01191,Móvil,Android,7.2,2025-11-07
D01984,U01192,Smart TV,Android TV,7.2,2023-08-09
D01985,U01193,Computador,Linux,7.1,2025-05-28
D01986,U01194,Tablet,Android,7.1,2025-11-11
D01987,U01194,Móvil,Android,7.2,2025-11-03
D01988,U01195,Smart TV,Tizen,7.1,2025-07-02
D01989,U01195,Móvil,Android,7.1,2024-11-29
D01990,U01196,Smart TV,Tizen,7.1,2023-09-24
D01991,U01197,Computador,macOS,7.2,2025-11-06
D01992,U01197,Móvil,iOS,7.2,2025-11-19
D01993,U01198,Móvil,iOS,7.1,2025-08-25
D01994,U01198,Computador,Windows,7.0,2025-09-17
D01995,U01198,Smart TV,webOS,7.2,2025-09-22
D01996,U01199,Móvil,iOS,7.0,2024-04-05
D01997,U01200,Móvil,iOS,7.1,2025-11-27
D01998,U01200,Smart TV,webOS,7.2,2025-09-22
D01999,U01201,Móvil,iOS,7.2,2025-04-14
D02000,U01201,Smart TV,Tizen,7.0,2025-10-19
D02001,U01202,Smart TV,Android TV,6.8,2025-04-14
D02002,U01203,Móvil,Android,6.9,2024-03-08
D02003,U01204,Tablet,Android,7.1,2025-03-06
D02004,U01204,Móvil,iOS,7.0,2025-09-01
D02005,U01205,Móvil,iOS,6.9,2025-11-23
D02006,U01206,Móvil,iOS,7.1,2025-11-28
D02007,U01206,Smart TV,Android TV,7.2,2025-11-29
D02008,U01207,Computador,macOS,7.1,2024-09-29
D02009,U01207,Smart TV,Android TV,7.1,2024-11-06
D02010,U01208,Móvil,Android,7.0,2025-07-19
D02011,U01208,Computador,Linux,7.2,2025-10-20
D02012,U01209,Computador,Linux,7.0,2025-10-15
D02013,U01209,Smart TV,Tizen,7.0,2025-10-25
D02014,U01209,Móvil,Android,7.2,2025-09-11
D02015,U01210,Móvil,iOS,7.2,2023-05-02
D02016,U01210,Computador,macOS,7.2,2023-10-06
D02017,U01211,Móvil,Android,7.1,2024-02-15
D02018,U01211,Tablet,iPadOS,7.0,2024-04-25
D02019,U01212,Computador,Linux,7.2,2024-06-08
D02020,U01212,Smart TV,Roku OS,7.2,2024-11-21
D02021,U01212,Tablet,Android,7.0,2024-10-31
D02022,U01213,Móvil,iOS,7.1,2025-03-29
D02023,U01214,Móvil,iOS,7.2,2025-07-23
D02024,U01215,Móvil,Android,7.2,2023-12-22
D02025,U01215,Smart TV,webOS,6.9,2024-06-29
D02026,U01216,Smart TV,Android TV,7.2,2025-07-11
D02027,U01217,Móvil,iOS,7.2,2024-02-07
D02028,U01217,Computador,Windows,7.1,2024-09-03
D02029,U01217,Smart TV,Android TV,6.8,2024-07-09
D02030,U01218,Móvil,Android,7.2,2025-06-14
D02031,U01219,Smart TV,webOS,7.0,2025-09-18
D02032,U01220,Tablet,Android,7.2,2024-01-11
D02033,U01220,Móvil,iOS,7.2,2025-05-12
D02034,U01221,Smart TV,Tizen,7.0,2025-03-01
D02035,U01221,Computador,Linux,7.2,2025-03-15
D02036,U01222,Computador,macOS,6.9,2025-10-02
D02037,U01223,Computador,Windows,6.8,2025-11-17
D02038,U01223,Smart TV,Tizen,7.2,2024-12-04
D02039,U01223,Consola,PlayStation,7.1,2025-01-09
D02040,U01224,Tablet,iPadOS,7.0,2023-09-05
D02041,U01224,Móvil,Android,7.1,2023-04-27
D02042,U01225,Computador,Linux,7.2,2024-04-23
D02043,U01225,Smart TV,webOS,7.0,2024-06-13
D02044,U01226,Móvil,iOS,7.1,2024-04-17
D02045,U01227,Computador,macOS,6.9,2025-11-14
D02046,U01228,Móvil,iOS,7.1,2024-05-12
D02047,U01228,Computador,Linux,7.0,2025-06-03
D02048,U01229,Tablet,Android,7.0,2023-09-12
D02049,U01229,Smart TV,webOS,7.1,2023-11-01
D02050,U01230,Smart TV,Tizen,7.2,2025-11-13
D02051,U01230,Tablet,iPadOS,7.2,2025-11-12
D02052,U01231,Computador,Linux,7.1,2024-07-27
D02053,U01232,Smart TV,Roku OS,6.9,2025-10-12
D02054,U01233,Móvil,iOS,7.1,2024-09-28
D02055,U01233,Smart TV,webOS,7.1,2025-07-11
D02056,U01233,Computador,macOS,7.0,2024-03-07
D02057,U01234,Móvil,Android,7.2,2025-10-07
D02058,U01235,Móvil,Android,7.0,2025-11-27
D02059,U01236,Smart TV,Tizen,6.9,2025-05-05
D02060,U01237,Tablet,Android,6.9,2025-08-19
D02061,U01238,Computador,macOS,7.2,2024-05-25
D02062,U01238,Móvil,Android,7.1,2025-11-07
D02063,U01238,Smart TV,webOS,7.0,2025-05-14
D02064,U01239,Smart TV,Tizen,6.8,2025-10-02
D02065,U01239,Computador,macOS,7.2,2025-08-01
D02066,U01239,Móvil,Android,7.2,2025-08-23
D02067,U01240,Móvil,iOS,6.9,2023-10-05
D02068,U01241,Computador,Linux,7.1,2023-08-10
D02069,U01241,Móvil,iOS,7.2,2023-11-30
D02070,U01242,Computador,Linux,7.1,2023-12-08
D02071,U01242,Móvil,Android,7.2,2024-09-24
D02072,U01243,Móvil,iOS,7.1,2025-11-14
D02073,U01244,Computador,Windows,6.9,2025-11-09
D02074,U01245,Smart TV,webOS,6.9,2025-03-24
D02075,U01246,Smart TV,Tizen,7.2,2025-10-12
D02076,U01246,Móvil,iOS,7.1,2024-11-06
D02077,U01247,Computador,macOS,7.0,2024-08-20
D02078,U01248,Móvil,iOS,7.2,2024-12-28
D02079,U01248,Tablet,Android,7.1,2025-03-26
D02080,U01249,Consola,PlayStation,7.1,2025-04-27
D02081,U01250,Tablet,Android,7.0,2024-03-01
D02082,U01250,Smart TV,Tizen,7.2,2025-08-31
D02083,U01251,Smart TV,Tizen,7.2,2025-02-22
D02084,U01252,Tablet,iPadOS,7.0,2025-02-25
D02085,U01253,Consola,Xbox,7.1,2025-03-17
D02086,U01253,Computador,Linux,6.9,2023-05-09
D02087,U01254,Computador,Linux,6.8,2025-05-06
D02088,U01255,Smart TV,Tizen,6.8,2025-02-22
D02089,U01256,Smart TV,Roku OS,7.0,2023-09-05
D02090,U01256,Móvil,iOS,7.0,2025-07-08
D02091,U01257,Computador,Linux,7.2,2024-08-31
D02092,U01258,Móvil,iOS,6.9,2025-02-17
D02093,U01259,Móvil,Android,7.2,2025-04-13
D02094,U01259,Tablet,iPadOS,6.9,2025-03-24
D02095,U01259,Smart TV,Tizen,7.0,2025-01-26
D02096,U01260,Smart TV,Android TV,7.1,2025-06-28
D02097,U01261,Computador,macOS,7.2,2024-07-10
D02098,U01262,Consola,Xbox,7.2,2023-05-19
D02099,U01262,Móvil,iOS,7.1,2025-05-10
D02100,U01263,Smart TV,webOS,7.2,2024-02-25
D02101,U01264,Móvil,Android,7.0,2025-09-30
D02102,U01264,Computador,macOS,7.1,2025-06-17
D02103,U01265,Computador,Windows,7.2,2025-05-16
D02104,U01265,Tablet,Android,7.1,2024-11-07
D02105,U01266,Smart TV,Android TV,7.2,2025-09-07
D02106,U01267,Móvil,iOS,6.9,2025-09-16
D02107,U01268,Móvil,iOS,7.1,2025-08-24
D02108,U01268,Smart TV,Android TV,7.2,2025-09-17
D02109,U01269,Móvil,Android,7.2,2025-11-12
D02110,U01269,Smart TV,Android TV,6.9,2025-10-30
D02111,U01270,Móvil,Android,7.0,2025-04-27
D02112,U01271,Computador,Linux,6.9,2025-09-24
D02113,U01271,Smart TV,Android TV,7.2,2025-11-29
D02114,U01272,Smart TV,Roku OS,7.2,2024-07-21
D02115,U01272,Computador,Windows,7.2,2024-05-04
D02116,U01273,Smart TV,Roku OS,6.8,2025-10-16
D02117,U01273,Computador,Windows,7.1,2025-07-09
D02118,U01273,Tablet,Android,6.9,2025-09-10
D02119,U01274,Smart TV,webOS,7.2,2025-01-23
D02120,U01275,Smart TV,Tizen,7.2,2025-03-13
D02121,U01276,Computador,Linux,7.0,2025-11-05
D02122,U01276,Móvil,Android,7.0,2025-09-22
D02123,U01277,Móvil,Android,7.2,2025-02-07
D02124,U01277,Consola,Xbox,7.0,2024-07-12
D02125,U01278,Smart TV,Roku OS,7.2,2025-02-18
D02126,U01279,Móvil,Android,7.0,2025-07-29
D02127,U01280,Móvil,iOS,7.1,2025-02-16
D02128,U01281,Móvil,Android,7.1,2025-01-24
D02129,U01281,Smart TV,webOS,7.2,2024-07-15
D02130,U01282,Móvil,Android,7.0,2025-08-23
D02131,U01283,Smart TV,webOS,7.1,2025-10-29
D02132,U01283,Computador,macOS,7.2,2025-08-05
D02133,U01284,Móvil,iOS,7.1,2023-05-02
D02134,U01284,Smart TV,Roku OS,7.1,2024-02-22
D02135,U01285,Smart TV,webOS,7.2,2024-01-28
D02136,U01286,Computador,Linux,7.0,2024-12-11
D02137,U01287,Móvil,Android,7.1,2025-10-25
D02138,U01287,Smart TV,Roku OS,7.2,2025-10-27
D02139,U01288,Smart TV,Tizen,7.2,2025-11-22
D02140,U01289,Computador,macOS,6.8,2025-01-24
D02141,U01289,Móvil,iOS,7.2,2024-07-28
D02142,U01289,Tablet,iPadOS,7.2,2024-05-20
D02143,U01290,Smart TV,Android TV,7.0,2025-08-20
D02144,U01290,Computador,Linux,7.1,2024-07-17
D02145,U01290,Móvil,iOS,7.0,2024-06-21
D02146,U01291,Smart TV,Tizen,7.2,2025-11-26
D02147,U01292,Smart TV,Roku OS,7.2,2025-03-31
D02148,U01293,Móvil,Android,7.1,2025-05-13
D02149,U01293,Consola,Xbox,7.2,2025-11-07
D02150,U01294,Móvil,Android,7.0,2025-07-10
D02151,U01294,Computador,Windows,7.1,2025-08-10
D02152,U01294,Computador,macOS,7.1,2025-06-03
D02153,U01295,Tablet,iPadOS,7.2,2025-05-20
D02154,U01295,Móvil,iOS,7.1,2025-05-04
D02155,U01296,Smart TV,Tizen,6.8,2024-10-16
D02156,U01296,Móvil,iOS,7.0,2024-10-25
D02157,U01297,Móvil,iOS,7.1,2025-11-20
D02158,U01298,Consola,PlayStation,7.0,2024-11-16
D02159,U01299,Tablet,Android,6.8,2024-06-03
D02160,U01300,Computador,Windows,7.1,2024-10-18
D02161,U01300,Smart TV,Roku OS,6.9,2024-06-30
D02162,U01301,Móvil,Android,7.1,2024-09-25
D02163,U01302,Móvil,iOS,7.0,2025-10-26
D02164,U01302,Computador,Windows,7.2,2025-05-08
D02165,U01303,Consola,PlayStation,7.1,2024-02-13
D02166,U01303,Computador,Linux,7.2,2025-10-16
D02167,U01303,Móvil,Android,7.1,2025-08-10
D02168,U01304,Smart TV,webOS,7.1,2025-11-20
D02169,U01304,Móvil,Android,7.1,2025-10-19
D02170,U01304,Computador,Linux,7.2,2025-11-13
D02171,U01305,Tablet,Android,7.2,2025-09-16
D02172,U01306,Móvil,iOS,7.1,2024-11-03
D02173,U01307,Móvil,Android,6.8,2025-09-22
D02174,U01308,Móvil,Android,7.0,2025-11-21
D02175,U01308,Tablet,Android,6.9,2025-11-16
D02176,U01309,Computador,macOS,7.2,2024-11-19
D02177,U01310,Smart TV,Tizen,7.0,2024-07-21
D02178,U01310,Computador,Linux,7.2,2024-11-26
D02179,U01310,Tablet,iPadOS,7.1,2024-02-22
D02180,U01311,Móvil,Android,7.2,2025-03-19
D02181,U01312,Móvil,iOS,6.9,2025-07-06
D02182,U01313,Móvil,Android,7.2,2024-05-13
D02183,U01313,Smart TV,Tizen,7.2,2024-08-20
D02184,U01314,Tablet,Android,7.2,2025-04-11
D02185,U01314,Móvil,iOS,7.2,2025-02-05
D02186,U01315,Smart TV,Android TV,7.1,2024-05-29
D02187,U01316,Computador,Linux,6.8,2025-02-18
D02188,U01317,Móvil,iOS,7.2,2025-11-11
D02189,U01318,Smart TV,Tizen,7.0,2025-06-09
D02190,U01319,Computador,Linux,6.8,2025-10-25
D02191,U01320,Smart TV,Android TV,7.2,2025-11-18
D02192,U01321,Consola,Xbox,7.1,2025-03-06
D02193,U01321,Computador,macOS,6.9,2025-10-24
D02194,U01321,Móvil,Android,6.9,2025-10-29
D02195,U01322,Móvil,Android,7.1,2025-06-18
D02196,U01322,Tablet,iPadOS,7.2,2025-06-07
D02197,U01323,Tablet,iPadOS,7.0,2025-11-27
D02198,U01324,Consola,PlayStation,7.2,2025-11-02
D02199,U01324,Smart TV,Tizen,7.2,2025-02-18
D02200,U01325,Móvil,Android,6.9,2025-09-22
D02201,U01325,Consola,PlayStation,7.1,2025-09-21
D02202,U01326,Móvil,Android,7.2,2024-06-13
D02203,U01326,Computador,Linux,7.1,2024-12-25
D02204,U01327,Móvil,iOS,7.0,2024-11-23
D02205,U01327,Computador,macOS,7.1,2025-04-09
D02206,U01328,Móvil,iOS,7.1,2025-11-20
D02207,U01329,Móvil,iOS,7.1,2024-05-02
D02208,U01329,Smart TV,Tizen,7.0,2025-07-07
D02209,U01329,Computador,Linux,7.2,2025-07-07
D02210,U01330,Computador,macOS,7.2,2023-12-03
D02211,U01330,Móvil,Android,6.8,2025-01-02
D02212,U01331,Móvil,iOS,6.8,2024-12-28
D02213,U01331,Computador,Windows,7.1,2025-04-05
D02214,U01332,Computador,Linux,7.2,2025-11-11
D02215,U01332,Tablet,Android,7.2,2025-08-20
D02216,U01333,Consola,PlayStation,7.2,2024-06-10
D02217,U01334,Móvil,Android,7.0,2024-05-26
D02218,U01335,Smart TV,webOS,6.9,2024-09-01
D02219,U01335,Consola,Xbox,7.1,2025-01-30
D02220,U01336,Computador,Windows,7.1,2025-06-26
D02221,U01336,Smart TV,Roku OS,7.0,2025-01-14
D02222,U01337,Smart TV,webOS,7.2,2025-05-10
D02223,U01337,Tablet,iPadOS,7.2,2025-06-01
D02224,U01338,Computador,macOS,7.2,2025-11-19
D02225,U01338,Smart TV,webOS,7.2,2025-07-08
D02226,U01338,Móvil,iOS,7.2,2025-02-25
D02227,U01339,Móvil,Android,7.1,2025-11-24
D02228,U01340,Móvil,Android,7.1,2024-09-26
D02229,U01340,Smart TV,Android TV,7.2,2024-03-17
D02230,U01340,Computador,Windows,7.2,2025-06-14
D02231,U01341,Computador,Windows,7.2,2025-01-24
D02232,U01342,Computador,Linux,6.9,2024-06-23
D02233,U01342,Móvil,Android,7.2,2024-07-21
D02234,U01343,Móvil,iOS,7.0,2025-11-11
D02235,U01344,Smart TV,Android TV,7.1,2024-08-11
D02236,U01344,Móvil,iOS,7.1,2025-07-02
D02237,U01345,Móvil,iOS,7.1,2025-11-30
D02238,U01346,Smart TV,Roku OS,7.1,2025-09-26
D02239,U01346,Móvil,iOS,7.1,2025-11-11
D02240,U01347,Móvil,Android,7.2,2024-01-14
D02241,U01347,Computador,Windows,7.2,2024-11-17
D02242,U01348,Móvil,Android,7.0,2025-04-29
D02243,U01348,Smart TV,Android TV,6.9,2024-09-07
D02244,U01349,Computador,Windows,7.1,2024-06-06
D02245,U01350,Computador,Linux,7.1,2025-01-30
D02246,U01350,Móvil,Android,6.8,2025-09-24
D02247,U01350,Tablet,Android,7.2,2025-08-30
D02248,U01351,Computador,Linux,7.1,2025-08-21
D02249,U01351,Consola,Xbox,7.1,2025-03-17
D02250,U01352,Smart TV,webOS,7.1,2025-07-13
D02251,U01353,Smart TV,webOS,7.1,2025-08-25
D02252,U01353,Computador,Windows,7.1,2024-05-28
D02253,U01354,Smart TV,Android TV,7.2,2024-03-04
D02254,U01354,Computador,Windows,7.1,2025-05-30
D02255,U01354,Tablet,iPadOS,6.9,2023-05-25
D02256,U01355,Smart TV,Tizen,6.9,2025-11-15
D02257,U01356,Computador,Windows,7.2,2025-07-06
D02258,U01357,Computador,Windows,7.2,2024-08-28
D02259,U01357,Smart TV,webOS,7.2,2025-02-05
D02260,U01358,Tablet,Android,7.0,2025-10-20
D02261,U01358,Computador,Linux,7.2,2025-10-22
D02262,U01359,Móvil,Android,7.2,2024-07-17
D02263,U01360,Tablet,Android,7.0,2025-02-20
D02264,U01360,Móvil,iOS,7.2,2025-03-17
D02265,U01361,Móvil,Android,6.9,2025-11-01
D02266,U01361,Computador,macOS,7.1,2025-11-18
D02267,U01362,Tablet,Android,6.9,2023-12-10
D02268,U01362,Móvil,Android,7.2,2025-05-06
D02269,U01362,Smart TV,Tizen,6.8,2025-10-30
D02270,U01363,Tablet,Android,7.1,2025-04-29
D02271,U01363,Smart TV,Android TV,7.1,2024-12-28
D02272,U01363,Computador,macOS,6.8,2024-07-11
D02273,U01364,Smart TV,Roku OS,7.0,2024-10-26
D02274,U01365,Móvil,iOS,7.2,2025-06-06
D02275,U01365,Tablet,iPadOS,6.8,2025-06-29
D02276,U01366,Tablet,Android,7.1,2025-10-28
D02277,U01366,Smart TV,webOS,7.2,2025-03-31
D02278,U01366,Computador,macOS,7.0,2024-02-25
D02279,U01367,Móvil,iOS,6.8,2024-07-24
D02280,U01368,Computador,Linux,6.8,2025-02-23
D02281,U01369,Móvil,Android,7.2,2025-11-24
D02282,U01369,Computador,macOS,7.0,2025-11-29
D02283,U01369,Smart TV,webOS,7.0,2025-11-26
D02284,U01370,Computador,macOS,7.1,2025-10-26
D02285,U01371,Móvil,Android,6.9,2025-05-07
D02286,U01372,Computador,macOS,6.9,2025-03-18
D02287,U01373,Móvil,iOS,6.9,2025-01-26
D02288,U01374,Móvil,iOS,6.9,2024-10-18
D02289,U01375,Computador,Linux,6.9,2025-11-20
D02290,U01375,Smart TV,Tizen,6.8,2025-02-19
D02291,U01376,Móvil,iOS,7.2,2024-10-21
D02292,U01376,Smart TV,Android TV,7.1,2025-10-08
D02293,U01377,Consola,PlayStation,6.8,2024-01-30
D02294,U01378,Computador,Linux,7.2,2025-02-24
D02295,U01379,Móvil,iOS,7.2,2025-11-15
D02296,U01380,Smart TV,Roku OS,7.2,2025-07-06
D02297,U01380,Tablet,iPadOS,7.2,2025-04-23
D02298,U01381,Smart TV,webOS,7.1,2025-11-29
D02299,U01381,Móvil,iOS,7.1,2024-12-22
D02300,U01382,Computador,Linux,6.9,2023-04-29
D02301,U01382,Móvil,iOS,6.8,2023-07-07
D02302,U01383,Smart TV,webOS,7.2,2025-11-06
D02303,U01384,Consola,PlayStation,7.2,2025-06-20
D02304,U01384,Smart TV,Tizen,7.2,2025-09-16
D02305,U01385,Móvil,Android,7.0,2024-12-05
D02306,U01385,Computador,Linux,7.2,2025-10-21
D02307,U01386,Smart TV,Tizen,7.2,2024-01-30
D02308,U01387,Móvil,Android,7.1,2025-06-06
D02309,U01388,Móvil,Android,7.0,2024-03-25
D02310,U01389,Móvil,iOS,7.1,2024-03-15
D02311,U01390,Smart TV,Tizen,7.1,2025-11-19
D02312,U01390,Computador,Windows,7.2,2025-09-11
D02313,U01390,Móvil,Android,6.8,2025-11-18
D02314,U01391,Smart TV,Android TV,7.0,2025-11-28
D02315,U01391,Móvil,iOS,7.0,2025-08-03
D02316,U01392,Móvil,Android,7.1,2025-07-25
D02317,U01393,Computador,macOS,7.2,2025-02-14
D02318,U01394,Smart TV,Tizen,7.2,2024-10-25
D02319,U01394,Tablet,Android,7.1,2023-12-23
D02320,U01395,Smart TV,Android TV,7.2,2025-09-26
D02321,U01396,Computador,macOS,7.0,2024-12-24
D02322,U01397,Móvil,Android,6.9,2025-11-21
D02323,U01398,Móvil,Android,7.1,2025-05-13
D02324,U01399,Computador,Linux,6.9,2025-11-11
D02325,U01400,Tablet,Android,7.2,2024-01-23
D02326,U01401,Smart TV,webOS,6.9,2024-12-27
D02327,U01402,Móvil,iOS,7.1,2024-08-25
D02328,U01402,Smart TV,Tizen,7.2,2025-01-26
D02329,U01403,Computador,Linux,7.1,2024-04-06
D02330,U01403,Tablet,Android,7.2,2023-08-28
D02331,U01404,Smart TV,Roku OS,7.1,2025-04-17
D02332,U01404,Computador,Linux,7.2,2025-08-10
D02333,U01404,Móvil,iOS,7.2,2025-06-02
D02334,U01405,Smart TV,Android TV,7.0,2025-08-27
D02335,U01405,Computador,Windows,6.9,2025-01-18
D02336,U01406,Computador,Windows,7.2,2025-08-05
D02337,U01406,Smart TV,webOS,7.2,2024-03-31
D02338,U01407,Móvil,Android,7.2,2025-07-18
D02339,U01407,Computador,Linux,7.0,2025-07-08
D02340,U01408,Móvil,iOS,7.2,2025-08-22
D02341,U01409,Smart TV,Tizen,7.2,2024-11-10
D02342,U01409,Computador,Linux,7.1,2025-02-05
D02343,U01410,Smart TV,Tizen,7.0,2025-11-16
D02344,U01411,Smart TV,Android TV,7.1,2023-10-03
D02345,U01411,Móvil,iOS,7.0,2023-11-12
D02346,U01412,Smart TV,Tizen,6.8,2024-10-08
D02347,U01413,Computador,Linux,7.2,2025-03-14
D02348,U01414,Móvil,Android,7.2,2025-11-15
D02349,U01415,Smart TV,Tizen,7.1,2024-10-05
D02350,U01415,Móvil,Android,7.1,2024-07-30
D02351,U01415,Computador,macOS,7.0,2024-07-16
D02352,U01416,Smart TV,Roku OS,7.1,2025-08-06
D02353,U01416,Tablet,Android,7.2,2025-11-07
D02354,U01417,Móvil,Android,7.1,2025-11-11
D02355,U01417,Tablet,iPadOS,7.2,2025-03-30
D02356,U01418,Móvil,iOS,7.2,2025-01-12
D02357,U01418,Tablet,Android,7.0,2023-08-19
D02358,U01419,Tablet,Android,7.2,2025-04-22
D02359,U01420,Smart TV,Roku OS,7.2,2025-08-11
D02360,U01420,Móvil,Android,7.1,2025-10-26
D02361,U01420,Tablet,iPadOS,7.0,2025-06-03
D02362,U01421,Móvil,Android,7.0,2025-03-13
D02363,U01421,Smart TV,Android TV,6.8,2024-07-05
D02364,U01422,Computador,Windows,7.1,2025-08-23
D02365,U01423,Computador,Linux,7.2,2025-09-10
D02366,U01424,Tablet,Android,7.2,2024-09-23
D02367,U01424,Móvil,iOS,7.2,2024-08-06
D02368,U01425,Computador,Linux,7.0,2025-01-07
D02369,U01425,Tablet,Android,7.1,2024-06-12
D02370,U01425,Móvil,iOS,7.2,2025-01-25
D02371,U01426,Tablet,iPadOS,7.0,2025-11-28
D02372,U01427,Smart TV,Android TV,7.0,2025-01-14
D02373,U01428,Móvil,Android,7.2,2025-09-29
D02374,U01429,Computador,Linux,7.0,2023-10-21
D02375,U01430,Smart TV,webOS,7.0,2025-04-30
D02376,U01431,Computador,Windows,7.1,2025-07-21
D02377,U01431,Móvil,iOS,7.2,2025-09-12
D02378,U01432,Smart TV,Roku OS,7.2,2025-09-21
D02379,U01433,Smart TV,Android TV,6.8,2025-09-18
D02380,U01434,Móvil,Android,7.2,2025-09-01
D02381,U01435,Smart TV,Android TV,7.2,2024-04-17
D02382,U01435,Computador,Linux,7.2,2024-04-24
D02383,U01435,Móvil,iOS,7.2,2025-11-25
D02384,U01436,Smart TV,Android TV,7.0,2025-09-15
D02385,U01436,Móvil,iOS,6.8,2025-06-24
D02386,U01436,Computador,Linux,7.0,2025-04-04
D02387,U01437,Tablet,iPadOS,7.1,2025-02-20
D02388,U01437,Móvil,iOS,7.1,2025-10-01
D02389,U01437,Computador,Windows,7.1,2024-11-11
D02390,U01438,Smart TV,webOS,7.0,2025-11-24
D02391,U01439,Smart TV,Tizen,7.2,2025-11-17
D02392,U01440,Computador,Windows,7.2,2025-08-05
D02393,U01441,Computador,Windows,7.2,2025-06-24
D02394,U01442,Computador,macOS,6.9,2024-07-31
D02395,U01442,Móvil,Android,7.2,2025-11-04
D02396,U01443,Computador,Windows,6.8,2025-05-24
D02397,U01443,Móvil,Android,7.2,2024-10-26
D02398,U01443,Tablet,Android,7.0,2024-05-31
D02399,U01444,Smart TV,Roku OS,7.1,2025-01-24
D02400,U01445,Computador,Linux,7.1,2025-11-25
D02401,U01445,Tablet,iPadOS,6.9,2025-11-25
D02402,U01446,Tablet,iPadOS,7.1,2025-08-26
D02403,U01447,Computador,Linux,7.2,2025-02-25
D02404,U01448,Computador,Linux,6.9,2025-10-24
D02405,U01448,Móvil,iOS,6.9,2025-08-28
D02406,U01449,Móvil,Android,7.2,2025-05-06
D02407,U01450,Computador,Windows,7.0,2024-12-07
D02408,U01451,Móvil,Android,7.0,2024-02-29
D02409,U01451,Tablet,iPadOS,6.8,2025-11-03
D02410,U01452,Computador,Linux,6.8,2024-10-26
D02411,U01452,Móvil,iOS,7.2,2025-01-17
D02412,U01453,Tablet,Android,6.9,2025-10-21
D02413,U01453,Móvil,iOS,7.1,2025-07-29
D02414,U01454,Móvil,Android,7.1,2024-10-08
D02415,U01455,Smart TV,Roku OS,7.0,2025-09-24
D02416,U01455,Computador,macOS,6.9,2025-02-28
D02417,U01455,Móvil,iOS,7.1,2024-05-24
D02418,U01456,Móvil,iOS,7.2,2025-05-07
D02419,U01457,Smart TV,webOS,7.2,2025-11-15
D02420,U01457,Móvil,Android,7.2,2025-03-24
D02421,U01458,Smart TV,Android TV,6.9,2025-11-16
D02422,U01459,Smart TV,Roku OS,7.1,2025-04-28
D02423,U01460,Smart TV,Android TV,6.8,2025-10-23
D02424,U01460,Computador,Windows,7.2,2025-11-12
D02425,U01461,Móvil,Android,7.2,2023-08-26
D02426,U01461,Smart TV,Android TV,7.0,2024-09-15
D02427,U01462,Smart TV,webOS,7.1,2025-03-05
D02428,U01462,Tablet,iPadOS,6.9,2025-05-17
D02429,U01463,Computador,Windows,6.8,2025-11-25
D02430,U01463,Smart TV,Tizen,7.0,2025-09-20
D02431,U01464,Consola,Xbox,7.0,2025-02-28
D02432,U01464,Móvil,iOS,6.9,2024-07-05
D02433,U01465,Tablet,Android,6.9,2025-11-03
D02434,U01466,Móvil,Android,7.1,2025-09-19
D02435,U01466,Smart TV,Tizen,7.1,2025-10-16
D02436,U01467,Smart TV,webOS,7.1,2025-07-03
D02437,U01468,Móvil,iOS,6.9,2025-10-03
D02438,U01469,Computador,Linux,7.2,2023-10-08
D02439,U01469,Tablet,Android,7.2,2025-04-10
D02440,U01469,Smart TV,Roku OS,7.2,2023-05-06
D02441,U01470,Móvil,Android,7.2,2024-12-26
D02442,U01471,Computador,macOS,6.9,2025-02-26
D02443,U01472,Móvil,Android,7.2,2025-02-08
D02444,U01472,Tablet,iPadOS,7.2,2023-04-29
D02445,U01473,Computador,Windows,7.2,2024-10-12
D02446,U01474,Computador,macOS,6.9,2025-04-30
D02447,U01475,Consola,Xbox,7.2,2023-11-23
D02448,U01475,Computador,macOS,7.1,2024-02-15
D02449,U01476,Móvil,iOS,6.9,2025-05-09
D02450,U01477,Computador,Linux,7.2,2025-06-15
D02451,U01477,Móvil,iOS,7.1,2025-07-16
D02452,U01478,Móvil,iOS,6.9,2025-10-28
D02453,U01478,Computador,macOS,7.1,2025-11-25
D02454,U01479,Computador,macOS,7.2,2025-10-23
D02455,U01480,Móvil,iOS,7.0,2024-09-29
D02456,U01481,Móvil,Android,6.9,2025-03-22
D02457,U01481,Tablet,Android,7.0,2023-03-15
D02458,U01482,Computador,macOS,7.1,2025-11-28
D02459,U01483,Móvil,Android,6.9,2025-03-28
D02460,U01483,Computador,macOS,7.2,2025-07-22
D02461,U01484,Móvil,iOS,7.0,2025-08-05
D02462,U01484,Computador,macOS,7.1,2025-09-22
D02463,U01485,Móvil,Android,7.0,2025-11-07
D02464,U01486,Tablet,Android,7.1,2025-01-10
D02465,U01487,Smart TV,Android TV,6.8,2025-10-07
D02466,U01487,Computador,macOS,7.2,2024-07-19
D02467,U01487,Móvil,Android,6.8,2025-05-25
D02468,U01488,Móvil,Android,7.2,2025-10-06
D02469,U01489,Móvil,Android,7.2,2025-06-09
D02470,U01489,Smart TV,Tizen,7.2,2025-05-27
D02471,U01490,Consola,PlayStation,7.2,2025-03-12
D02472,U01491,Tablet,Android,7.2,2024-10-26
D02473,U01491,Computador,Linux,7.0,2025-01-08
D02474,U01491,Móvil,Android,7.2,2025-04-08
D02475,U01492,Móvil,iOS,7.2,2024-06-17
D02476,U01492,Tablet,Android,6.9,2025-07-12
D02477,U01493,Smart TV,Tizen,7.2,2025-10-30
D02478,U01494,Móvil,Android,7.0,2024-12-15
D02479,U01494,Smart TV,Tizen,6.9,2023-12-22
D02480,U01494,Consola,PlayStation,7.1,2023-10-22
D02481,U01495,Móvil,Android,7.2,2025-03-25
D02482,U01495,Computador,macOS,6.8,2025-05-16
D02483,U01496,Móvil,iOS,7.2,2025-07-29
D02484,U01497,Consola,Xbox,7.2,2025-09-25
D02485,U01497,Móvil,Android,7.2,2025-09-12
D02486,U01497,Computador,macOS,7.0,2025-10-22
D02487,U01498,Móvil,Android,7.1,2025-11-28
D02488,U01498,Computador,Windows,7.2,2025-11-26
D02489,U01499,Smart TV,webOS,7.2,2025-07-27
D02490,U01499,Computador,macOS,7.1,2025-11-20
D02491,U01500,Smart TV,webOS,7.1,2025-06-03
D02492,U01500,Móvil,iOS,6.9,2025-10-26
