interaccion_id,usuario_id,contenido_id,fecha_hora,tipo_interaccion,canal,origen_interfaz
I000001,U00975,C0324,2025-04-22 20:26:42,Clic recomendación,Web,Recomendados
I000002,U00975,C0299,2025-06-04 01:52:30,Compartir,Web,Búsqueda
I000003,U00975,C0382,2025-10-18 20:44:19,Clic recomendación,App,Inicio
I000004,U00975,C0363,2025-08-19 09:22:32,Me gusta,App,Inicio
I000005,U00975,C0135,2025-10-19 13:50:35,No me gusta,Web,Recomendados
I000006,U00234,C0129,2025-01-30 13:22:11,Clic recomendación,App,Recomendados
I000007,U00234,C0017,2025-03-19 13:07:40,Clic recomendación,Web,Inicio
I000008,U00234,C0411,2025-02-10 16:33:15,Agregar a mi lista,Web,Recomendados
I000009,U00234,C0169,2025-09-28 00:25:29,Agregar a mi lista,Web,Recomendados
I000010,U00234,C0271,2025-02-02 10:47:30,Me gusta,App,Tendencias
I000011,U00234,C0334,2025-09-05 08:48:29,Clic recomendación,App,Inicio
I000012,U00475,C0142,2025-02-07 22:12:48,Compartir,Web,Recomendados
I000013,U00475,C0254,2025-02-25 19:05:26,Agregar a mi lista,Web,Inicio
I000014,U00475,C0008,2025-05-31 22:21:55,Agregar a mi lista,App,Tendencias
I000015,U00475,C0263,2025-04-28 05:22:04,Me gusta,Web,Búsqueda
I000016,U00475,C0122,2025-02-26 08:52:08,Agregar a mi lista,App,Recomendados
I000017,U01392,C0395,2025-09-05 01:04:17,Clic recomendación,App,Recomendados
I000018,U01392,C0013,2025-10-09 20:36:53,Agregar a mi lista,App,Búsqueda
I000019,U01392,C0384,2025-09-23 20:05:42,Me gusta,App,Continuar viendo
I000020,U00582,C0331,2025-06-01 22:28:11,Agregar a mi lista,Web,Continuar viendo
I000021,U00582,C0105,2025-06-27 20:07:27,Clic recomendación,Web,Recomendados
I000022,U00582,C0337,2025-08-30 14:24:44,Clic recomendación,Web,Recomendados
I000023,U00582,C0304,2025-03-28 21:28:30,Agregar a mi lista,Web,Recomendados
I000024,U00582,C0099,2025-03-13 21:54:26,Clic recomendación,Web,Recomendados
I000025,U01205,C0360,2025-12-04 23:03:31,Me gusta,App,Recomendados
I000026,U01205,C0069,2025-11-01 19:47:14,Compartir,App,Recomendados
I000027,U01205,C0111,2025-12-28 18:35:00,Quitar de mi lista,App,Búsqueda
I000028,U01205,C0189,2025-12-31 16:34:10,Clic recomendación,App,Recomendados
I000029,U01205,C0079,2025-11-26 02:24:15,Agregar a mi lista,App,Continuar viendo
I000030,U00586,C0303,2025-05-16 23:04:27,Clic recomendación,Web,Recomendados
I000031,U00586,C0241,2025-06-30 16:03:45,Agregar a mi lista,App,Tendencias
I000032,U00586,C0056,2025-10-08 17:45:10,Clic recomendación,App,Recomendados
I000033,U00586,C0414,2025-12-25 23:18:08,Me gusta,App,Recomendados
I000034,U00586,C0335,2025-11-04 03:46:53,Compartir,Web,Continuar viendo
I000035,U00586,C0214,2025-10-03 23:25:35,Me gusta,Web,Búsqueda
I000036,U00586,C0307,2025-05-03 15:43:54,Agregar a mi lista,App,Continuar viendo
I000037,U00586,C0218,2025-11-18 16:10:07,Agregar a mi lista,Web,Inicio
I000038,U00586,C0034,2025-10-15 18:30:28,Clic recomendación,Web,Recomendados
I000039,U00586,C0329,2025-07-12 22:07:46,Compartir,App,Inicio
I000040,U00053,C0055,2025-03-02 16:08:16,Agregar a mi lista,App,Recomendados
I000041,U00053,C0415,2025-01-23 18:32:52,Agregar a mi lista,App,Recomendados
I000042,U00053,C0313,2025-01-03 00:31:05,Clic recomendación,App,Inicio
I000043,U00053,C0168,2025-04-23 01:31:25,Agregar a mi lista,App,Búsqueda
I000044,U00053,C0146,2025-07-11 20:27:32,Agregar a mi lista,App,Recomendados
I000045,U00053,C0278,2025-04-25 09:13:05,Compartir,App,Continuar viendo
I000046,U00053,C0270,2025-01-12 03:23:01,Agregar a mi lista,App,Continuar viendo
I000047,U00053,C0251,2025-10-18 19:46:14,Me gusta,App,Continuar viendo
I000048,U00339,C0370,2025-04-16 13:52:14,Agregar a mi lista,App,Recomendados
I000049,U00339,C0257,2025-08-05 20:43:57,No me gusta,App,Recomendados
I000050,U00339,C0016,2025-08-24 18:31:30,Compartir,App,Inicio
I000051,U00339,C0161,2025-08-24 09:28:34,Me gusta,App,Recomendados
I000052,U00339,C0325,2025-05-07 02:19:08,Me gusta,App,Tendencias
I000053,U00339,C0126,2025-01-20 21:12:57,Me gusta,App,Búsqueda
I000054,U01315,C0076,2025-03-05 18:47:40,Compartir,App,Búsqueda
I000055,U01315,C0121,2025-05-12 23:00:40,Descarga,App,Recomendados
I000056,U01315,C0379,2025-04-27 23:46:38,Clic recomendación,App,Recomendados
I000057,U01315,C0327,2025-06-21 20:12:46,Descarga,App,Búsqueda
I000058,U01315,C0412,2025-01-28 21:47:22,Quitar de mi lista,App,Continuar viendo
I000059,U01315,C0025,2025-05-24 20:33:45,Me gusta,App,Tendencias
I000060,U01449,C0313,2025-07-19 17:34:26,Agregar a mi lista,App,Búsqueda
I000061,U01449,C0351,2025-12-23 22:12:27,Agregar a mi lista,App,Recomendados
I000062,U01449,C0177,2025-06-02 22:37:36,Agregar a mi lista,App,Búsqueda
I000063,U01449,C0121,2025-09-18 23:19:51,Clic recomendación,App,Recomendados
I000064,U01449,C0258,2025-03-26 17:57:38,Agregar a mi lista,App,Recomendados
I000065,U01449,C0194,2025-12-08 22:07:11,Compartir,App,Inicio
I000066,U01449,C0354,2025-02-16 19:01:25,Agregar a mi lista,App,Búsqueda
I000067,U01449,C0359,2025-03-26 18:26:15,Compartir,App,Continuar viendo
I000068,U01449,C0341,2025-12-29 15:47:00,Descarga,App,Inicio
I000069,U01449,C0405,2025-12-27 22:36:29,Clic recomendación,App,Recomendados
I000070,U00617,C0040,2025-07-08 20:42:06,Clic recomendación,Web,Recomendados
I000071,U00617,C0109,2025-02-03 17:11:25,Clic recomendación,App,Recomendados
I000072,U00617,C0395,2025-01-23 00:12:58,Clic recomendación,Web,Recomendados
I000073,U00617,C0320,2025-09-14 13:29:51,Me gusta,App,Tendencias
I000074,U00617,C0327,2025-02-23 11:28:53,Agregar a mi lista,App,Recomendados
I000075,U00617,C0040,2025-01-23 13:49:59,Agregar a mi lista,App,Inicio
I000076,U00617,C0176,2025-04-16 04:24:16,No me gusta,Web,Inicio
I000077,U00617,C0237,2025-12-22 21:52:44,Compartir,App,Inicio
I000078,U00617,C0215,2025-12-20 11:58:46,Descarga,App,Recomendados
I000079,U00617,C0416,2025-07-01 10:38:15,Clic recomendación,Web,Recomendados
I000080,U00617,C0078,2025-01-05 20:03:17,Clic recomendación,App,Inicio
I000081,U00617,C0017,2025-10-10 11:23:49,Clic recomendación,App,Recomendados
I000082,U01175,C0291,2025-08-20 22:35:01,Me gusta,Web,Continuar viendo
I000083,U01175,C0165,2025-01-22 22:19:25,Agregar a mi lista,Web,Recomendados
I000084,U01175,C0050,2025-04-15 16:32:52,Agregar a mi lista,Web,Continuar viendo
I000085,U01175,C0310,2025-11-29 23:24:01,Me gusta,App,Tendencias
I000086,U01175,C0331,2025-02-18 20:54:58,Compartir,Web,Inicio
I000087,U00315,C0181,2025-12-14 21:19:17,Agregar a mi lista,App,Tendencias
I000088,U00315,C0173,2025-12-23 10:06:04,Compartir,App,Búsqueda
I000089,U00315,C0122,2025-12-14 10:35:38,Clic recomendación,App,Recomendados
I000090,U00315,C0122,2025-11-18 23:55:36,Quitar de mi lista,App,Tendencias
I000091,U00315,C0334,2025-11-27 18:12:16,Agregar a mi lista,App,Inicio
I000092,U00315,C0373,2025-11-03 23:07:35,Agregar a mi lista,App,Tendencias
I000093,U00315,C0415,2025-10-18 08:47:03,Clic recomendación,App,Inicio
I000094,U00315,C0351,2025-10-26 21:39:43,Clic recomendación,App,Inicio
I000095,U00812,C0254,2025-09-30 19:18:54,Me gusta,App,Recomendados
I000096,U00812,C0364,2025-07-22 18:28:24,Me gusta,App,Continuar viendo
I000097,U00812,C0233,2025-05-11 20:23:37,Clic recomendación,App,Recomendados
I000098,U00812,C0120,2025-10-18 19:22:07,No me gusta,Web,Inicio
I000099,U00161,C0001,2025-09-09 18:46:01,Agregar a mi lista,App,Búsqueda
I000100,U00161,C0411,2025-06-10 13:42:11,Clic recomendación,App,Inicio
I000101,U00161,C0060,2025-06-03 20:59:39,Me gusta,App,Recomendados
I000102,U00116,C0329,2025-02-06 19:39:17,Agregar a mi lista,App,Recomendados
I000103,U00116,C0023,2025-04-15 20:47:12,Clic recomendación,App,Recomendados
I000104,U00116,C0047,2025-02-16 21:08:33,Compartir,App,Inicio
I000105,U00116,C0161,2025-12-10 20:34:10,Clic recomendación,App,Recomendados
I000106,U00987,C0380,2025-12-09 19:58:58,Me gusta,App,Tendencias
I000107,U00987,C0057,2025-04-03 12:02:40,Me gusta,Web,Búsqueda
I000108,U00987,C0193,2025-09-08 08:27:08,Me gusta,App,Recomendados
I000109,U00987,C0188,2025-10-26 14:31:27,Agregar a mi lista,App,Recomendados
I000110,U00987,C0148,2025-01-30 21:09:33,Me gusta,Web,Búsqueda
I000111,U00987,C0417,2025-11-30 19:00:40,Clic recomendación,Web,Recomendados
I000112,U00882,C0052,2025-09-13 12:24:51,Clic recomendación,App,Recomendados
I000113,U01063,C0141,2025-12-06 23:18:27,Agregar a mi lista,App,Inicio
I000114,U01063,C0077,2025-07-19 15:20:58,Clic recomendación,App,Tendencias
I000115,U01063,C0120,2025-10-04 16:13:46,Quitar de mi lista,App,Recomendados
I000116,U01063,C0412,2025-12-21 11:49:26,Clic recomendación,App,Recomendados
I000117,U01063,C0409,2025-07-30 22:02:25,Clic recomendación,App,Recomendados
I000118,U00102,C0099,2025-11-01 23:37:59,Clic recomendación,App,Recomendados
I000119,U00102,C0347,2025-07-23 00:09:40,Clic recomendación,App,Recomendados
I000120,U00102,C0358,2025-07-29 02:33:45,No me gusta,App,Inicio
I000121,U00102,C0023,2025-01-23 01:04:00,Quitar de mi lista,App,Tendencias
I000122,U00102,C0031,2025-01-29 22:57:31,Me gusta,App,Recomendados
I000123,U00102,C0270,2025-09-10 11:10:53,Agregar a mi lista,App,Recomendados
I000124,U00037,C0011,2025-04-21 03:40:35,No me gusta,Web,Búsqueda
I000125,U00037,C0063,2025-04-06 00:04:35,Clic recomendación,Web,Recomendados
I000126,U00172,C0368,2025-09-29 19:09:19,Agregar a mi lista,App,Continuar viendo
I000127,U00172,C0028,2025-09-11 22:39:19,No me gusta,App,Recomendados
I000128,U00172,C0060,2025-12-20 09:16:54,Agregar a mi lista,App,Búsqueda
I000129,U00172,C0284,2025-10-07 08:39:27,Agregar a mi lista,App,Recomendados
I000130,U01433,C0408,2025-10-25 20:19:43,Clic recomendación,App,Inicio
I000131,U01433,C0062,2025-02-25 21:34:01,Agregar a mi lista,App,Recomendados
I000132,U01433,C0161,2025-07-22 20:46:34,Compartir,App,Continuar viendo
I000133,U01433,C0048,2025-11-29 15:00:58,Clic recomendación,App,Inicio
I000134,U00839,C0311,2025-01-26 14:05:45,Agregar a mi lista,App,Inicio
I000135,U00839,C0172,2025-08-21 00:02:40,Agregar a mi lista,App,Búsqueda
I000136,U01475,C0110,2025-01-01 22:43:25,Clic recomendación,App,Recomendados
I000137,U01475,C0335,2025-12-11 09:15:59,Me gusta,Web,Recomendados
I000138,U01475,C0075,2025-05-14 23:10:26,Me gusta,Web,Inicio
I000139,U01475,C0409,2025-05-14 02:05:18,Descarga,Web,Búsqueda
I000140,U00872,C0150,2025-03-26 00:00:28,No me gusta,Web,Continuar viendo
I000141,U00872,C0046,2025-01-27 22:39:09,Clic recomendación,Web,Recomendados
I000142,U00872,C0046,2025-08-05 22:31:57,Compartir,Web,Continuar viendo
I000143,U00831,C0273,2025-08-26 01:37:39,Me gusta,Web,Inicio
I000144,U00831,C0070,2025-01-07 07:25:16,Clic recomendación,Web,Inicio
I000145,U00988,C0392,2025-10-04 14:51:10,Clic recomendación,App,Recomendados
I000146,U00988,C0341,2025-02-12 22:54:33,Agregar a mi lista,App,Recomendados
I000147,U00988,C0031,2025-02-08 17:38:07,Me gusta,Web,Inicio
I000148,U01371,C0344,2025-05-16 21:21:36,Agregar a mi lista,App,Búsqueda
I000149,U01371,C0153,2025-01-14 16:57:20,Agregar a mi lista,App,Continuar viendo
I000150,U01371,C0229,2025-05-27 09:41:26,Quitar de mi lista,App,Búsqueda
I000151,U01371,C0397,2025-01-23 18:45:37,Clic recomendación,App,Recomendados
I000152,U00547,C0122,2025-10-28 23:05:52,Me gusta,App,Recomendados
I000153,U00547,C0085,2025-01-17 22:45:34,Compartir,App,Inicio
I000154,U00547,C0100,2025-07-13 19:57:36,Compartir,App,Continuar viendo
I000155,U00547,C0289,2025-10-04 05:01:04,Agregar a mi lista,App,Continuar viendo
I000156,U00547,C0281,2025-09-05 18:14:06,Agregar a mi lista,App,Continuar viendo
I000157,U00547,C0264,2025-02-12 23:18:05,Me gusta,App,Continuar viendo
I000158,U00547,C0384,2025-03-30 16:59:54,Descarga,App,Inicio
I000159,U00547,C0246,2025-05-15 01:22:55,Compartir,App,Recomendados
I000160,U00547,C0077,2025-09-28 10:43:56,Clic recomendación,App,Recomendados
I000161,U00547,C0019,2025-03-01 23:03:29,Compartir,App,Búsqueda
I000162,U00547,C0212,2025-03-01 20:27:14,Me gusta,App,Recomendados
I000163,U00547,C0405,2025-02-08 15:01:01,Clic recomendación,App,Recomendados
I000164,U01301,C0099,2025-07-02 02:12:02,Quitar de mi lista,App,Tendencias
I000165,U01301,C0300,2025-09-02 19:56:01,Clic recomendación,App,Tendencias
I000166,U01301,C0353,2025-12-26 07:42:20,Agregar a mi lista,App,Inicio
I000167,U00718,C0204,2025-04-18 05:44:32,Me gusta,App,Tendencias
I000168,U00718,C0315,2025-04-06 14:22:44,Me gusta,App,Inicio
I000169,U00718,C0268,2025-08-21 21:22:43,Agregar a mi lista,App,Búsqueda
I000170,U00718,C0389,2025-07-06 06:31:57,Agregar a mi lista,App,Inicio
I000171,U00669,C0248,2025-08-26 16:42:27,Quitar de mi lista,Web,Continuar viendo
I000172,U00669,C0019,2025-11-02 08:08:26,Agregar a mi lista,Web,Recomendados
I000173,U00669,C0109,2025-09-14 00:43:22,Compartir,Web,Tendencias
I000174,U00669,C0081,2025-09-21 09:06:42,Agregar a mi lista,Web,Búsqueda
I000175,U00669,C0378,2025-11-22 20:14:37,Me gusta,Web,Recomendados
I000176,U00669,C0086,2025-10-08 23:10:04,Clic recomendación,Web,Recomendados
I000177,U01446,C0241,2025-07-11 00:05:01,Agregar a mi lista,App,Búsqueda
I000178,U01446,C0214,2025-05-07 16:54:18,Agregar a mi lista,App,Continuar viendo
I000179,U01446,C0385,2025-06-02 00:00:24,Me gusta,App,Recomendados
I000180,U01446,C0339,2025-04-03 20:48:57,Clic recomendación,App,Inicio
I000181,U00849,C0173,2025-06-24 11:48:42,Clic recomendación,App,Recomendados
I000182,U00849,C0408,2025-09-15 22:40:29,Me gusta,App,Recomendados
I000183,U00849,C0037,2025-09-10 11:00:35,Descarga,App,Continuar viendo
I000184,U00837,C0038,2025-06-05 12:58:52,Me gusta,Web,Recomendados
I000185,U00679,C0131,2025-05-18 12:27:26,Me gusta,App,Inicio
I000186,U00679,C0040,2025-08-02 17:21:11,Agregar a mi lista,App,Tendencias
I000187,U00679,C0097,2025-01-29 10:01:21,Clic recomendación,App,Recomendados
I000188,U00679,C0307,2025-12-27 21:17:07,Agregar a mi lista,App,Tendencias
I000189,U00679,C0219,2025-09-23 18:30:29,No me gusta,App,Inicio
I000190,U01343,C0281,2025-10-27 17:30:36,Clic recomendación,App,Recomendados
I000191,U01343,C0036,2025-11-19 17:01:16,Clic recomendación,App,Recomendados
I000192,U01343,C0356,2025-12-31 22:40:17,Quitar de mi lista,App,Búsqueda
I000193,U01343,C0161,2025-12-18 22:43:40,Clic recomendación,App,Recomendados
I000194,U01343,C0121,2025-12-14 00:10:47,Me gusta,App,Búsqueda
I000195,U00775,C0237,2025-06-26 11:07:57,Clic recomendación,App,Inicio
I000196,U00775,C0126,2025-04-05 16:08:51,Descarga,App,Recomendados
I000197,U00775,C0010,2025-03-22 22:45:31,Clic recomendación,App,Inicio
I000198,U00775,C0230,2025-12-27 09:55:23,Agregar a mi lista,App,Recomendados
I000199,U00775,C0077,2025-11-01 12:42:46,Me gusta,App,Recomendados
I000200,U00775,C0116,2025-07-02 10:48:28,Clic recomendación,App,Tendencias
I000201,U00775,C0140,2025-08-09 16:57:09,Agregar a mi lista,App,Inicio
I000202,U00775,C0051,2025-11-12 15:53:52,Clic recomendación,App,Tendencias
I000203,U00775,C0328,2025-09-29 22:26:45,Agregar a mi lista,App,Inicio
I000204,U00775,C0057,2025-11-01 21:39:14,Agregar a mi lista,App,Recomendados
I000205,U00497,C0318,2025-12-17 00:17:34,Clic recomendación,Web,Recomendados
I000206,U00497,C0291,2025-12-29 13:21:15,Agregar a mi lista,Web,Inicio
I000207,U00497,C0200,2025-11-28 23:23:55,Clic recomendación,Web,Recomendados
I000208,U00497,C0151,2025-12-26 22:13:21,Clic recomendación,Web,Recomendados
I000209,U00497,C0262,2025-12-19 20:45:23,Compartir,Web,Recomendados
I000210,U00497,C0174,2025-12-08 00:18:58,Compartir,Web,Recomendados
I000211,U00698,C0052,2025-08-22 20:40:22,Clic recomendación,App,Recomendados
I000212,U00698,C0388,2025-09-01 15:18:15,Clic recomendación,App,Recomendados
I000213,U00698,C0234,2025-10-13 12:37:06,Me gusta,App,Búsqueda
I000214,U00698,C0297,2025-10-16 00:52:46,No me gusta,App,Recomendados
I000215,U00698,C0084,2025-10-10 19:36:30,Descarga,App,Tendencias
I000216,U00365,C0238,2025-05-10 01:13:47,Descarga,App,Inicio
I000217,U00365,C0281,2025-07-08 10:13:33,Me gusta,App,Recomendados
I000218,U00365,C0224,2025-07-13 20:32:06,Agregar a mi lista,App,Búsqueda
I000219,U00919,C0257,2025-09-30 14:26:50,Compartir,App,Recomendados
I000220,U00919,C0152,2025-11-08 22:52:46,Agregar a mi lista,App,Búsqueda
I000221,U00919,C0170,2025-07-26 22:16:41,Agregar a mi lista,App,Continuar viendo
I000222,U00919,C0394,2025-09-13 19:01:59,Agregar a mi lista,App,Inicio
I000223,U00919,C0092,2025-07-12 21:36:07,Me gusta,App,Tendencias
I000224,U00919,C0275,2025-07-19 23:43:27,Me gusta,App,Continuar viendo
I000225,U00238,C0356,2025-09-16 19:56:07,Clic recomendación,App,Recomendados
I000226,U00238,C0070,2025-09-03 00:37:45,Clic recomendación,Web,Recomendados
I000227,U00238,C0418,2025-10-08 09:34:37,Quitar de mi lista,Web,Inicio
I000228,U00238,C0338,2025-10-16 20:19:37,Descarga,Web,Continuar viendo
I000229,U00238,C0255,2025-09-06 20:10:18,No me gusta,Web,Recomendados
I000230,U00238,C0344,2025-08-23 19:35:35,Quitar de mi lista,App,Recomendados
I000231,U00238,C0014,2025-10-25 09:22:02,Clic recomendación,App,Inicio
I000232,U00238,C0025,2025-10-16 18:50:15,No me gusta,Web,Recomendados
I000233,U00878,C0033,2025-07-01 21:01:27,Agregar a mi lista,App,Continuar viendo
I000234,U00878,C0054,2025-04-23 11:00:56,Me gusta,App,Inicio
I000235,U00878,C0117,2025-05-30 03:16:19,Descarga,App,Recomendados
I000236,U00878,C0285,2025-07-04 05:14:55,Clic recomendación,App,Recomendados
I000237,U00878,C0358,2025-03-27 22:29:01,Me gusta,App,Búsqueda
I000238,U00878,C0332,2025-11-22 21:58:49,Me gusta,App,Tendencias
I000239,U00878,C0028,2025-10-27 19:57:09,Clic recomendación,App,Recomendados
I000240,U00878,C0275,2025-05-31 01:57:53,Compartir,App,Continuar viendo
I000241,U01448,C0289,2025-01-27 13:26:00,Clic recomendación,Web,Recomendados
I000242,U01448,C0057,2025-06-22 16:57:22,No me gusta,Web,Recomendados
I000243,U01448,C0048,2025-01-13 09:09:45,Clic recomendación,App,Recomendados
I000244,U01448,C0258,2025-04-05 00:24:27,Agregar a mi lista,App,Inicio
I000245,U00576,C0410,2025-02-10 14:43:25,Compartir,App,Inicio
I000246,U00576,C0197,2025-08-07 21:40:07,Clic recomendación,App,Recomendados
I000247,U00576,C0306,2025-10-01 19:41:54,Descarga,App,Recomendados
I000248,U00576,C0121,2025-12-27 01:37:42,Clic recomendación,App,Recomendados
I000249,U00153,C0133,2025-11-29 21:53:06,Agregar a mi lista,Web,Recomendados
I000250,U00153,C0106,2025-02-15 23:05:23,Descarga,Web,Continuar viendo
I000251,U00153,C0087,2025-11-15 10:33:32,Me gusta,Web,Búsqueda
I000252,U00400,C0335,2025-10-15 21:45:40,Me gusta,App,Continuar viendo
I000253,U01196,C0146,2025-06-15 09:27:35,Me gusta,App,Continuar viendo
I000254,U01196,C0359,2025-02-23 21:18:00,Agregar a mi lista,App,Inicio
I000255,U01196,C0281,2025-05-11 21:04:38,Me gusta,App,Búsqueda
I000256,U01196,C0200,2025-06-25 22:24:51,Me gusta,App,Inicio
I000257,U01196,C0012,2025-09-01 22:55:07,Agregar a mi lista,App,Tendencias
I000258,U00197,C0397,2025-06-24 23:36:05,Me gusta,App,Tendencias
I000259,U00197,C0179,2025-05-24 19:32:59,Me gusta,Web,Recomendados
I000260,U00197,C0125,2025-04-13 10:36:29,No me gusta,Web,Recomendados
I000261,U00197,C0079,2025-11-24 10:07:50,Clic recomendación,App,Recomendados
I000262,U00197,C0177,2025-11-28 02:30:23,Agregar a mi lista,Web,Recomendados
I000263,U00197,C0249,2025-04-27 19:58:49,Clic recomendación,App,Recomendados
I000264,U00197,C0015,2025-09-02 09:02:25,Clic recomendación,App,Recomendados
I000265,U00197,C0044,2025-07-03 03:35:20,Agregar a mi lista,Web,Continuar viendo
I000266,U00519,C0162,2025-05-16 22:46:45,Me gusta,App,Inicio
I000267,U00519,C0372,2025-07-16 17:23:58,Compartir,App,Recomendados
I000268,U00078,C0106,2025-02-27 22:55:08,Agregar a mi lista,App,Inicio
I000269,U00078,C0150,2025-08-26 12:02:08,Compartir,App,Búsqueda
I000270,U00723,C0219,2025-04-30 09:54:22,Clic recomendación,App,Inicio
I000271,U00723,C0038,2025-02-11 23:15:15,Agregar a mi lista,App,Búsqueda
I000272,U00723,C0098,2025-07-04 13:51:18,Clic recomendación,App,Inicio
I000273,U00723,C0390,2025-09-05 22:43:59,Me gusta,App,Continuar viendo
I000274,U00723,C0160,2025-10-01 23:49:17,Agregar a mi lista,App,Recomendados
I000275,U00723,C0123,2025-01-19 20:26:32,Me gusta,App,Continuar viendo
I000276,U00723,C0396,2025-10-23 08:34:27,Clic recomendación,App,Recomendados
I000277,U00723,C0378,2025-08-31 23:58:58,Me gusta,App,Inicio
I000278,U00723,C0224,2025-07-06 16:33:31,Agregar a mi lista,App,Recomendados
I000279,U00723,C0250,2025-02-10 12:16:58,Agregar a mi lista,App,Tendencias
I000280,U00723,C0013,2025-05-28 17:12:52,Me gusta,App,Búsqueda
I000281,U00723,C0324,2025-04-03 19:37:36,Quitar de mi lista,App,Continuar viendo
I000282,U00047,C0416,2025-11-25 17:44:18,Clic recomendación,App,Inicio
I000283,U00047,C0294,2025-09-23 12:18:23,Clic recomendación,Web,Recomendados
I000284,U00047,C0153,2025-09-25 22:12:05,Me gusta,App,Inicio
I000285,U00047,C0004,2025-10-10 07:12:55,Clic recomendación,App,Inicio
I000286,U00047,C0021,2025-10-27 20:51:30,Me gusta,App,Inicio
I000287,U00047,C0238,2025-10-24 20:18:13,Agregar a mi lista,App,Búsqueda
I000288,U01223,C0234,2025-05-06 01:06:29,Clic recomendación,App,Inicio
I000289,U01223,C0024,2025-07-13 01:28:48,Compartir,Web,Recomendados
I000290,U01223,C0230,2025-04-22 11:20:19,Agregar a mi lista,App,Recomendados
I000291,U00906,C0277,2025-10-13 15:31:53,Agregar a mi lista,App,Búsqueda
I000292,U00906,C0323,2025-03-05 21:43:27,Me gusta,App,Recomendados
I000293,U00906,C0065,2025-02-13 19:04:44,Agregar a mi lista,App,Búsqueda
I000294,U00906,C0107,2025-03-09 19:37:17,Me gusta,Web,Tendencias
I000295,U00906,C0188,2025-07-18 03:14:55,Me gusta,Web,Inicio
I000296,U00659,C0366,2025-03-23 20:57:05,Descarga,App,Recomendados
I000297,U00659,C0406,2025-01-10 19:13:39,Clic recomendación,App,Inicio
I000298,U00069,C0389,2025-02-02 20:50:18,Me gusta,App,Búsqueda
I000299,U00069,C0370,2025-02-01 12:41:01,Clic recomendación,App,Recomendados
I000300,U00069,C0134,2025-06-19 21:50:10,Clic recomendación,App,Recomendados
I000301,U00069,C0304,2025-02-25 14:21:04,Clic recomendación,Web,Recomendados
I000302,U00069,C0090,2025-02-12 16:57:37,Clic recomendación,App,Tendencias
I000303,U00069,C0400,2025-02-20 06:16:46,Me gusta,App,Inicio
I000304,U00015,C0114,2025-10-01 14:19:14,Agregar a mi lista,App,Búsqueda
I000305,U00015,C0011,2025-06-21 08:30:48,Clic recomendación,App,Inicio
I000306,U00015,C0307,2025-12-03 21:02:28,Compartir,App,Continuar viendo
I000307,U00015,C0168,2025-04-26 21:29:07,Compartir,App,Tendencias
I000308,U01336,C0141,2025-04-08 18:31:41,Agregar a mi lista,App,Recomendados
I000309,U01336,C0340,2025-04-29 13:43:50,No me gusta,App,Búsqueda
I000310,U01336,C0114,2025-10-13 01:35:32,No me gusta,Web,Recomendados
I000311,U01336,C0018,2025-04-25 11:05:59,Compartir,Web,Recomendados
I000312,U01336,C0303,2025-08-03 23:36:47,Descarga,Web,Recomendados
I000313,U01336,C0056,2025-03-19 15:07:16,Clic recomendación,App,Recomendados
I000314,U01336,C0398,2025-01-27 15:45:40,Agregar a mi lista,App,Búsqueda
I000315,U01336,C0104,2025-04-13 17:43:12,Me gusta,Web,Recomendados
I000316,U00633,C0137,2025-12-20 17:31:22,Agregar a mi lista,App,Recomendados
I000317,U00633,C0293,2025-08-11 21:25:43,Me gusta,App,Inicio
I000318,U00633,C0375,2025-10-22 04:57:09,Me gusta,App,Recomendados
I000319,U00633,C0191,2025-09-03 22:47:30,Me gusta,App,Tendencias
I000320,U00633,C0244,2025-10-07 20:47:55,Agregar a mi lista,App,Continuar viendo
I000321,U00633,C0164,2025-05-10 22:30:21,Agregar a mi lista,App,Continuar viendo
I000322,U00633,C0200,2025-08-25 19:29:11,Compartir,Web,Recomendados
I000323,U00633,C0108,2025-08-13 20:48:58,Clic recomendación,Web,Recomendados
I000324,U00633,C0113,2025-06-10 13:26:53,Clic recomendación,App,Tendencias
I000325,U00633,C0413,2025-10-04 01:19:38,Clic recomendación,App,Recomendados
I000326,U00561,C0013,2025-06-07 18:11:17,Clic recomendación,Web,Recomendados
I000327,U00561,C0041,2025-08-07 15:40:10,Agregar a mi lista,Web,Continuar viendo
I000328,U00561,C0129,2025-08-22 13:20:56,Agregar a mi lista,Web,Inicio
I000329,U00561,C0173,2025-09-16 19:32:36,Descarga,Web,Inicio
I000330,U00561,C0234,2025-12-25 14:44:42,Me gusta,Web,Tendencias
I000331,U00561,C0150,2025-08-28 20:46:49,Quitar de mi lista,Web,Inicio
I000332,U00561,C0027,2025-11-01 21:28:53,Clic recomendación,App,Recomendados
I000333,U00561,C0085,2025-07-31 21:50:45,Agregar a mi lista,App,Continuar viendo
I000334,U00561,C0005,2025-09-21 21:56:03,Agregar a mi lista,App,Inicio
I000335,U00561,C0268,2025-06-03 22:18:19,Me gusta,App,Recomendados
I000336,U00481,C0103,2025-12-10 10:08:28,Me gusta,App,Continuar viendo
I000337,U00481,C0160,2025-12-21 20:38:04,Clic recomendación,App,Tendencias
I000338,U00481,C0210,2025-09-09 12:46:22,Descarga,App,Recomendados
I000339,U00481,C0167,2025-05-20 20:43:07,Me gusta,App,Inicio
I000340,U00283,C0193,2025-07-05 14:45:03,Compartir,App,Inicio
I000341,U00283,C0055,2025-09-11 13:52:14,No me gusta,App,Recomendados
I000342,U00283,C0257,2025-11-06 22:44:51,Compartir,App,Recomendados
I000343,U00890,C0174,2025-09-17 12:10:03,Clic recomendación,App,Recomendados
I000344,U00890,C0306,2025-08-07 16:11:09,Clic recomendación,App,Recomendados
I000345,U00890,C0195,2025-02-22 13:55:32,Me gusta,App,Continuar viendo
I000346,U00890,C0197,2025-02-12 09:47:24,No me gusta,App,Continuar viendo
I000347,U00890,C0171,2025-05-28 00:49:41,Clic recomendación,App,Recomendados
I000348,U00890,C0234,2025-08-09 14:26:44,Clic recomendación,App,Recomendados
I000349,U00890,C0109,2025-05-30 08:59:38,Compartir,App,Tendencias
I000350,U00890,C0180,2025-11-21 22:27:33,Descarga,App,Inicio
I000351,U00890,C0224,2025-01-29 21:47:58,Compartir,App,Tendencias
I000352,U00890,C0250,2025-09-16 21:46:35,Agregar a mi lista,App,Inicio
I000353,U00932,C0126,2025-06-22 16:56:35,Compartir,App,Recomendados
I000354,U00932,C0385,2025-10-23 22:04:22,Clic recomendación,App,Recomendados
I000355,U00932,C0209,2025-01-11 20:33:04,Descarga,Web,Continuar viendo
I000356,U00932,C0085,2025-01-29 22:59:14,Me gusta,App,Recomendados
I000357,U00932,C0106,2025-02-25 20:33:19,Descarga,Web,Búsqueda
I000358,U00889,C0140,2025-01-13 23:08:40,Agregar a mi lista,App,Recomendados
I000359,U00889,C0214,2025-01-23 21:04:17,Agregar a mi lista,App,Recomendados
I000360,U00889,C0134,2025-04-22 23:50:07,Clic recomendación,App,Recomendados
I000361,U00889,C0323,2025-11-01 11:43:47,No me gusta,App,Inicio
I000362,U00401,C0038,2025-10-31 19:33:40,Descarga,App,Inicio
I000363,U00434,C0157,2025-12-15 14:42:10,Clic recomendación,Web,Recomendados
I000364,U00434,C0335,2025-06-22 15:18:10,Descarga,Web,Continuar viendo
I000365,U00434,C0153,2025-10-08 11:16:04,Compartir,Web,Recomendados
I000366,U00099,C0304,2025-08-18 17:19:23,Descarga,App,Recomendados
I000367,U00099,C0138,2025-07-26 02:29:59,Clic recomendación,App,Recomendados
I000368,U00099,C0384,2025-07-06 20:52:08,Agregar a mi lista,App,Búsqueda
I000369,U00099,C0168,2025-12-10 17:49:14,Agregar a mi lista,App,Continuar viendo
I000370,U00099,C0279,2025-03-05 16:39:47,Agregar a mi lista,App,Recomendados
I000371,U00099,C0320,2025-10-16 20:18:26,Descarga,App,Continuar viendo
I000372,U01483,C0141,2025-01-11 20:16:26,Agregar a mi lista,Web,Inicio
I000373,U01483,C0369,2025-07-04 13:35:50,Descarga,App,Recomendados
I000374,U01483,C0260,2025-05-31 21:47:02,Agregar a mi lista,Web,Inicio
I000375,U01483,C0185,2025-03-10 21:31:01,Agregar a mi lista,App,Continuar viendo
I000376,U01483,C0067,2025-03-16 17:45:15,Descarga,Web,Búsqueda
I000377,U01483,C0343,2025-07-28 01:53:49,Agregar a mi lista,Web,Tendencias
I000378,U01483,C0330,2025-08-25 06:27:55,Me gusta,App,Recomendados
I000379,U01483,C0266,2025-09-29 10:31:36,Me gusta,App,Continuar viendo
I000380,U00014,C0196,2025-09-13 13:49:28,Me gusta,App,Inicio
I000381,U00014,C0231,2025-10-04 05:56:21,Descarga,App,Inicio
I000382,U01038,C0020,2025-11-29 09:11:51,Compartir,App,Recomendados
I000383,U01038,C0299,2025-09-06 22:55:25,Agregar a mi lista,App,Continuar viendo
I000384,U01038,C0266,2025-01-21 21:50:41,Me gusta,App,Continuar viendo
I000385,U01038,C0365,2025-02-21 21:51:38,Clic recomendación,App,Inicio
I000386,U01038,C0367,2025-10-28 21:02:20,Clic recomendación,App,Inicio
I000387,U01038,C0308,2025-08-12 00:15:20,Me gusta,App,Recomendados
I000388,U01038,C0043,2025-08-17 21:34:02,Me gusta,App,Recomendados
I000389,U01038,C0367,2025-08-31 19:26:05,Quitar de mi lista,App,Recomendados
I000390,U00266,C0418,2025-02-01 09:11:11,Clic recomendación,App,Recomendados
I000391,U00266,C0299,2025-05-31 20:47:46,Clic recomendación,App,Inicio
I000392,U00266,C0408,2025-03-17 21:37:38,Me gusta,App,Tendencias
I000393,U00266,C0003,2025-06-14 23:21:16,No me gusta,App,Inicio
I000394,U00266,C0359,2025-02-21 19:32:33,Me gusta,App,Recomendados
I000395,U00266,C0340,2025-02-13 17:08:41,Agregar a mi lista,App,Continuar viendo
I000396,U00266,C0368,2025-08-06 21:46:53,Me gusta,App,Recomendados
I000397,U00266,C0150,2025-02-12 09:53:27,Compartir,App,Recomendados
I000398,U00266,C0151,2025-01-27 17:34:50,Clic recomendación,App,Recomendados
I000399,U00266,C0281,2025-01-11 12:24:03,Clic recomendación,App,Recomendados
I000400,U00266,C0349,2025-05-25 19:00:50,Compartir,App,Búsqueda
I000401,U00266,C0365,2025-04-22 23:24:04,Quitar de mi lista,App,Recomendados
I000402,U01036,C0080,2025-10-19 18:18:40,Agregar a mi lista,App,Tendencias
I000403,U01036,C0402,2025-10-09 12:26:21,Clic recomendación,App,Inicio
I000404,U01036,C0192,2025-11-13 23:32:29,Descarga,App,Continuar viendo
I000405,U01036,C0357,2025-11-12 20:51:05,Quitar de mi lista,App,Inicio
I000406,U01036,C0300,2025-12-03 16:21:34,Me gusta,App,Recomendados
I000407,U00479,C0386,2025-04-16 13:15:16,Clic recomendación,Web,Recomendados
I000408,U00479,C0273,2025-04-06 21:25:19,Me gusta,Web,Recomendados
I000409,U00479,C0358,2025-01-16 18:33:43,Clic recomendación,App,Inicio
I000410,U00479,C0063,2025-04-30 17:40:09,Agregar a mi lista,Web,Continuar viendo
I000411,U00479,C0083,2025-02-12 23:44:47,Clic recomendación,App,Recomendados
I000412,U00479,C0070,2025-03-19 00:16:26,Compartir,Web,Continuar viendo
I000413,U01308,C0339,2025-10-27 23:21:58,Clic recomendación,App,Recomendados
I000414,U01308,C0166,2025-10-29 23:30:30,Me gusta,App,Recomendados
I000415,U00727,C0414,2025-06-11 22:29:25,Me gusta,App,Continuar viendo
I000416,U00727,C0146,2025-04-26 23:57:07,Descarga,App,Recomendados
I000417,U00727,C0417,2025-07-04 21:04:29,Compartir,App,Continuar viendo
I000418,U00727,C0100,2025-06-10 21:35:23,Compartir,App,Búsqueda
I000419,U00727,C0378,2025-07-16 20:56:01,Me gusta,App,Inicio
I000420,U00727,C0376,2025-07-15 23:25:41,Me gusta,App,Búsqueda
I000421,U00727,C0157,2025-05-28 13:09:56,Descarga,App,Búsqueda
I000422,U00727,C0315,2025-05-26 13:02:37,Me gusta,App,Recomendados
I000423,U00383,C0401,2025-12-17 13:13:34,Descarga,Web,Recomendados
I000424,U00383,C0148,2025-10-14 22:56:32,Agregar a mi lista,App,Inicio
I000425,U00383,C0417,2025-10-07 17:32:10,Clic recomendación,App,Recomendados
I000426,U00383,C0285,2025-10-30 13:41:30,Quitar de mi lista,Web,Tendencias
I000427,U00383,C0165,2025-08-03 00:30:30,Me gusta,App,Recomendados
I000428,U00540,C0249,2025-07-24 20:59:19,Quitar de mi lista,App,Tendencias
I000429,U00540,C0018,2025-06-27 11:49:22,Me gusta,App,Inicio
I000430,U00540,C0107,2025-10-04 11:46:40,Agregar a mi lista,App,Recomendados
I000431,U00540,C0159,2025-01-03 20:17:22,Agregar a mi lista,App,Búsqueda
I000432,U00540,C0386,2025-11-11 20:09:40,Agregar a mi lista,App,Inicio
I000433,U00540,C0300,2025-05-25 21:11:09,Clic recomendación,App,Recomendados
I000434,U00540,C0133,2025-05-09 19:14:30,Clic recomendación,App,Inicio
I000435,U00540,C0031,2025-06-21 11:13:55,Agregar a mi lista,App,Continuar viendo
I000436,U00261,C0361,2025-10-24 22:25:15,Clic recomendación,App,Recomendados
I000437,U00261,C0358,2025-01-23 20:50:10,Agregar a mi lista,App,Inicio
I000438,U00261,C0369,2025-08-04 22:27:07,Clic recomendación,App,Recomendados
I000439,U00261,C0277,2025-06-17 03:18:43,Compartir,App,Recomendados
I000440,U00719,C0009,2025-11-11 04:21:54,Clic recomendación,Web,Recomendados
I000441,U01273,C0229,2025-09-27 23:23:31,Agregar a mi lista,App,Búsqueda
I000442,U01273,C0163,2025-11-08 12:33:22,Clic recomendación,Web,Recomendados
I000443,U01273,C0305,2025-06-01 23:01:08,Agregar a mi lista,App,Continuar viendo
I000444,U01273,C0006,2025-12-07 01:43:37,Quitar de mi lista,App,Búsqueda
I000445,U00399,C0294,2025-05-19 20:13:38,Clic recomendación,App,Recomendados
I000446,U01081,C0102,2025-07-15 18:12:06,Agregar a mi lista,App,Búsqueda
I000447,U01081,C0267,2025-02-01 21:24:32,Me gusta,App,Recomendados
I000448,U01081,C0139,2025-07-30 22:01:55,Clic recomendación,App,Inicio
I000449,U01081,C0034,2025-09-20 10:00:15,Clic recomendación,App,Recomendados
I000450,U01081,C0175,2025-02-13 23:38:21,Me gusta,App,Tendencias
I000451,U01151,C0326,2025-08-28 22:40:18,Agregar a mi lista,App,Continuar viendo
I000452,U01151,C0351,2025-09-24 04:13:28,No me gusta,App,Inicio
I000453,U01151,C0048,2025-11-26 23:48:36,Me gusta,App,Recomendados
I000454,U01151,C0287,2025-12-07 13:13:43,Compartir,App,Búsqueda
I000455,U01151,C0419,2025-09-01 20:02:28,Me gusta,App,Búsqueda
I000456,U01151,C0068,2025-12-16 19:35:05,Agregar a mi lista,App,Recomendados
I000457,U01222,C0379,2025-05-28 23:45:11,Me gusta,Web,Tendencias
I000458,U01222,C0298,2025-08-16 23:29:08,Clic recomendación,Web,Recomendados
I000459,U01222,C0062,2025-07-20 11:48:13,Clic recomendación,Web,Inicio
I000460,U00845,C0351,2025-03-17 19:31:52,Quitar de mi lista,App,Recomendados
I000461,U00845,C0318,2025-07-19 20:59:05,Clic recomendación,App,Recomendados
I000462,U00845,C0155,2025-08-12 08:30:30,Clic recomendación,App,Recomendados
I000463,U00845,C0169,2025-10-29 23:17:53,No me gusta,App,Búsqueda
I000464,U00845,C0228,2025-11-03 20:18:29,Clic recomendación,App,Recomendados
I000465,U00845,C0295,2025-07-04 16:42:26,Agregar a mi lista,App,Continuar viendo
I000466,U00918,C0122,2025-02-18 21:22:37,Clic recomendación,Web,Inicio
I000467,U00918,C0106,2025-05-31 19:13:12,Clic recomendación,Web,Inicio
I000468,U00918,C0342,2025-01-05 21:42:15,Me gusta,Web,Recomendados
I000469,U00918,C0331,2025-06-09 14:29:07,Clic recomendación,Web,Recomendados
I000470,U00918,C0253,2025-02-18 09:40:45,Clic recomendación,Web,Recomendados
I000471,U00918,C0255,2025-07-09 21:23:54,Compartir,Web,Inicio
I000472,U00918,C0008,2025-03-28 22:52:38,Me gusta,Web,Recomendados
I000473,U00918,C0219,2025-06-06 17:50:40,Agregar a mi lista,Web,Recomendados
I000474,U00542,C0254,2025-08-20 22:46:47,Clic recomendación,Web,Recomendados
I000475,U00542,C0331,2025-10-19 20:32:48,Agregar a mi lista,Web,Tendencias
I000476,U00542,C0133,2025-11-07 08:56:24,Quitar de mi lista,App,Inicio
I000477,U00542,C0117,2025-10-03 11:42:39,Me gusta,Web,Continuar viendo
I000478,U00542,C0194,2025-10-28 23:02:30,Descarga,App,Tendencias
I000479,U00104,C0303,2025-01-15 23:55:06,Compartir,App,Tendencias
I000480,U00104,C0274,2025-09-20 07:17:02,Compartir,App,Recomendados
I000481,U00104,C0368,2025-11-26 21:14:50,Agregar a mi lista,App,Continuar viendo
I000482,U01139,C0257,2025-01-05 15:43:51,Descarga,Web,Recomendados
I000483,U01139,C0296,2025-01-24 15:25:06,Clic recomendación,Web,Inicio
I000484,U01139,C0333,2025-02-08 13:00:33,Descarga,Web,Recomendados
I000485,U01139,C0055,2025-02-05 16:56:06,Agregar a mi lista,Web,Recomendados
I000486,U01139,C0358,2025-01-23 13:52:37,Me gusta,Web,Recomendados
I000487,U01139,C0131,2025-01-02 23:15:19,Me gusta,Web,Continuar viendo
I000488,U01139,C0014,2025-01-18 13:01:43,Agregar a mi lista,Web,Continuar viendo
I000489,U01139,C0045,2025-01-25 15:33:02,Compartir,Web,Búsqueda
I000490,U01139,C0154,2025-02-04 14:09:47,Me gusta,Web,Recomendados
I000491,U01139,C0191,2025-02-06 21:07:11,Agregar a mi lista,Web,Recomendados
I000492,U01256,C0158,2025-04-28 16:45:36,Agregar a mi lista,App,Recomendados
I000493,U01256,C0169,2025-10-06 10:17:25,Agregar a mi lista,App,Recomendados
I000494,U01256,C0319,2025-06-04 17:36:41,No me gusta,App,Búsqueda
I000495,U01256,C0217,2025-07-02 07:45:56,Agregar a mi lista,App,Recomendados
I000496,U01256,C0083,2025-05-21 10:29:52,Clic recomendación,App,Recomendados
I000497,U01256,C0311,2025-08-21 20:07:36,Me gusta,App,Inicio
I000498,U01256,C0025,2025-04-03 12:34:41,Agregar a mi lista,App,Continuar viendo
I000499,U01256,C0414,2025-07-25 23:18:55,Descarga,App,Recomendados
I000500,U00907,C0288,2025-03-10 19:29:13,Compartir,App,Recomendados
I000501,U00907,C0212,2025-12-05 10:47:15,Me gusta,App,Inicio
I000502,U00907,C0039,2025-06-25 08:46:59,Agregar a mi lista,App,Recomendados
I000503,U00907,C0021,2025-11-26 23:46:20,Agregar a mi lista,App,Búsqueda
I000504,U01200,C0025,2025-03-01 22:30:51,Me gusta,App,Inicio
I000505,U01200,C0010,2025-12-05 19:19:04,Agregar a mi lista,App,Continuar viendo
I000506,U01200,C0001,2025-09-19 09:33:24,Clic recomendación,App,Tendencias
I000507,U01200,C0358,2025-02-10 23:52:47,Me gusta,App,Inicio
I000508,U01200,C0402,2025-12-12 20:01:57,Clic recomendación,App,Inicio
I000509,U01200,C0058,2025-07-10 14:07:34,Me gusta,App,Recomendados
I000510,U01200,C0140,2025-07-09 20:37:45,Clic recomendación,App,Recomendados
I000511,U01200,C0038,2025-10-12 15:35:49,Clic recomendación,App,Recomendados
I000512,U01200,C0176,2025-10-03 23:53:12,Compartir,App,Continuar viendo
I000513,U01200,C0275,2025-06-19 22:42:22,Agregar a mi lista,App,Inicio
I000514,U01377,C0227,2025-06-19 20:56:02,Me gusta,App,Recomendados
I000515,U01377,C0219,2025-05-25 18:26:35,Compartir,App,Recomendados
I000516,U01377,C0350,2025-02-23 16:22:47,Clic recomendación,App,Recomendados
I000517,U01377,C0233,2025-10-03 20:53:56,Clic recomendación,App,Recomendados
I000518,U01377,C0145,2025-07-21 18:44:50,Compartir,App,Continuar viendo
I000519,U01377,C0017,2025-09-16 21:59:58,Clic recomendación,App,Inicio
I000520,U01240,C0296,2025-03-16 16:55:33,Compartir,App,Continuar viendo
I000521,U01240,C0297,2025-03-22 23:57:24,Agregar a mi lista,App,Búsqueda
I000522,U01240,C0303,2025-07-12 16:59:52,Me gusta,App,Inicio
I000523,U00369,C0092,2025-01-19 19:06:52,Clic recomendación,App,Recomendados
I000524,U00369,C0418,2025-01-01 15:47:48,Descarga,Web,Recomendados
I000525,U00369,C0004,2025-01-05 23:02:52,Clic recomendación,App,Recomendados
I000526,U01169,C0136,2025-06-26 09:24:21,Me gusta,Web,Tendencias
I000527,U01375,C0329,2025-01-31 20:56:22,Agregar a mi lista,Web,Búsqueda
I000528,U01375,C0310,2025-02-23 17:16:15,Agregar a mi lista,Web,Búsqueda
I000529,U01375,C0338,2025-05-24 18:39:26,Me gusta,App,Continuar viendo
I000530,U00558,C0404,2025-06-15 22:01:53,Descarga,App,Recomendados
I000531,U00558,C0265,2025-04-01 09:43:50,Agregar a mi lista,App,Recomendados
I000532,U00558,C0304,2025-01-18 06:37:06,Clic recomendación,App,Recomendados
I000533,U00558,C0030,2025-07-19 03:20:09,Clic recomendación,App,Recomendados
I000534,U00791,C0243,2025-05-04 09:53:05,Me gusta,App,Inicio
I000535,U00791,C0381,2025-06-04 21:13:49,Clic recomendación,App,Recomendados
I000536,U01137,C0293,2025-10-14 00:11:05,Me gusta,Web,Recomendados
I000537,U01137,C0094,2025-07-08 17:41:42,Compartir,Web,Inicio
I000538,U01305,C0413,2025-12-01 13:09:33,Clic recomendación,App,Recomendados
I000539,U00276,C0150,2025-12-02 17:50:10,Clic recomendación,App,Recomendados
I000540,U00276,C0110,2025-10-02 11:36:33,Me gusta,App,Recomendados
I000541,U00276,C0345,2025-12-17 07:26:12,Clic recomendación,App,Inicio
I000542,U00537,C0262,2025-01-16 22:13:36,Clic recomendación,Web,Inicio
I000543,U00537,C0295,2025-02-19 23:58:57,Me gusta,App,Recomendados
I000544,U01353,C0265,2025-04-04 13:22:40,Me gusta,Web,Recomendados
I000545,U01353,C0028,2025-08-29 09:12:06,Me gusta,Web,Tendencias
I000546,U01353,C0248,2025-07-30 17:42:21,No me gusta,App,Continuar viendo
I000547,U01353,C0233,2025-07-20 13:35:57,Agregar a mi lista,Web,Recomendados
I000548,U01353,C0372,2025-12-13 11:36:24,Agregar a mi lista,App,Recomendados
I000549,U01353,C0296,2025-02-20 22:15:47,No me gusta,Web,Inicio
I000550,U01353,C0051,2025-07-07 21:25:06,Me gusta,Web,Recomendados
I000551,U01353,C0309,2025-12-23 21:30:26,Agregar a mi lista,App,Inicio
I000552,U01353,C0420,2025-09-18 17:03:01,Descarga,Web,Búsqueda
I000553,U01353,C0063,2025-01-30 21:34:39,Me gusta,Web,Búsqueda
I000554,U01353,C0413,2025-12-24 20:49:25,Compartir,App,Búsqueda
I000555,U01353,C0231,2025-12-17 20:23:15,Descarga,App,Continuar viendo
I000556,U01316,C0242,2025-03-25 14:52:31,Me gusta,Web,Inicio
I000557,U01316,C0382,2025-04-23 20:03:38,Me gusta,Web,Inicio
I000558,U01316,C0267,2025-01-10 23:01:57,Agregar a mi lista,Web,Inicio
I000559,U01316,C0253,2025-02-01 21:04:21,Me gusta,Web,Recomendados
I000560,U01316,C0370,2025-03-16 07:01:19,Agregar a mi lista,Web,Búsqueda
I000561,U01316,C0113,2025-01-13 23:10:03,Compartir,Web,Recomendados
I000562,U01316,C0293,2025-01-30 23:10:44,Agregar a mi lista,Web,Tendencias
I000563,U01316,C0251,2025-01-27 19:34:32,Agregar a mi lista,Web,Recomendados
I000564,U01316,C0388,2025-01-09 16:37:36,Descarga,Web,Inicio
I000565,U01316,C0234,2025-04-18 17:16:09,Me gusta,Web,Recomendados
I000566,U01316,C0284,2025-02-05 19:50:06,Me gusta,Web,Inicio
I000567,U01316,C0333,2025-03-23 07:23:19,Agregar a mi lista,Web,Recomendados
I000568,U00005,C0375,2025-12-15 00:32:08,Clic recomendación,Web,Inicio
I000569,U00751,C0309,2025-08-27 21:46:33,Clic recomendación,App,Recomendados
I000570,U00751,C0201,2025-10-31 18:11:41,Me gusta,App,Inicio
I000571,U00751,C0109,2025-09-11 22:30:59,Clic recomendación,App,Inicio
I000572,U00751,C0058,2025-09-22 20:49:12,Agregar a mi lista,App,Recomendados
I000573,U00751,C0220,2025-10-13 00:03:34,Me gusta,App,Recomendados
I000574,U00751,C0019,2025-08-10 00:43:07,No me gusta,App,Continuar viendo
I000575,U00751,C0218,2025-08-16 22:17:07,Compartir,App,Búsqueda
I000576,U00751,C0025,2025-09-13 15:52:18,Me gusta,App,Continuar viendo
I000577,U00587,C0127,2025-04-19 16:37:49,Clic recomendación,App,Recomendados
I000578,U00587,C0003,2025-08-27 19:01:13,Descarga,App,Inicio
I000579,U00587,C0177,2025-03-17 12:21:44,No me gusta,App,Búsqueda
I000580,U00587,C0120,2025-01-15 08:51:03,Clic recomendación,App,Tendencias
I000581,U00587,C0140,2025-06-23 22:04:56,Clic recomendación,App,Recomendados
I000582,U00587,C0099,2025-01-18 10:15:28,Me gusta,App,Tendencias
I000583,U01326,C0415,2025-03-12 22:32:36,Clic recomendación,App,Recomendados
I000584,U01326,C0298,2025-06-08 13:01:36,Clic recomendación,App,Recomendados
I000585,U01326,C0261,2025-08-19 10:54:54,Me gusta,App,Recomendados
I000586,U00030,C0337,2025-09-28 00:49:09,No me gusta,App,Recomendados
I000587,U00030,C0199,2025-04-17 22:14:36,Me gusta,App,Recomendados
I000588,U00525,C0025,2025-08-16 19:09:33,Me gusta,App,Inicio
I000589,U00525,C0211,2025-07-31 23:13:25,Descarga,App,Recomendados
I000590,U00525,C0351,2025-04-24 18:10:00,Clic recomendación,Web,Recomendados
I000591,U00411,C0100,2025-11-09 22:48:07,Me gusta,App,Continuar viendo
I000592,U00411,C0284,2025-11-19 08:53:52,Agregar a mi lista,App,Recomendados
I000593,U00411,C0205,2025-11-08 19:12:23,Me gusta,App,Búsqueda
I000594,U00411,C0150,2025-07-19 19:26:57,Clic recomendación,App,Recomendados
I000595,U00411,C0395,2025-07-31 23:34:41,Me gusta,App,Búsqueda
I000596,U00411,C0295,2025-06-14 21:20:54,Me gusta,App,Recomendados
I000597,U00411,C0032,2025-08-18 23:24:11,Compartir,App,Inicio
I000598,U00411,C0349,2025-06-11 22:50:09,Me gusta,App,Recomendados
I000599,U00411,C0142,2025-10-24 19:38:46,Clic recomendación,App,Recomendados
I000600,U00411,C0251,2025-11-23 15:15:29,Clic recomendación,App,Inicio
I000601,U00730,C0048,2025-10-01 11:24:13,Agregar a mi lista,App,Recomendados
I000602,U00730,C0275,2025-06-24 23:38:31,Clic recomendación,App,Tendencias
I000603,U00730,C0267,2025-06-04 16:54:39,Agregar a mi lista,App,Tendencias
I000604,U01100,C0229,2025-06-24 09:32:14,Clic recomendación,App,Tendencias
I000605,U01100,C0177,2025-12-18 18:45:15,Clic recomendación,App,Inicio
I000606,U00410,C0312,2025-06-24 21:04:10,Clic recomendación,App,Recomendados
I000607,U00410,C0414,2025-09-21 19:32:07,Me gusta,App,Recomendados
I000608,U00410,C0102,2025-08-26 18:09:48,Clic recomendación,App,Recomendados
I000609,U00410,C0210,2025-10-31 13:51:21,Clic recomendación,App,Recomendados
I000610,U00026,C0105,2025-09-13 10:34:45,Me gusta,App,Recomendados
I000611,U00026,C0194,2025-09-08 16:17:42,Compartir,App,Continuar viendo
I000612,U00026,C0202,2025-08-25 21:32:21,Descarga,App,Continuar viendo
I000613,U00026,C0123,2025-09-04 23:47:35,Clic recomendación,App,Recomendados
I000614,U00026,C0042,2025-09-18 23:54:46,Descarga,App,Inicio
I000615,U00026,C0041,2025-10-12 17:03:02,Me gusta,App,Continuar viendo
I000616,U01008,C0022,2025-06-28 21:46:45,Me gusta,Web,Tendencias
I000617,U01008,C0402,2025-03-09 23:23:05,Descarga,App,Recomendados
I000618,U01008,C0236,2025-06-03 18:17:01,Clic recomendación,Web,Recomendados
I000619,U01008,C0180,2025-03-10 20:34:17,No me gusta,App,Búsqueda
I000620,U01008,C0062,2025-08-06 23:10:30,Me gusta,Web,Recomendados
I000621,U01067,C0074,2025-01-05 14:02:20,Clic recomendación,App,Recomendados
I000622,U00589,C0260,2025-10-27 20:01:19,Quitar de mi lista,App,Tendencias
I000623,U00589,C0258,2025-01-23 14:58:30,Agregar a mi lista,App,Recomendados
I000624,U00589,C0294,2025-12-20 15:54:07,No me gusta,App,Continuar viendo
I000625,U00589,C0245,2025-12-25 09:22:36,Clic recomendación,App,Tendencias
I000626,U00589,C0061,2025-04-19 09:44:27,Me gusta,App,Búsqueda
I000627,U00589,C0322,2025-06-18 11:26:32,Agregar a mi lista,App,Recomendados
I000628,U01031,C0278,2025-10-27 21:55:57,Clic recomendación,App,Recomendados
I000629,U01031,C0246,2025-02-03 18:23:06,Me gusta,App,Continuar viendo
I000630,U01031,C0153,2025-12-09 16:58:37,Agregar a mi lista,App,Inicio
I000631,U00841,C0244,2025-01-10 00:05:04,Clic recomendación,App,Tendencias
I000632,U00841,C0354,2025-01-17 09:52:29,Me gusta,App,Tendencias
I000633,U01186,C0034,2025-04-16 22:36:38,Quitar de mi lista,Web,Continuar viendo
I000634,U01186,C0405,2025-08-18 11:30:37,Clic recomendación,Web,Recomendados
I000635,U01186,C0285,2025-07-17 14:10:23,Compartir,App,Continuar viendo
I000636,U01186,C0288,2025-01-21 16:46:08,Agregar a mi lista,App,Búsqueda
I000637,U01186,C0335,2025-07-09 00:34:41,Clic recomendación,Web,Recomendados
I000638,U01186,C0103,2025-05-28 03:48:41,Agregar a mi lista,Web,Inicio
I000639,U01186,C0401,2025-01-07 09:06:18,Me gusta,App,Recomendados
I000640,U01186,C0366,2025-04-21 13:14:16,Compartir,Web,Inicio
I000641,U01186,C0117,2025-05-02 13:30:21,Agregar a mi lista,App,Recomendados
I000642,U01186,C0181,2025-09-17 23:48:24,Me gusta,App,Tendencias
I000643,U01186,C0125,2025-06-20 05:22:48,Agregar a mi lista,Web,Búsqueda
I000644,U01186,C0284,2025-08-17 20:20:50,Clic recomendación,App,Recomendados
I000645,U00820,C0251,2025-04-15 23:07:44,Agregar a mi lista,App,Tendencias
I000646,U00820,C0212,2025-01-27 20:45:19,Clic recomendación,App,Recomendados
I000647,U01359,C0026,2025-09-17 21:29:20,Me gusta,App,Inicio
I000648,U01359,C0275,2025-07-01 19:25:27,Agregar a mi lista,App,Recomendados
I000649,U01359,C0037,2025-01-14 21:51:46,Me gusta,App,Inicio
I000650,U00916,C0161,2025-04-03 20:45:49,Quitar de mi lista,Web,Continuar viendo
I000651,U00916,C0343,2025-09-25 22:20:12,Compartir,Web,Continuar viendo
I000652,U00916,C0323,2025-10-31 00:23:59,Me gusta,App,Búsqueda
I000653,U00916,C0059,2025-11-21 23:18:32,Descarga,App,Recomendados
I000654,U00916,C0145,2025-02-07 18:20:14,Me gusta,App,Inicio
I000655,U00916,C0294,2025-11-08 19:57:23,Agregar a mi lista,Web,Inicio
I000656,U00916,C0049,2025-06-22 10:18:39,Clic recomendación,Web,Recomendados
I000657,U00916,C0218,2025-02-22 00:57:31,Clic recomendación,Web,Recomendados
I000658,U00146,C0246,2025-04-22 14:19:40,Me gusta,App,Recomendados
I000659,U00146,C0014,2025-02-16 15:07:27,Me gusta,Web,Tendencias
I000660,U00146,C0232,2025-03-01 15:34:51,Clic recomendación,Web,Recomendados
I000661,U00146,C0299,2025-02-05 22:27:38,Clic recomendación,Web,Tendencias
I000662,U00146,C0077,2025-03-28 17:07:44,No me gusta,App,Tendencias
I000663,U00146,C0263,2025-03-31 21:14:00,Compartir,App,Continuar viendo
I000664,U00796,C0197,2025-11-17 19:52:28,Clic recomendación,Web,Recomendados
I000665,U00796,C0354,2025-09-26 13:18:12,No me gusta,Web,Recomendados
I000666,U01487,C0194,2025-06-03 01:24:27,Me gusta,App,Recomendados
I000667,U01487,C0167,2025-08-13 21:18:16,Me gusta,App,Inicio
I000668,U01487,C0065,2025-02-14 23:28:17,Compartir,Web,Inicio
I000669,U01487,C0272,2025-07-22 00:23:10,Compartir,App,Inicio
I000670,U01487,C0028,2025-10-11 16:04:27,Compartir,App,Tendencias
I000671,U01487,C0005,2025-11-18 22:37:22,Agregar a mi lista,App,Recomendados
I000672,U01487,C0080,2025-11-14 22:36:36,Agregar a mi lista,App,Recomendados
I000673,U01487,C0264,2025-04-12 04:25:39,Clic recomendación,Web,Inicio
I000674,U01385,C0106,2025-05-04 16:45:34,Compartir,App,Búsqueda
I000675,U01385,C0405,2025-08-25 23:57:23,Clic recomendación,App,Inicio
I000676,U01385,C0363,2025-12-22 06:55:49,Descarga,Web,Recomendados
I000677,U01385,C0156,2025-05-29 01:02:02,Clic recomendación,Web,Recomendados
I000678,U01385,C0282,2025-12-09 23:45:06,Agregar a mi lista,Web,Recomendados
I000679,U01385,C0080,2025-06-24 08:19:16,Descarga,Web,Tendencias
I000680,U00170,C0284,2025-11-15 21:36:49,Clic recomendación,App,Recomendados
I000681,U00170,C0377,2025-09-05 21:14:42,Compartir,App,Inicio
I000682,U00170,C0001,2025-05-21 20:04:47,Me gusta,App,Recomendados
I000683,U01312,C0391,2025-04-27 19:49:33,Me gusta,App,Búsqueda
I000684,U01312,C0410,2025-06-13 12:38:51,Agregar a mi lista,App,Búsqueda
I000685,U01312,C0415,2025-12-26 06:59:01,Clic recomendación,App,Inicio
I000686,U01312,C0131,2025-04-28 22:24:14,Quitar de mi lista,App,Inicio
I000687,U00514,C0063,2025-12-18 13:43:43,Me gusta,App,Inicio
I000688,U00514,C0181,2025-07-17 15:06:09,Agregar a mi lista,App,Continuar viendo
I000689,U00514,C0259,2025-02-15 18:52:44,Compartir,App,Inicio
I000690,U00514,C0376,2025-12-25 13:04:01,Agregar a mi lista,App,Búsqueda
I000691,U00514,C0376,2025-02-27 16:34:27,Agregar a mi lista,App,Búsqueda
I000692,U00514,C0311,2025-06-12 01:21:41,Me gusta,App,Recomendados
I000693,U00514,C0018,2025-12-30 21:12:53,Me gusta,App,Tendencias
I000694,U00514,C0193,2025-04-01 22:58:08,Agregar a mi lista,App,Recomendados
I000695,U00514,C0281,2025-06-07 14:36:51,No me gusta,App,Inicio
I000696,U00514,C0412,2025-05-21 06:55:33,Clic recomendación,App,Inicio
I000697,U00807,C0081,2025-07-26 21:39:03,Me gusta,App,Recomendados
I000698,U00807,C0245,2025-01-16 07:35:06,Clic recomendación,App,Inicio
I000699,U00807,C0254,2025-12-30 00:27:18,Compartir,App,Recomendados
I000700,U00807,C0005,2025-02-25 18:58:02,Descarga,App,Búsqueda
I000701,U00807,C0080,2025-01-22 21:52:25,Clic recomendación,App,Recomendados
I000702,U00807,C0052,2025-03-20 18:33:11,Me gusta,App,Tendencias
I000703,U00807,C0385,2025-03-04 14:22:53,No me gusta,App,Recomendados
I000704,U00807,C0253,2025-09-09 22:10:12,Compartir,App,Continuar viendo
I000705,U00330,C0416,2025-03-27 18:53:15,Me gusta,App,Recomendados
I000706,U00330,C0239,2025-02-25 23:38:38,Agregar a mi lista,Web,Recomendados
I000707,U00330,C0111,2025-06-26 09:55:22,Compartir,Web,Búsqueda
I000708,U00330,C0362,2025-09-09 00:02:33,Me gusta,App,Inicio
I000709,U00195,C0097,2025-05-30 23:55:35,Agregar a mi lista,App,Tendencias
I000710,U00195,C0214,2025-08-30 00:55:14,Descarga,App,Tendencias
I000711,U00195,C0378,2025-09-17 01:51:21,Descarga,App,Recomendados
I000712,U00195,C0163,2025-05-05 01:37:29,No me gusta,App,Continuar viendo
I000713,U00195,C0085,2025-09-04 00:32:08,Agregar a mi lista,App,Inicio
I000714,U00195,C0306,2025-07-10 18:00:39,Agregar a mi lista,App,Búsqueda
I000715,U00195,C0099,2025-11-08 18:59:57,Compartir,App,Continuar viendo
I000716,U00195,C0405,2025-01-17 22:57:41,Clic recomendación,App,Recomendados
I000717,U00195,C0405,2025-09-18 16:01:50,Me gusta,App,Inicio
I000718,U00195,C0163,2025-01-26 22:44:00,Quitar de mi lista,App,Inicio
I000719,U00526,C0089,2025-06-09 17:31:46,Clic recomendación,App,Recomendados
I000720,U00526,C0370,2025-08-22 06:07:28,Clic recomendación,App,Inicio
I000721,U00526,C0085,2025-08-12 13:04:07,Descarga,App,Recomendados
I000722,U00526,C0196,2025-09-19 15:19:05,Agregar a mi lista,App,Recomendados
I000723,U00526,C0401,2025-05-04 21:50:44,Me gusta,App,Inicio
I000724,U00526,C0275,2025-12-24 06:08:59,Agregar a mi lista,App,Inicio
I000725,U00526,C0353,2025-07-23 19:32:12,Agregar a mi lista,App,Continuar viendo
I000726,U00526,C0185,2025-03-26 21:08:30,Me gusta,App,Búsqueda
I000727,U00526,C0236,2025-08-21 20:40:54,Compartir,App,Inicio
I000728,U00526,C0345,2025-05-29 10:30:34,Descarga,App,Búsqueda
I000729,U00526,C0202,2025-12-03 23:47:33,Descarga,App,Recomendados
I000730,U00526,C0160,2025-09-02 08:59:02,Me gusta,App,Búsqueda
I000731,U00208,C0390,2025-04-01 21:21:09,Agregar a mi lista,Web,Continuar viendo
I000732,U00208,C0309,2025-10-22 22:55:43,Agregar a mi lista,Web,Recomendados
I000733,U00208,C0311,2025-05-22 23:58:46,Agregar a mi lista,App,Continuar viendo
I000734,U00208,C0346,2025-06-07 23:12:06,Me gusta,Web,Búsqueda
I000735,U00208,C0027,2025-02-08 10:32:56,Descarga,Web,Búsqueda
I000736,U00208,C0403,2025-05-17 19:25:33,Descarga,Web,Continuar viendo
I000737,U00208,C0410,2025-05-28 21:02:17,Me gusta,App,Continuar viendo
I000738,U00208,C0294,2025-01-21 10:17:31,Me gusta,App,Recomendados
I000739,U00208,C0083,2025-04-06 22:07:21,Me gusta,App,Recomendados
I000740,U00208,C0255,2025-08-04 19:30:50,Agregar a mi lista,App,Inicio
I000741,U00664,C0057,2025-01-29 11:46:44,Me gusta,Web,Inicio
I000742,U00664,C0115,2025-01-02 00:10:58,Me gusta,Web,Recomendados
I000743,U00664,C0290,2025-09-15 05:46:11,Me gusta,Web,Recomendados
I000744,U01320,C0155,2025-05-16 14:10:40,Clic recomendación,App,Inicio
I000745,U01320,C0263,2025-04-16 19:27:07,Clic recomendación,App,Recomendados
I000746,U01320,C0167,2025-06-25 10:18:40,Descarga,App,Recomendados
I000747,U01320,C0354,2025-07-21 00:50:19,Compartir,App,Recomendados
I000748,U01320,C0246,2025-04-09 22:53:17,Clic recomendación,App,Inicio
I000749,U00407,C0066,2025-07-24 23:36:26,Quitar de mi lista,App,Continuar viendo
I000750,U00407,C0208,2025-01-24 11:35:30,Agregar a mi lista,App,Continuar viendo
I000751,U00407,C0016,2025-03-09 20:54:55,Clic recomendación,App,Recomendados
I000752,U00407,C0345,2025-09-19 07:57:34,Clic recomendación,App,Inicio
I000753,U00119,C0028,2025-06-25 17:37:48,Clic recomendación,Web,Inicio
I000754,U00119,C0186,2025-01-12 06:50:30,Agregar a mi lista,Web,Continuar viendo
I000755,U00119,C0224,2025-04-14 20:18:11,Compartir,App,Recomendados
I000756,U00119,C0212,2025-04-19 19:11:21,Compartir,Web,Continuar viendo
I000757,U00119,C0370,2025-12-09 14:20:25,Agregar a mi lista,Web,Recomendados
I000758,U00119,C0260,2025-08-20 18:09:18,Me gusta,App,Continuar viendo
I000759,U00119,C0105,2025-10-20 19:15:21,No me gusta,App,Búsqueda
I000760,U00119,C0308,2025-03-29 18:05:04,Quitar de mi lista,Web,Recomendados
I000761,U00119,C0357,2025-06-16 07:01:32,Clic recomendación,Web,Recomendados
I000762,U00119,C0318,2025-11-16 00:55:21,Agregar a mi lista,Web,Inicio
I000763,U00111,C0224,2025-02-21 23:36:08,Clic recomendación,App,Inicio
I000764,U00111,C0172,2025-08-02 13:13:42,Clic recomendación,App,Tendencias
I000765,U00111,C0083,2025-09-26 03:49:59,Clic recomendación,App,Recomendados
I000766,U00111,C0408,2025-09-06 18:51:15,Clic recomendación,App,Recomendados
I000767,U00505,C0281,2025-11-30 00:16:45,Quitar de mi lista,App,Tendencias
I000768,U00505,C0200,2025-02-12 21:42:50,Quitar de mi lista,App,Recomendados
I000769,U00505,C0239,2025-01-27 11:43:26,Agregar a mi lista,App,Continuar viendo
I000770,U00505,C0082,2025-03-24 19:35:29,Quitar de mi lista,Web,Tendencias
I000771,U00513,C0281,2025-01-30 19:23:39,Me gusta,App,Recomendados
I000772,U00513,C0227,2025-05-23 13:18:30,Compartir,App,Recomendados
I000773,U00513,C0192,2025-04-11 21:49:21,No me gusta,App,Recomendados
I000774,U00513,C0315,2025-06-23 22:32:26,Clic recomendación,App,Tendencias
I000775,U00412,C0069,2025-07-03 16:24:21,Agregar a mi lista,App,Continuar viendo
I000776,U00412,C0355,2025-08-25 21:45:53,Clic recomendación,App,Tendencias
I000777,U00412,C0023,2025-08-09 21:25:53,Me gusta,Web,Recomendados
I000778,U01363,C0268,2025-12-12 09:13:00,Descarga,App,Continuar viendo
I000779,U01363,C0403,2025-10-10 22:05:25,Me gusta,Web,Tendencias
I000780,U01363,C0379,2025-08-06 08:59:51,Compartir,App,Búsqueda
I000781,U01363,C0303,2025-11-06 18:20:08,Me gusta,App,Continuar viendo
I000782,U01363,C0218,2025-07-10 15:14:57,Me gusta,Web,Búsqueda
I000783,U01355,C0190,2025-11-30 08:52:02,Agregar a mi lista,App,Búsqueda
I000784,U01355,C0123,2025-11-30 10:21:37,Descarga,App,Recomendados
I000785,U01355,C0365,2025-11-04 21:16:05,Clic recomendación,App,Recomendados
I000786,U01267,C0250,2025-10-17 22:27:20,Agregar a mi lista,App,Tendencias
I000787,U01267,C0309,2025-07-06 13:39:36,Compartir,App,Búsqueda
I000788,U01267,C0218,2025-08-12 17:01:25,Clic recomendación,App,Tendencias
I000789,U01267,C0118,2025-07-23 22:31:04,Me gusta,App,Continuar viendo
I000790,U01267,C0219,2025-07-29 22:34:08,Quitar de mi lista,App,Tendencias
I000791,U01368,C0135,2025-07-13 08:50:18,Me gusta,Web,Búsqueda
I000792,U01368,C0268,2025-11-06 01:01:00,Descarga,Web,Búsqueda
I000793,U01368,C0346,2025-09-24 14:26:02,Clic recomendación,Web,Recomendados
I000794,U01368,C0303,2025-07-30 17:08:19,Me gusta,Web,Continuar viendo
I000795,U01368,C0062,2025-12-28 07:21:48,Quitar de mi lista,Web,Continuar viendo
I000796,U01368,C0123,2025-10-04 20:25:12,Clic recomendación,Web,Inicio
I000797,U01368,C0039,2025-11-02 09:11:46,Descarga,Web,Búsqueda
I000798,U01368,C0117,2025-06-25 19:11:08,Descarga,Web,Continuar viendo
I000799,U01368,C0051,2025-12-03 23:23:52,Clic recomendación,Web,Recomendados
I000800,U01368,C0338,2025-05-08 02:09:58,Me gusta,Web,Búsqueda
I000801,U01440,C0007,2025-10-05 15:37:42,Clic recomendación,Web,Recomendados
I000802,U01440,C0134,2025-09-21 22:21:26,Clic recomendación,Web,Recomendados
I000803,U01440,C0294,2025-06-26 22:40:51,Clic recomendación,Web,Tendencias
I000804,U01206,C0028,2025-12-02 00:21:20,Clic recomendación,App,Recomendados
I000805,U01206,C0373,2025-11-28 21:45:07,Me gusta,App,Inicio
I000806,U01206,C0104,2025-12-11 23:11:35,No me gusta,App,Continuar viendo
I000807,U01206,C0024,2025-12-01 23:15:39,Me gusta,App,Búsqueda
I000808,U01206,C0333,2025-12-16 16:12:57,Descarga,App,Búsqueda
I000809,U01206,C0227,2025-12-04 20:38:20,Agregar a mi lista,App,Búsqueda
I000810,U00114,C0226,2025-08-13 15:48:56,Me gusta,App,Inicio
I000811,U00114,C0231,2025-07-07 17:18:06,Clic recomendación,Web,Tendencias
I000812,U00500,C0076,2025-05-28 11:57:09,Agregar a mi lista,App,Recomendados
I000813,U00500,C0275,2025-07-13 19:12:12,Clic recomendación,App,Recomendados
I000814,U00500,C0355,2025-02-13 21:32:01,Clic recomendación,App,Recomendados
I000815,U00500,C0383,2025-04-29 18:50:37,Agregar a mi lista,App,Inicio
I000816,U00051,C0017,2025-10-10 23:21:53,Me gusta,App,Inicio
I000817,U00051,C0301,2025-09-20 11:40:25,Compartir,App,Continuar viendo
I000818,U00051,C0181,2025-05-21 16:30:11,No me gusta,App,Tendencias
I000819,U00976,C0137,2025-10-20 22:07:14,No me gusta,App,Recomendados
I000820,U00976,C0103,2025-05-19 14:04:46,Me gusta,App,Inicio
I000821,U00616,C0373,2025-10-18 22:34:18,Descarga,App,Tendencias
I000822,U00616,C0191,2025-11-22 15:44:14,Compartir,App,Recomendados
I000823,U00616,C0355,2025-07-14 20:22:38,Agregar a mi lista,App,Inicio
I000824,U00616,C0018,2025-03-15 19:56:51,Clic recomendación,App,Recomendados
I000825,U00093,C0170,2025-10-23 08:16:53,Clic recomendación,App,Recomendados
I000826,U00093,C0282,2025-09-01 17:23:58,Agregar a mi lista,App,Tendencias
I000827,U00093,C0396,2025-09-20 23:39:55,Quitar de mi lista,App,Tendencias
I000828,U00093,C0119,2025-08-23 20:24:37,Me gusta,App,Recomendados
I000829,U00093,C0105,2025-05-28 18:56:11,Me gusta,App,Inicio
I000830,U00628,C0006,2025-04-18 20:37:56,Agregar a mi lista,Web,Tendencias
I000831,U00628,C0298,2025-07-25 00:11:46,Clic recomendación,App,Recomendados
I000832,U00628,C0016,2025-12-11 20:33:23,Clic recomendación,App,Inicio
I000833,U00628,C0200,2025-07-20 19:46:11,Clic recomendación,App,Recomendados
I000834,U00628,C0382,2025-05-15 18:24:31,Clic recomendación,App,Recomendados
I000835,U00628,C0041,2025-08-13 07:12:00,Clic recomendación,App,Recomendados
I000836,U00628,C0085,2025-09-28 16:59:06,Quitar de mi lista,App,Recomendados
I000837,U00628,C0001,2025-01-11 08:29:45,Me gusta,Web,Búsqueda
I000838,U00628,C0247,2025-06-21 05:35:59,Agregar a mi lista,App,Búsqueda
I000839,U00628,C0162,2025-08-19 06:41:53,Clic recomendación,Web,Recomendados
I000840,U00886,C0363,2025-02-22 16:56:12,Quitar de mi lista,Web,Búsqueda
I000841,U00886,C0185,2025-04-27 00:24:19,Compartir,Web,Recomendados
I000842,U00886,C0406,2025-12-10 00:27:22,Clic recomendación,Web,Recomendados
I000843,U00996,C0396,2025-06-07 23:01:49,Clic recomendación,App,Inicio
I000844,U00996,C0305,2025-01-10 12:26:59,Clic recomendación,App,Recomendados
I000845,U00996,C0037,2025-07-20 01:16:04,Compartir,App,Búsqueda
I000846,U00996,C0048,2025-09-15 15:34:46,Clic recomendación,App,Recomendados
I000847,U00279,C0039,2025-08-24 22:43:04,Me gusta,Web,Continuar viendo
I000848,U00279,C0407,2025-12-08 00:45:41,Agregar a mi lista,Web,Continuar viendo
I000849,U00279,C0114,2025-10-15 12:51:20,Me gusta,Web,Inicio
I000850,U00279,C0327,2025-09-01 20:31:07,Clic recomendación,App,Recomendados
I000851,U00279,C0349,2025-10-25 12:05:04,Agregar a mi lista,App,Recomendados
I000852,U00279,C0299,2025-09-01 21:28:19,Agregar a mi lista,App,Búsqueda
I000853,U00652,C0114,2025-02-01 20:54:11,Clic recomendación,Web,Recomendados
I000854,U00652,C0020,2025-06-04 19:27:17,Descarga,Web,Búsqueda
I000855,U00652,C0143,2025-02-24 23:03:23,Agregar a mi lista,Web,Recomendados
I000856,U00749,C0032,2025-01-28 02:00:54,Compartir,App,Búsqueda
I000857,U00749,C0106,2025-03-20 18:18:27,Agregar a mi lista,App,Recomendados
I000858,U00749,C0346,2025-07-29 20:42:26,Clic recomendación,App,Recomendados
I000859,U00749,C0049,2025-12-24 14:27:21,Clic recomendación,Web,Recomendados
I000860,U00749,C0182,2025-06-07 19:02:11,Compartir,App,Continuar viendo
I000861,U00749,C0260,2025-05-05 16:10:50,Me gusta,App,Inicio
I000862,U00749,C0238,2025-03-10 21:06:49,Quitar de mi lista,Web,Tendencias
I000863,U00749,C0148,2025-07-22 23:13:26,Me gusta,App,Inicio
I000864,U00749,C0309,2025-03-08 05:20:41,Clic recomendación,App,Tendencias
I000865,U00749,C0235,2025-04-27 19:10:05,Descarga,Web,Recomendados
I000866,U01204,C0240,2025-11-22 00:24:14,Compartir,App,Recomendados
I000867,U01204,C0262,2025-04-06 18:23:59,Descarga,App,Recomendados
I000868,U01204,C0293,2025-09-29 20:23:01,Agregar a mi lista,App,Recomendados
I000869,U01204,C0189,2025-01-03 18:52:03,Agregar a mi lista,App,Tendencias
I000870,U01204,C0326,2025-05-23 19:07:06,Clic recomendación,App,Inicio
I000871,U01204,C0178,2025-10-04 20:44:10,Clic recomendación,App,Recomendados
I000872,U01204,C0188,2025-08-11 23:11:28,Clic recomendación,App,Recomendados
I000873,U01204,C0417,2025-01-07 11:35:50,Clic recomendación,App,Tendencias
I000874,U00861,C0370,2025-02-06 19:17:12,Clic recomendación,App,Inicio
I000875,U00861,C0237,2025-09-19 23:47:42,Me gusta,Web,Inicio
I000876,U00861,C0168,2025-06-12 00:14:19,Agregar a mi lista,App,Búsqueda
I000877,U00861,C0337,2025-09-22 22:25:39,Clic recomendación,App,Inicio
I000878,U00861,C0082,2025-07-01 14:06:22,Agregar a mi lista,App,Inicio
I000879,U00861,C0268,2025-10-22 07:37:55,Clic recomendación,App,Inicio
I000880,U00855,C0080,2025-10-11 22:28:55,Clic recomendación,Web,Recomendados
I000881,U00855,C0077,2025-11-09 23:02:16,Clic recomendación,Web,Recomendados
I000882,U00855,C0118,2025-12-08 21:28:24,Agregar a mi lista,Web,Inicio
I000883,U00855,C0247,2025-10-21 15:52:06,Clic recomendación,Web,Recomendados
I000884,U00490,C0128,2025-07-23 15:04:29,Agregar a mi lista,Web,Recomendados
I000885,U00490,C0417,2025-10-19 10:07:39,Agregar a mi lista,Web,Búsqueda
I000886,U00490,C0226,2025-06-27 20:08:09,Agregar a mi lista,Web,Continuar viendo
I000887,U00490,C0289,2025-02-15 18:02:32,Me gusta,App,Inicio
I000888,U00490,C0234,2025-09-04 19:07:02,Clic recomendación,Web,Tendencias
I000889,U00490,C0381,2025-01-15 20:28:40,Me gusta,App,Continuar viendo
I000890,U00490,C0129,2025-03-25 17:33:45,Compartir,App,Tendencias
I000891,U00490,C0408,2025-02-15 15:56:11,Agregar a mi lista,App,Recomendados
I000892,U00490,C0122,2025-01-30 23:05:34,Descarga,Web,Recomendados
I000893,U00490,C0175,2025-06-12 23:44:52,Compartir,Web,Continuar viendo
I000894,U00295,C0043,2025-05-20 13:54:34,Me gusta,App,Búsqueda
I000895,U00295,C0362,2025-12-29 19:49:47,Agregar a mi lista,App,Recomendados
I000896,U00295,C0139,2025-06-12 20:25:05,Me gusta,App,Tendencias
I000897,U00295,C0137,2025-08-22 13:59:54,Me gusta,App,Tendencias
I000898,U00295,C0149,2025-11-08 10:40:34,Quitar de mi lista,App,Continuar viendo
I000899,U00295,C0180,2025-11-04 04:21:17,Me gusta,App,Inicio
I000900,U00295,C0220,2025-03-10 15:17:41,Quitar de mi lista,App,Tendencias
I000901,U00295,C0029,2025-11-29 22:40:24,Clic recomendación,App,Recomendados
I000902,U00295,C0022,2025-01-15 17:05:58,Clic recomendación,App,Recomendados
I000903,U00295,C0182,2025-01-22 17:45:51,Me gusta,App,Recomendados
I000904,U01010,C0099,2025-11-24 22:09:57,Descarga,App,Tendencias
I000905,U01010,C0357,2025-12-26 20:24:01,Quitar de mi lista,Web,Continuar viendo
I000906,U01010,C0301,2025-07-08 22:53:02,Clic recomendación,Web,Inicio
I000907,U01010,C0301,2025-11-30 15:09:44,Agregar a mi lista,Web,Búsqueda
I000908,U01010,C0085,2025-01-29 07:41:30,Agregar a mi lista,App,Recomendados
I000909,U01010,C0343,2025-06-07 19:29:18,Clic recomendación,App,Recomendados
I000910,U01010,C0415,2025-03-15 11:09:07,Agregar a mi lista,Web,Continuar viendo
I000911,U01010,C0225,2025-05-31 20:01:02,Clic recomendación,Web,Recomendados
I000912,U01010,C0304,2025-07-18 23:37:31,Agregar a mi lista,Web,Inicio
I000913,U01010,C0101,2025-02-12 23:15:36,Agregar a mi lista,Web,Búsqueda
I000914,U00577,C0349,2025-02-21 22:05:07,Me gusta,App,Continuar viendo
I000915,U00577,C0235,2025-04-22 08:48:09,No me gusta,App,Inicio
I000916,U00577,C0196,2025-10-10 22:44:21,Descarga,App,Inicio
I000917,U00577,C0048,2025-08-06 01:40:26,Clic recomendación,Web,Recomendados
I000918,U00577,C0402,2025-09-09 22:25:02,Agregar a mi lista,Web,Continuar viendo
I000919,U00577,C0224,2025-04-05 22:20:38,Me gusta,Web,Recomendados
I000920,U00577,C0121,2025-02-04 00:11:55,Clic recomendación,Web,Tendencias
I000921,U00577,C0193,2025-10-09 22:18:04,Me gusta,App,Tendencias
I000922,U00884,C0123,2025-06-15 09:19:24,Compartir,App,Búsqueda
I000923,U00884,C0190,2025-09-04 21:41:31,Clic recomendación,Web,Recomendados
I000924,U00884,C0355,2025-07-31 22:03:21,Clic recomendación,App,Inicio
I000925,U00884,C0173,2025-11-05 12:10:05,Agregar a mi lista,Web,Búsqueda
I000926,U00884,C0324,2025-08-29 13:18:28,Compartir,App,Búsqueda
I000927,U00884,C0232,2025-12-10 06:34:56,Clic recomendación,App,Inicio
I000928,U00884,C0083,2025-08-23 10:17:55,Me gusta,App,Búsqueda
I000929,U00884,C0138,2025-09-23 18:36:15,Me gusta,App,Recomendados
I000930,U00884,C0351,2025-01-28 01:14:32,Me gusta,Web,Recomendados
I000931,U00884,C0255,2025-10-16 09:18:57,Me gusta,App,Recomendados
I000932,U00884,C0076,2025-12-11 16:00:17,Agregar a mi lista,Web,Continuar viendo
I000933,U00884,C0334,2025-09-24 21:32:36,Clic recomendación,App,Recomendados
I000934,U00949,C0150,2025-12-15 18:36:44,Clic recomendación,App,Recomendados
I000935,U00949,C0357,2025-12-15 22:51:59,Quitar de mi lista,Web,Inicio
I000936,U00949,C0100,2025-12-30 19:52:13,Quitar de mi lista,App,Recomendados
I000937,U00949,C0232,2025-12-08 22:13:12,Quitar de mi lista,Web,Búsqueda
I000938,U00949,C0029,2025-12-10 23:44:06,Me gusta,Web,Inicio
I000939,U01461,C0358,2025-04-06 17:31:41,Clic recomendación,App,Recomendados
I000940,U01461,C0275,2025-09-15 16:12:47,Me gusta,App,Continuar viendo
I000941,U01461,C0248,2025-08-20 22:02:17,Clic recomendación,App,Recomendados
I000942,U01461,C0377,2025-02-01 23:04:51,Compartir,App,Tendencias
I000943,U00674,C0263,2025-09-07 17:06:28,Agregar a mi lista,App,Continuar viendo
I000944,U00674,C0269,2025-11-02 22:38:28,Quitar de mi lista,App,Búsqueda
I000945,U00674,C0247,2025-10-10 18:31:51,Clic recomendación,App,Recomendados
I000946,U00674,C0354,2025-09-04 20:20:24,Me gusta,App,Recomendados
I000947,U00674,C0304,2025-10-07 18:36:47,Agregar a mi lista,App,Tendencias
I000948,U00674,C0343,2025-10-07 12:31:10,Me gusta,App,Búsqueda
I000949,U00905,C0341,2025-03-12 21:34:16,Agregar a mi lista,App,Inicio
I000950,U00905,C0304,2025-07-04 23:14:41,Me gusta,App,Continuar viendo
I000951,U00905,C0323,2025-06-18 15:04:09,Compartir,App,Recomendados
I000952,U00905,C0402,2025-05-10 16:49:02,Compartir,App,Búsqueda
I000953,U00546,C0262,2025-04-07 21:07:13,Clic recomendación,Web,Inicio
I000954,U00546,C0323,2025-03-27 22:12:22,Clic recomendación,Web,Recomendados
I000955,U00546,C0036,2025-01-11 08:54:14,Clic recomendación,App,Recomendados
I000956,U00546,C0360,2025-09-30 12:51:59,Clic recomendación,Web,Recomendados
I000957,U00546,C0252,2025-02-12 19:13:28,Clic recomendación,Web,Recomendados
I000958,U00546,C0196,2025-04-05 22:36:39,Agregar a mi lista,App,Tendencias
I000959,U00061,C0167,2025-12-16 06:29:01,Clic recomendación,Web,Inicio
I000960,U00061,C0249,2025-06-24 17:35:12,Clic recomendación,Web,Inicio
I000961,U00061,C0388,2025-05-21 21:30:43,Clic recomendación,Web,Recomendados
I000962,U00061,C0331,2025-11-18 13:49:10,Me gusta,Web,Recomendados
I000963,U00061,C0276,2025-08-21 23:43:11,Me gusta,Web,Continuar viendo
I000964,U00061,C0194,2025-05-20 21:55:24,Quitar de mi lista,Web,Continuar viendo
I000965,U00061,C0322,2025-08-18 08:34:52,Me gusta,Web,Inicio
I000966,U00061,C0321,2025-12-05 18:39:53,Me gusta,Web,Tendencias
I000967,U00403,C0122,2025-08-06 23:59:58,Descarga,Web,Continuar viendo
I000968,U00403,C0304,2025-07-29 23:47:27,Clic recomendación,Web,Recomendados
I000969,U00403,C0326,2025-12-13 16:58:51,Clic recomendación,App,Recomendados
I000970,U00342,C0340,2025-10-22 21:43:06,Clic recomendación,App,Recomendados
I000971,U00342,C0032,2025-09-21 12:19:38,Quitar de mi lista,App,Continuar viendo
I000972,U00342,C0274,2025-10-22 09:14:21,Me gusta,App,Recomendados
I000973,U00342,C0005,2025-11-18 21:54:40,Quitar de mi lista,App,Búsqueda
I000974,U00342,C0122,2025-12-01 02:09:38,Me gusta,App,Recomendados
I000975,U01165,C0340,2025-10-29 17:47:50,No me gusta,App,Continuar viendo
I000976,U01165,C0374,2025-11-27 21:55:16,Me gusta,App,Recomendados
I000977,U01165,C0204,2025-09-02 17:58:30,Clic recomendación,App,Inicio
I000978,U01165,C0305,2025-02-16 21:39:51,Agregar a mi lista,App,Continuar viendo
I000979,U01323,C0204,2025-12-08 00:56:42,Clic recomendación,App,Recomendados
I000980,U01323,C0068,2025-12-25 10:00:08,Quitar de mi lista,App,Inicio
I000981,U01323,C0369,2025-12-20 22:49:16,Clic recomendación,App,Inicio
I000982,U01323,C0254,2025-11-23 07:34:05,Me gusta,App,Continuar viendo
I000983,U01323,C0075,2025-12-23 23:55:24,Me gusta,App,Búsqueda
I000984,U01323,C0073,2025-12-02 17:48:03,Agregar a mi lista,App,Tendencias
I000985,U01323,C0213,2025-11-06 02:25:46,Agregar a mi lista,App,Inicio
I000986,U01323,C0169,2025-12-26 19:07:57,Clic recomendación,App,Recomendados
I000987,U01323,C0339,2025-11-26 23:33:48,Quitar de mi lista,App,Inicio
I000988,U01323,C0118,2025-12-22 01:47:40,Clic recomendación,App,Recomendados
I000989,U00557,C0066,2025-12-28 15:13:56,Agregar a mi lista,App,Inicio
I000990,U00121,C0203,2025-04-07 16:30:17,Quitar de mi lista,App,Continuar viendo
I000991,U00121,C0050,2025-09-12 04:51:11,Compartir,Web,Inicio
I000992,U00121,C0389,2025-06-12 12:16:20,Clic recomendación,Web,Recomendados
I000993,U00121,C0117,2025-04-11 13:23:13,Clic recomendación,Web,Tendencias
I000994,U00121,C0230,2025-01-21 23:37:13,No me gusta,Web,Inicio
I000995,U00121,C0409,2025-04-12 22:07:09,Compartir,App,Inicio
I000996,U00021,C0276,2025-07-31 18:45:58,Quitar de mi lista,App,Inicio
I000997,U00021,C0152,2025-09-21 23:09:59,Me gusta,Web,Búsqueda
I000998,U00021,C0028,2025-10-04 13:10:33,Me gusta,Web,Recomendados
I000999,U01296,C0202,2025-08-17 21:59:28,Agregar a mi lista,App,Tendencias
I001000,U01296,C0215,2025-02-16 16:27:56,Clic recomendación,App,Recomendados
I001001,U01296,C0130,2025-07-03 06:40:01,Clic recomendación,App,Recomendados
I001002,U01296,C0200,2025-12-24 20:29:35,Compartir,App,Inicio
I001003,U00205,C0377,2025-01-10 22:37:54,Clic recomendación,App,Inicio
I001004,U00205,C0155,2025-09-11 07:12:49,Descarga,App,Recomendados
I001005,U00205,C0157,2025-10-15 23:39:37,Clic recomendación,App,Recomendados
I001006,U00205,C0169,2025-01-23 12:49:58,Clic recomendación,App,Tendencias
I001007,U00205,C0328,2025-02-02 16:39:38,Clic recomendación,App,Recomendados
I001008,U00205,C0372,2025-08-26 12:49:41,Clic recomendación,App,Recomendados
I001009,U00205,C0074,2025-11-09 18:06:18,Quitar de mi lista,App,Recomendados
I001010,U00205,C0142,2025-02-22 20:17:32,Clic recomendación,App,Recomendados
I001011,U00083,C0254,2025-08-29 23:27:26,Quitar de mi lista,App,Recomendados
I001012,U00083,C0302,2025-11-07 08:03:09,Clic recomendación,App,Inicio
I001013,U00083,C0276,2025-11-01 15:46:05,Agregar a mi lista,App,Búsqueda
I001014,U00083,C0120,2025-12-15 22:15:19,Agregar a mi lista,App,Continuar viendo
I001015,U00083,C0092,2025-08-17 23:54:59,Me gusta,App,Inicio
I001016,U00083,C0402,2025-10-16 20:48:03,Clic recomendación,App,Tendencias
I001017,U00083,C0335,2025-09-19 21:17:50,Agregar a mi lista,App,Recomendados
I001018,U00083,C0394,2025-12-01 07:39:54,Clic recomendación,App,Recomendados
I001019,U01142,C0146,2025-04-20 00:43:42,Clic recomendación,App,Tendencias
I001020,U01142,C0411,2025-05-12 12:21:20,Agregar a mi lista,App,Inicio
I001021,U01142,C0300,2025-07-22 21:20:14,Agregar a mi lista,App,Inicio
I001022,U01142,C0031,2025-07-21 20:46:39,Clic recomendación,App,Inicio
I001023,U01142,C0135,2025-05-27 22:07:29,Me gusta,App,Continuar viendo
I001024,U01142,C0208,2025-10-30 04:41:09,Me gusta,App,Inicio
I001025,U00489,C0236,2025-11-11 22:55:24,Me gusta,App,Inicio
I001026,U00489,C0087,2025-11-23 18:53:46,Compartir,Web,Recomendados
I001027,U00489,C0115,2025-09-11 15:53:51,Me gusta,App,Recomendados
I001028,U00785,C0374,2025-03-13 22:53:54,Agregar a mi lista,App,Continuar viendo
I001029,U00785,C0164,2025-07-14 20:50:10,Me gusta,App,Recomendados
I001030,U00785,C0290,2025-08-06 20:53:28,Compartir,App,Inicio
I001031,U00785,C0417,2025-07-13 10:33:45,Agregar a mi lista,App,Continuar viendo
I001032,U01420,C0079,2025-10-08 22:17:02,Agregar a mi lista,App,Inicio
I001033,U01420,C0098,2025-06-29 23:02:42,Agregar a mi lista,App,Búsqueda
I001034,U01420,C0162,2025-08-12 13:06:40,Clic recomendación,App,Recomendados
I001035,U01420,C0364,2025-12-17 01:04:32,No me gusta,App,Recomendados
I001036,U01420,C0288,2025-09-19 14:07:31,Compartir,App,Continuar viendo
I001037,U01420,C0220,2025-09-12 20:58:16,Agregar a mi lista,App,Recomendados
I001038,U01465,C0373,2025-11-17 13:41:20,Clic recomendación,App,Recomendados
I001039,U01465,C0285,2025-12-05 20:25:42,Clic recomendación,App,Recomendados
I001040,U01041,C0085,2025-12-27 11:45:32,Agregar a mi lista,App,Recomendados
I001041,U01041,C0218,2025-12-07 02:43:04,Me gusta,App,Inicio
I001042,U01041,C0412,2025-06-06 23:49:51,Quitar de mi lista,App,Recomendados
I001043,U00736,C0187,2025-02-08 14:25:17,No me gusta,App,Inicio
I001044,U00736,C0224,2025-09-17 16:01:00,Clic recomendación,Web,Recomendados
I001045,U00736,C0271,2025-03-11 20:43:09,Clic recomendación,App,Tendencias
I001046,U00736,C0232,2025-06-11 20:31:48,Quitar de mi lista,App,Continuar viendo
I001047,U00736,C0323,2025-06-19 07:19:11,Agregar a mi lista,App,Inicio
I001048,U01172,C0018,2025-06-22 23:04:49,Me gusta,App,Búsqueda
I001049,U01172,C0091,2025-02-04 14:10:34,Agregar a mi lista,App,Continuar viendo
I001050,U01172,C0017,2025-07-15 22:30:00,Clic recomendación,App,Tendencias
I001051,U01172,C0073,2025-07-28 19:08:21,Agregar a mi lista,App,Continuar viendo
I001052,U00420,C0140,2025-10-23 14:09:34,Quitar de mi lista,App,Continuar viendo
I001053,U00420,C0096,2025-11-25 19:56:26,Me gusta,App,Recomendados
I001054,U00420,C0001,2025-10-30 14:06:42,Descarga,App,Recomendados
I001055,U00420,C0143,2025-07-20 12:18:39,Clic recomendación,App,Recomendados
I001056,U00420,C0182,2025-10-12 23:42:06,Agregar a mi lista,App,Continuar viendo
I001057,U00420,C0122,2025-03-27 10:31:45,Agregar a mi lista,App,Búsqueda
I001058,U00986,C0017,2025-06-20 00:17:52,Agregar a mi lista,App,Búsqueda
I001059,U01032,C0318,2025-08-19 23:44:35,Me gusta,App,Búsqueda
I001060,U01032,C0113,2025-08-12 03:05:46,Clic recomendación,App,Recomendados
I001061,U01032,C0157,2025-08-25 18:47:43,Compartir,App,Continuar viendo
I001062,U00219,C0320,2025-06-10 23:13:14,Compartir,App,Recomendados
I001063,U00219,C0312,2025-04-10 17:41:31,Quitar de mi lista,App,Recomendados
I001064,U00219,C0218,2025-08-05 21:06:27,Clic recomendación,App,Recomendados
I001065,U00219,C0313,2025-03-24 14:08:09,Me gusta,App,Inicio
I001066,U01221,C0340,2025-07-06 21:40:58,Me gusta,App,Inicio
I001067,U01221,C0102,2025-03-03 15:31:59,Me gusta,Web,Continuar viendo
I001068,U01221,C0399,2025-04-28 10:57:00,Clic recomendación,Web,Inicio
I001069,U01221,C0221,2025-02-02 18:43:19,Descarga,Web,Inicio
I001070,U01221,C0018,2025-06-18 19:11:24,Me gusta,App,Inicio
I001071,U01213,C0275,2025-08-04 17:18:09,Clic recomendación,App,Inicio
I001072,U01213,C0360,2025-01-03 13:05:31,Clic recomendación,App,Recomendados
I001073,U01213,C0185,2025-08-08 19:47:31,Me gusta,App,Recomendados
I001074,U01213,C0028,2025-10-02 23:42:37,Me gusta,App,Inicio
I001075,U01213,C0126,2025-06-03 01:31:40,Agregar a mi lista,App,Recomendados
I001076,U01213,C0313,2025-07-04 12:25:42,Clic recomendación,App,Recomendados
I001077,U01213,C0004,2025-08-26 21:36:52,Clic recomendación,App,Recomendados
I001078,U01213,C0402,2025-12-25 11:20:23,Agregar a mi lista,App,Inicio
I001079,U00574,C0179,2025-12-13 19:46:30,Me gusta,App,Recomendados
I001080,U00574,C0283,2025-12-13 22:03:03,No me gusta,App,Inicio
I001081,U00391,C0365,2025-02-21 23:01:57,Clic recomendación,Web,Inicio
I001082,U00391,C0327,2025-07-26 23:06:19,Agregar a mi lista,Web,Continuar viendo
I001083,U00391,C0346,2025-09-07 14:29:01,Me gusta,Web,Recomendados
I001084,U01456,C0071,2025-01-15 22:44:15,Agregar a mi lista,App,Continuar viendo
I001085,U01456,C0358,2025-01-20 22:39:38,Quitar de mi lista,App,Búsqueda
I001086,U01456,C0268,2025-02-07 18:06:01,Clic recomendación,App,Inicio
I001087,U01456,C0352,2025-01-03 09:40:20,Compartir,App,Continuar viendo
I001088,U01456,C0402,2025-02-07 20:04:08,Me gusta,App,Inicio
I001089,U01456,C0029,2025-01-06 20:36:47,Clic recomendación,App,Inicio
I001090,U01248,C0336,2025-07-26 20:27:10,No me gusta,App,Tendencias
I001091,U01248,C0267,2025-10-05 12:52:58,Me gusta,App,Búsqueda
I001092,U01248,C0193,2025-08-16 23:06:50,Me gusta,App,Recomendados
I001093,U01248,C0140,2025-03-09 21:49:11,Me gusta,App,Recomendados
I001094,U01248,C0399,2025-07-21 18:00:26,Clic recomendación,App,Recomendados
I001095,U01248,C0219,2025-07-29 09:54:53,Me gusta,App,Tendencias
I001096,U01248,C0338,2025-04-30 23:37:55,Agregar a mi lista,App,Inicio
I001097,U01248,C0310,2025-12-21 19:22:28,Descarga,App,Recomendados
I001098,U00187,C0173,2025-07-12 18:42:16,Compartir,App,Inicio
I001099,U00187,C0371,2025-09-24 17:00:44,Agregar a mi lista,App,Inicio
I001100,U00187,C0341,2025-08-05 18:23:11,Agregar a mi lista,App,Búsqueda
I001101,U00138,C0417,2025-11-06 21:26:43,Clic recomendación,App,Recomendados
I001102,U00138,C0312,2025-02-02 22:39:47,Me gusta,App,Recomendados
I001103,U00138,C0397,2025-10-29 23:56:58,Agregar a mi lista,App,Búsqueda
I001104,U00138,C0375,2025-06-22 21:22:13,Me gusta,App,Búsqueda
I001105,U00138,C0291,2025-05-26 00:03:09,Me gusta,Web,Inicio
I001106,U00138,C0118,2025-10-25 10:22:15,Descarga,App,Recomendados
I001107,U00716,C0155,2025-01-02 18:45:59,Descarga,App,Tendencias
I001108,U00716,C0099,2025-06-28 19:25:17,Agregar a mi lista,App,Continuar viendo
I001109,U00716,C0320,2025-04-16 19:45:15,Compartir,App,Inicio
I001110,U00126,C0271,2025-05-04 00:57:13,Agregar a mi lista,App,Recomendados
I001111,U00126,C0051,2025-06-17 21:27:25,Clic recomendación,App,Recomendados
I001112,U00126,C0161,2025-09-24 19:28:59,Compartir,App,Recomendados
I001113,U00126,C0287,2025-11-02 20:21:48,Agregar a mi lista,App,Búsqueda
I001114,U00126,C0369,2025-08-01 12:44:57,Clic recomendación,App,Recomendados
I001115,U00126,C0402,2025-03-14 12:31:23,No me gusta,App,Tendencias
I001116,U00126,C0368,2025-04-07 21:42:40,Me gusta,App,Continuar viendo
I001117,U00126,C0418,2025-11-11 13:57:32,Clic recomendación,App,Recomendados
I001118,U00307,C0315,2025-11-01 21:12:01,Agregar a mi lista,Web,Continuar viendo
I001119,U00307,C0135,2025-12-28 11:13:28,Clic recomendación,App,Recomendados
I001120,U00307,C0363,2025-12-08 21:12:50,Compartir,App,Búsqueda
I001121,U00307,C0070,2025-10-10 18:12:36,Compartir,Web,Continuar viendo
I001122,U00307,C0073,2025-10-24 20:13:08,Quitar de mi lista,Web,Recomendados
I001123,U00307,C0170,2025-09-22 20:21:12,Descarga,Web,Inicio
I001124,U00307,C0356,2025-09-02 21:35:47,Clic recomendación,Web,Recomendados
I001125,U00307,C0404,2025-09-25 00:13:43,Clic recomendación,Web,Recomendados
I001126,U01466,C0275,2025-09-20 17:46:28,Clic recomendación,App,Inicio
I001127,U01466,C0043,2025-09-18 15:04:39,Descarga,App,Continuar viendo
I001128,U01466,C0362,2025-09-26 23:15:13,Agregar a mi lista,App,Búsqueda
I001129,U00235,C0037,2025-06-01 23:08:50,Me gusta,Web,Búsqueda
I001130,U00235,C0137,2025-05-11 22:59:18,Clic recomendación,Web,Recomendados
I001131,U00235,C0109,2025-02-19 08:33:32,Me gusta,Web,Inicio
I001132,U00235,C0108,2025-07-30 14:06:35,No me gusta,Web,Búsqueda
I001133,U00235,C0132,2025-11-13 18:09:51,Clic recomendación,Web,Recomendados
I001134,U00235,C0386,2025-01-09 20:42:02,Clic recomendación,Web,Recomendados
I001135,U00235,C0156,2025-03-18 21:45:19,Clic recomendación,Web,Recomendados
I001136,U00235,C0111,2025-02-21 09:29:28,Me gusta,Web,Recomendados
I001137,U01253,C0144,2025-01-31 18:57:15,Agregar a mi lista,Web,Recomendados
I001138,U01253,C0214,2025-01-19 23:39:20,Agregar a mi lista,Web,Búsqueda
I001139,U01253,C0267,2025-02-08 11:23:13,Descarga,Web,Continuar viendo
I001140,U01253,C0329,2025-02-08 21:57:36,No me gusta,App,Recomendados
I001141,U01253,C0258,2025-02-03 20:17:34,Descarga,App,Recomendados
I001142,U01253,C0044,2025-01-29 20:54:15,Clic recomendación,Web,Recomendados
I001143,U01253,C0102,2025-01-29 23:14:50,Compartir,Web,Recomendados
I001144,U01253,C0176,2025-01-26 10:24:44,Me gusta,App,Recomendados
I001145,U01253,C0022,2025-02-08 17:26:36,Clic recomendación,Web,Inicio
I001146,U01253,C0263,2025-02-03 19:31:09,Agregar a mi lista,App,Búsqueda
I001147,U01044,C0021,2025-07-06 13:13:16,Me gusta,Web,Búsqueda
I001148,U01044,C0300,2025-01-15 11:15:24,Me gusta,Web,Recomendados
I001149,U01044,C0286,2025-05-13 23:21:21,Me gusta,Web,Recomendados
I001150,U01044,C0176,2025-05-05 21:40:33,Me gusta,Web,Recomendados
I001151,U01045,C0374,2025-12-30 20:35:34,Agregar a mi lista,App,Continuar viendo
I001152,U01045,C0378,2025-04-04 18:29:17,Compartir,App,Inicio
I001153,U01045,C0293,2025-11-27 11:10:49,Clic recomendación,App,Inicio
I001154,U01045,C0007,2025-01-22 19:00:31,Descarga,App,Recomendados
I001155,U01045,C0195,2025-06-04 06:57:19,Me gusta,App,Continuar viendo
I001156,U00477,C0169,2025-12-01 12:45:22,Clic recomendación,App,Recomendados
I001157,U00477,C0358,2025-08-29 14:08:00,Clic recomendación,App,Inicio
I001158,U00477,C0041,2025-12-13 17:17:44,Quitar de mi lista,App,Continuar viendo
I001159,U00477,C0119,2025-02-02 09:40:27,Compartir,App,Tendencias
I001160,U00277,C0045,2025-12-06 14:19:06,Compartir,App,Tendencias
I001161,U00277,C0041,2025-10-31 16:42:03,Compartir,App,Tendencias
I001162,U00277,C0243,2025-11-17 20:31:05,Descarga,App,Inicio
I001163,U00277,C0291,2025-11-22 17:43:36,No me gusta,Web,Búsqueda
I001164,U00277,C0238,2025-11-08 00:40:41,Me gusta,App,Inicio
I001165,U00377,C0340,2025-02-14 23:12:40,No me gusta,App,Inicio
I001166,U00377,C0043,2025-12-14 14:53:45,Clic recomendación,App,Recomendados
I001167,U00377,C0258,2025-04-23 16:08:41,Quitar de mi lista,App,Búsqueda
I001168,U00184,C0328,2025-09-06 22:50:22,Compartir,Web,Continuar viendo
I001169,U00184,C0072,2025-10-20 18:26:15,Me gusta,Web,Inicio
I001170,U00184,C0029,2025-04-06 20:59:57,Compartir,Web,Búsqueda
I001171,U00184,C0148,2025-09-25 07:35:31,Quitar de mi lista,Web,Inicio
I001172,U00184,C0016,2025-12-25 20:56:14,Agregar a mi lista,Web,Búsqueda
I001173,U00184,C0407,2025-06-13 22:36:36,Clic recomendación,Web,Inicio
I001174,U00184,C0290,2025-06-04 13:40:06,Compartir,Web,Recomendados
I001175,U01055,C0066,2025-09-30 09:39:37,Me gusta,App,Tendencias
I001176,U01055,C0025,2025-11-12 21:01:58,Quitar de mi lista,App,Búsqueda
I001177,U01055,C0020,2025-08-17 17:28:21,Agregar a mi lista,App,Inicio
I001178,U01055,C0392,2025-10-14 17:01:30,Compartir,App,Tendencias
I001179,U00459,C0091,2025-08-03 00:15:58,Agregar a mi lista,App,Inicio
I001180,U00459,C0328,2025-08-11 21:09:53,Clic recomendación,App,Recomendados
I001181,U00459,C0315,2025-08-30 23:39:26,Me gusta,App,Continuar viendo
I001182,U00459,C0064,2025-08-19 09:02:54,Me gusta,App,Recomendados
I001183,U00913,C0319,2025-12-01 13:50:28,Me gusta,App,Inicio
I001184,U00913,C0174,2025-05-12 16:31:04,Me gusta,Web,Inicio
I001185,U00913,C0037,2025-05-26 07:22:56,Clic recomendación,App,Inicio
I001186,U00913,C0235,2025-08-07 16:51:18,Quitar de mi lista,Web,Continuar viendo
I001187,U00913,C0370,2025-07-15 20:34:06,Agregar a mi lista,Web,Recomendados
I001188,U00913,C0246,2025-06-17 18:04:11,Clic recomendación,App,Recomendados
I001189,U00913,C0249,2025-04-22 16:03:57,Agregar a mi lista,Web,Continuar viendo
I001190,U00913,C0213,2025-07-13 16:29:28,Clic recomendación,Web,Inicio
I001191,U00913,C0371,2025-09-22 18:59:40,Agregar a mi lista,App,Búsqueda
I001192,U00913,C0023,2025-12-14 23:08:10,Clic recomendación,Web,Recomendados
I001193,U00486,C0278,2025-10-04 20:54:15,Quitar de mi lista,App,Continuar viendo
I001194,U00486,C0013,2025-01-07 21:20:15,Clic recomendación,App,Inicio
I001195,U00486,C0180,2025-12-15 20:39:19,Quitar de mi lista,Web,Inicio
I001196,U00486,C0255,2025-08-05 07:55:41,Clic recomendación,App,Recomendados
I001197,U00486,C0207,2025-04-10 14:24:47,Me gusta,App,Continuar viendo
I001198,U00486,C0083,2025-07-19 19:25:19,Descarga,App,Tendencias
I001199,U00486,C0068,2025-12-05 22:09:12,Agregar a mi lista,Web,Inicio
I001200,U00486,C0336,2025-09-16 13:54:55,Clic recomendación,App,Recomendados
I001201,U00486,C0335,2025-03-01 09:28:46,Me gusta,App,Continuar viendo
I001202,U00486,C0204,2025-03-02 22:23:43,Quitar de mi lista,Web,Tendencias
I001203,U00486,C0112,2025-10-29 01:28:52,Agregar a mi lista,App,Inicio
I001204,U00486,C0259,2025-03-11 14:41:48,Clic recomendación,App,Recomendados
I001205,U01085,C0020,2025-06-14 23:35:42,Me gusta,App,Recomendados
I001206,U01085,C0103,2025-06-01 02:43:25,Clic recomendación,App,Recomendados
I001207,U01085,C0237,2025-07-06 06:11:51,Me gusta,App,Continuar viendo
I001208,U01085,C0191,2025-12-01 20:32:41,Compartir,App,Inicio
I001209,U01085,C0232,2025-09-06 15:06:10,Me gusta,App,Recomendados
I001210,U01085,C0392,2025-12-23 10:44:08,Me gusta,App,Inicio
I001211,U01085,C0394,2025-06-24 21:03:33,Me gusta,App,Continuar viendo
I001212,U01085,C0029,2025-06-30 16:00:10,Clic recomendación,App,Recomendados
I001213,U01085,C0117,2025-10-04 21:01:06,Clic recomendación,App,Recomendados
I001214,U01085,C0392,2025-10-16 16:36:48,No me gusta,App,Recomendados
I001215,U01085,C0240,2025-06-14 12:00:40,Agregar a mi lista,App,Búsqueda
I001216,U01085,C0350,2025-10-26 04:16:27,Agregar a mi lista,App,Recomendados
I001217,U00864,C0362,2025-10-10 08:14:26,Agregar a mi lista,App,Tendencias
I001218,U00864,C0066,2025-07-11 19:57:17,Clic recomendación,App,Recomendados
I001219,U00864,C0167,2025-06-30 19:14:42,Descarga,App,Recomendados
I001220,U00864,C0097,2025-09-29 21:32:17,Compartir,App,Recomendados
I001221,U00864,C0356,2025-11-24 21:29:56,Agregar a mi lista,Web,Recomendados
I001222,U00551,C0414,2025-07-29 07:41:16,Me gusta,App,Inicio
I001223,U00551,C0014,2025-04-26 19:03:16,Quitar de mi lista,App,Continuar viendo
I001224,U00551,C0362,2025-01-20 16:56:17,Clic recomendación,App,Recomendados
I001225,U00551,C0233,2025-11-14 21:08:29,Compartir,App,Continuar viendo
I001226,U00551,C0403,2025-03-30 07:13:33,Me gusta,App,Continuar viendo
I001227,U01325,C0050,2025-11-20 18:57:45,Me gusta,App,Inicio
I001228,U00496,C0405,2025-01-20 07:42:36,Agregar a mi lista,App,Continuar viendo
I001229,U00496,C0067,2025-05-22 21:01:25,Clic recomendación,App,Recomendados
I001230,U00496,C0140,2025-07-01 22:18:13,Agregar a mi lista,App,Tendencias
I001231,U00496,C0078,2025-08-24 09:27:41,Descarga,Web,Tendencias
I001232,U00496,C0225,2025-05-27 22:32:49,No me gusta,App,Inicio
I001233,U00496,C0245,2025-12-14 17:34:32,Clic recomendación,App,Recomendados
I001234,U00074,C0395,2025-10-17 18:32:27,Me gusta,App,Recomendados
I001235,U00074,C0106,2025-10-20 15:39:23,Quitar de mi lista,App,Recomendados
I001236,U00074,C0098,2025-09-26 20:55:08,Clic recomendación,App,Recomendados
I001237,U00074,C0077,2025-10-12 02:17:21,Clic recomendación,App,Recomendados
I001238,U00074,C0077,2025-10-10 23:45:57,Clic recomendación,App,Recomendados
I001239,U01244,C0111,2025-11-02 16:30:03,Me gusta,Web,Continuar viendo
I001240,U01244,C0196,2025-10-10 12:14:56,Me gusta,Web,Búsqueda
I001241,U01244,C0402,2025-10-03 20:03:18,Clic recomendación,Web,Inicio
I001242,U01244,C0392,2025-01-11 21:57:19,Clic recomendación,Web,Inicio
I001243,U01244,C0111,2025-05-20 13:28:49,Clic recomendación,Web,Recomendados
I001244,U01244,C0320,2025-03-23 21:50:28,Compartir,Web,Búsqueda
I001245,U00185,C0331,2025-09-08 00:11:49,Me gusta,App,Recomendados
I001246,U00185,C0062,2025-09-07 09:49:05,Clic recomendación,App,Recomendados
I001247,U00185,C0043,2025-12-14 12:09:56,Descarga,App,Inicio
I001248,U00185,C0184,2025-11-20 04:37:58,Compartir,App,Inicio
I001249,U00596,C0065,2025-03-02 20:52:41,Clic recomendación,Web,Tendencias
I001250,U00596,C0034,2025-12-09 23:07:37,Clic recomendación,App,Recomendados
I001251,U00867,C0290,2025-07-20 17:49:12,Clic recomendación,App,Recomendados
I001252,U00333,C0149,2025-12-28 21:30:56,Agregar a mi lista,App,Continuar viendo
I001253,U00333,C0029,2025-10-24 16:04:52,Agregar a mi lista,App,Continuar viendo
I001254,U00333,C0410,2025-05-29 20:15:47,Me gusta,App,Recomendados
I001255,U00333,C0078,2025-08-18 18:16:09,Descarga,App,Recomendados
I001256,U00333,C0292,2025-11-27 10:28:06,Compartir,App,Recomendados
I001257,U01027,C0098,2025-12-14 22:10:55,Me gusta,App,Recomendados
I001258,U01027,C0043,2025-07-14 15:42:25,Agregar a mi lista,App,Recomendados
I001259,U01027,C0046,2025-06-07 21:39:01,Me gusta,App,Tendencias
I001260,U00035,C0358,2025-06-24 17:31:02,Agregar a mi lista,App,Inicio
I001261,U00706,C0263,2025-11-04 19:17:21,Clic recomendación,App,Recomendados
I001262,U00706,C0146,2025-03-29 17:19:13,Compartir,App,Inicio
I001263,U00706,C0241,2025-01-17 21:31:54,Clic recomendación,App,Recomendados
I001264,U00706,C0282,2025-07-24 17:56:27,Me gusta,App,Búsqueda
I001265,U00706,C0383,2025-01-27 19:37:56,Descarga,App,Continuar viendo
I001266,U00706,C0017,2025-11-16 19:09:42,Me gusta,App,Inicio
I001267,U00543,C0221,2025-02-04 20:52:46,Compartir,App,Continuar viendo
I001268,U00543,C0415,2025-06-09 19:21:18,Clic recomendación,App,Tendencias
I001269,U00543,C0177,2025-11-20 17:05:09,Me gusta,App,Recomendados
I001270,U00543,C0233,2025-03-12 21:45:42,Compartir,App,Inicio
I001271,U00543,C0249,2025-04-20 09:43:05,Compartir,App,Continuar viendo
I001272,U00543,C0067,2025-07-16 23:10:04,Agregar a mi lista,App,Recomendados
I001273,U00646,C0351,2025-09-12 23:04:27,Quitar de mi lista,Web,Tendencias
I001274,U00646,C0172,2025-10-07 19:59:24,Me gusta,Web,Recomendados
I001275,U00532,C0126,2025-10-10 16:34:06,Me gusta,App,Continuar viendo
I001276,U00532,C0304,2025-01-04 13:10:21,Clic recomendación,Web,Recomendados
I001277,U00068,C0094,2025-06-11 20:37:30,Clic recomendación,App,Inicio
I001278,U00068,C0056,2025-06-13 23:41:41,Agregar a mi lista,App,Recomendados
I001279,U00068,C0312,2025-05-17 21:43:55,Clic recomendación,App,Recomendados
I001280,U00068,C0065,2025-06-17 19:49:50,Agregar a mi lista,App,Búsqueda
I001281,U00606,C0240,2025-11-27 23:57:10,Me gusta,Web,Tendencias
I001282,U00606,C0284,2025-07-22 01:44:40,Compartir,App,Búsqueda
I001283,U00606,C0291,2025-12-13 19:17:45,Me gusta,App,Tendencias
I001284,U00606,C0415,2025-10-10 20:00:47,Clic recomendación,Web,Inicio
I001285,U00606,C0039,2025-08-12 00:07:32,Agregar a mi lista,App,Continuar viendo
I001286,U00606,C0021,2025-10-06 22:41:48,Agregar a mi lista,Web,Inicio
I001287,U01073,C0298,2025-11-23 01:00:49,Clic recomendación,App,Recomendados
I001288,U01073,C0166,2025-12-05 01:41:59,Clic recomendación,App,Recomendados
I001289,U01073,C0127,2025-07-12 20:36:04,Me gusta,App,Continuar viendo
I001290,U01073,C0420,2025-07-20 22:45:57,Agregar a mi lista,App,Tendencias
I001291,U01073,C0238,2025-01-23 12:39:33,Quitar de mi lista,App,Búsqueda
I001292,U00448,C0158,2025-03-14 16:37:59,Clic recomendación,App,Inicio
I001293,U00448,C0163,2025-06-10 16:13:35,No me gusta,App,Recomendados
I001294,U00448,C0361,2025-05-10 13:48:01,Compartir,App,Inicio
I001295,U01230,C0016,2025-12-24 16:48:01,Agregar a mi lista,App,Tendencias
I001296,U01230,C0212,2025-11-30 18:37:09,Me gusta,App,Inicio
I001297,U01230,C0130,2025-12-30 07:24:02,Me gusta,App,Tendencias
I001298,U01230,C0164,2025-10-25 22:01:44,Clic recomendación,App,Recomendados
I001299,U01230,C0324,2025-11-11 14:10:05,No me gusta,App,Recomendados
I001300,U01270,C0131,2025-03-12 22:39:45,Me gusta,App,Inicio
I001301,U01270,C0195,2025-10-19 14:46:03,Compartir,App,Inicio
I001302,U01270,C0118,2025-08-18 17:55:13,Clic recomendación,App,Recomendados
I001303,U01270,C0128,2025-01-07 11:07:59,Quitar de mi lista,App,Recomendados
I001304,U01270,C0398,2025-04-02 09:33:43,Compartir,App,Inicio
I001305,U01270,C0090,2025-12-24 21:18:12,Me gusta,App,Tendencias
I001306,U01270,C0087,2025-09-18 18:02:01,Agregar a mi lista,App,Búsqueda
I001307,U01270,C0394,2025-12-21 23:40:53,Clic recomendación,App,Recomendados
I001308,U01396,C0046,2025-02-23 13:08:13,Descarga,Web,Inicio
I001309,U01396,C0290,2025-09-21 21:04:22,Agregar a mi lista,Web,Continuar viendo
I001310,U01396,C0042,2025-04-24 13:10:23,Descarga,Web,Búsqueda
I001311,U01396,C0123,2025-09-13 10:31:17,Agregar a mi lista,Web,Tendencias
I001312,U00620,C0141,2025-11-08 09:00:47,Me gusta,Web,Continuar viendo
I001313,U00334,C0228,2025-07-13 23:53:22,Clic recomendación,App,Recomendados
I001314,U00334,C0163,2025-10-25 21:32:56,Clic recomendación,App,Inicio
I001315,U00334,C0166,2025-08-18 21:22:12,Clic recomendación,App,Inicio
I001316,U00334,C0411,2025-09-22 11:55:59,Agregar a mi lista,App,Recomendados
I001317,U00334,C0382,2025-12-22 10:26:16,Clic recomendación,Web,Recomendados
I001318,U00518,C0356,2025-12-11 18:17:33,Me gusta,App,Tendencias
I001319,U00518,C0119,2025-07-18 18:56:08,Agregar a mi lista,App,Inicio
I001320,U00524,C0164,2025-07-17 17:27:32,Descarga,Web,Recomendados
I001321,U00524,C0146,2025-12-28 23:18:17,Me gusta,Web,Inicio
I001322,U00524,C0020,2025-02-15 00:11:12,Agregar a mi lista,Web,Continuar viendo
I001323,U00524,C0180,2025-12-22 13:14:31,Compartir,Web,Continuar viendo
I001324,U00524,C0062,2025-04-21 15:02:48,Agregar a mi lista,Web,Continuar viendo
I001325,U00002,C0122,2025-08-10 21:46:07,Clic recomendación,App,Inicio
I001326,U00002,C0178,2025-12-05 21:15:45,Clic recomendación,App,Recomendados
I001327,U00654,C0048,2025-11-23 09:59:48,Agregar a mi lista,App,Tendencias
I001328,U00654,C0013,2025-09-07 12:36:46,Clic recomendación,App,Recomendados
I001329,U00654,C0416,2025-04-20 13:39:49,Me gusta,App,Tendencias
I001330,U00654,C0330,2025-11-30 05:45:03,Compartir,App,Recomendados
I001331,U00881,C0392,2025-05-01 21:15:49,No me gusta,Web,Recomendados
I001332,U00881,C0116,2025-06-20 00:39:50,Agregar a mi lista,Web,Inicio
I001333,U00881,C0253,2025-02-04 21:22:19,Agregar a mi lista,Web,Recomendados
I001334,U00881,C0198,2025-07-17 20:06:56,Clic recomendación,Web,Recomendados
I001335,U00881,C0298,2025-08-17 21:08:21,Clic recomendación,Web,Recomendados
I001336,U00881,C0350,2025-08-04 09:00:02,Clic recomendación,Web,Recomendados
I001337,U00881,C0154,2025-01-14 22:04:48,Clic recomendación,Web,Inicio
I001338,U00881,C0032,2025-02-22 08:32:42,Compartir,Web,Inicio
I001339,U01288,C0122,2025-12-07 17:22:35,Agregar a mi lista,App,Continuar viendo
I001340,U01288,C0133,2025-11-29 11:43:25,Clic recomendación,App,Recomendados
I001341,U01288,C0334,2025-12-27 19:44:06,Me gusta,App,Búsqueda
I001342,U01288,C0058,2025-12-29 15:26:07,Clic recomendación,App,Recomendados
I001343,U01288,C0040,2025-12-06 12:19:28,Me gusta,App,Recomendados
I001344,U01288,C0236,2025-12-24 19:07:13,No me gusta,App,Tendencias
I001345,U01047,C0107,2025-05-27 01:10:46,Agregar a mi lista,App,Inicio
I001346,U01048,C0216,2025-02-27 02:20:33,Me gusta,App,Inicio
I001347,U01048,C0246,2025-04-23 14:53:10,Quitar de mi lista,App,Búsqueda
I001348,U01048,C0060,2025-08-10 21:50:50,Me gusta,App,Búsqueda
I001349,U01048,C0304,2025-05-03 03:48:09,Clic recomendación,App,Inicio
I001350,U01048,C0243,2025-01-03 09:41:17,Me gusta,App,Recomendados
I001351,U01048,C0087,2025-10-18 22:43:21,Clic recomendación,App,Recomendados
I001352,U01048,C0088,2025-06-25 20:01:37,No me gusta,App,Inicio
I001353,U01048,C0025,2025-08-08 20:40:43,Clic recomendación,App,Recomendados
I001354,U01048,C0318,2025-04-10 21:54:06,Quitar de mi lista,App,Recomendados
I001355,U01048,C0397,2025-06-22 12:20:35,Clic recomendación,App,Recomendados
I001356,U01048,C0343,2025-11-01 22:47:01,Agregar a mi lista,App,Búsqueda
I001357,U01048,C0403,2025-11-22 19:12:26,Compartir,App,Búsqueda
I001358,U00708,C0134,2025-03-18 15:37:59,Agregar a mi lista,Web,Recomendados
I001359,U00708,C0295,2025-04-29 20:40:55,Descarga,App,Tendencias
I001360,U00708,C0159,2025-03-14 09:42:52,Clic recomendación,App,Recomendados
I001361,U00708,C0050,2025-06-28 17:11:44,Compartir,Web,Inicio
I001362,U00708,C0068,2025-06-22 20:53:23,Me gusta,App,Recomendados
I001363,U00708,C0069,2025-12-01 13:17:14,No me gusta,Web,Recomendados
I001364,U00708,C0044,2025-04-01 08:50:58,Agregar a mi lista,App,Recomendados
I001365,U00708,C0045,2025-08-16 12:00:49,Clic recomendación,App,Recomendados
I001366,U01459,C0279,2025-10-19 22:00:39,Clic recomendación,App,Recomendados
I001367,U01459,C0048,2025-09-27 23:23:49,Clic recomendación,App,Recomendados
I001368,U01459,C0183,2025-04-10 14:12:23,Clic recomendación,App,Inicio
I001369,U01451,C0345,2025-07-18 16:31:25,Agregar a mi lista,App,Inicio
I001370,U01351,C0159,2025-11-21 09:53:15,Compartir,Web,Tendencias
I001371,U01351,C0279,2025-05-04 03:11:27,Clic recomendación,Web,Recomendados
I001372,U01351,C0065,2025-05-17 00:04:28,Agregar a mi lista,Web,Tendencias
I001373,U01351,C0025,2025-07-16 10:47:30,Me gusta,Web,Recomendados
I001374,U01351,C0394,2025-11-03 02:06:53,Quitar de mi lista,App,Inicio
I001375,U01351,C0198,2025-11-08 17:45:19,No me gusta,Web,Continuar viendo
I001376,U01351,C0166,2025-02-08 16:37:20,Clic recomendación,App,Recomendados
I001377,U01351,C0404,2025-05-17 18:49:58,Clic recomendación,App,Recomendados
I001378,U01351,C0016,2025-05-14 17:52:45,Clic recomendación,App,Recomendados
I001379,U01351,C0254,2025-02-02 19:17:55,Me gusta,App,Búsqueda
I001380,U01351,C0322,2025-03-19 14:22:29,Compartir,App,Continuar viendo
I001381,U01351,C0401,2025-11-03 19:40:01,Clic recomendación,Web,Inicio
I001382,U00834,C0088,2025-03-13 17:55:42,Clic recomendación,Web,Tendencias
I001383,U00834,C0114,2025-06-13 20:30:51,Clic recomendación,Web,Recomendados
I001384,U01006,C0241,2025-08-29 01:18:57,Compartir,App,Tendencias
I001385,U01006,C0191,2025-08-24 22:35:48,Clic recomendación,App,Recomendados
I001386,U01006,C0300,2025-06-05 21:19:03,Agregar a mi lista,App,Inicio
I001387,U01006,C0345,2025-03-15 22:49:24,Clic recomendación,App,Recomendados
I001388,U00857,C0226,2025-02-19 21:56:08,Clic recomendación,App,Recomendados
I001389,U00857,C0019,2025-02-27 21:34:54,Agregar a mi lista,App,Inicio
I001390,U00857,C0167,2025-05-26 18:59:39,Clic recomendación,App,Recomendados
I001391,U00094,C0400,2025-04-16 13:11:25,Me gusta,App,Recomendados
I001392,U00094,C0391,2025-06-06 23:05:27,Quitar de mi lista,App,Inicio
I001393,U00381,C0322,2025-10-30 13:42:01,Quitar de mi lista,App,Tendencias
I001394,U00001,C0264,2025-12-22 22:20:12,Clic recomendación,App,Recomendados
I001395,U00001,C0318,2025-05-04 10:21:33,Clic recomendación,App,Inicio
I001396,U00001,C0326,2025-01-24 20:08:23,Clic recomendación,App,Inicio
I001397,U00001,C0360,2025-05-21 18:53:43,Me gusta,App,Inicio
I001398,U00174,C0378,2025-12-07 20:34:26,Me gusta,Web,Continuar viendo
I001399,U00174,C0027,2025-09-17 14:33:52,Me gusta,Web,Continuar viendo
I001400,U00174,C0208,2025-11-21 22:18:21,Quitar de mi lista,Web,Tendencias
I001401,U00174,C0397,2025-06-26 21:27:05,Me gusta,Web,Búsqueda
I001402,U00174,C0196,2025-03-27 23:26:42,Agregar a mi lista,Web,Búsqueda
I001403,U00174,C0023,2025-07-11 08:37:35,Clic recomendación,Web,Recomendados
I001404,U00174,C0151,2025-05-25 18:14:18,Compartir,Web,Inicio
I001405,U00174,C0065,2025-11-25 17:51:47,No me gusta,Web,Inicio
I001406,U01287,C0418,2025-10-23 12:16:10,No me gusta,App,Tendencias
I001407,U01287,C0043,2025-11-20 09:22:35,Descarga,App,Continuar viendo
I001408,U01287,C0162,2025-10-20 18:42:20,Me gusta,App,Tendencias
I001409,U01287,C0276,2025-10-21 20:17:28,Agregar a mi lista,App,Recomendados
I001410,U01287,C0282,2025-11-02 05:39:31,Me gusta,App,Continuar viendo
I001411,U01287,C0368,2025-11-15 23:58:59,Me gusta,App,Inicio
I001412,U01287,C0117,2025-11-30 01:50:20,Clic recomendación,App,Recomendados
I001413,U01287,C0403,2025-09-28 06:34:18,Clic recomendación,App,Recomendados
I001414,U00405,C0123,2025-06-27 02:51:14,Agregar a mi lista,App,Búsqueda
I001415,U00405,C0241,2025-12-03 23:24:44,Clic recomendación,App,Inicio
I001416,U00405,C0281,2025-06-12 22:50:47,Me gusta,App,Búsqueda
I001417,U00405,C0153,2025-01-09 14:07:36,Agregar a mi lista,App,Recomendados
I001418,U00405,C0212,2025-06-25 17:30:07,Clic recomendación,App,Recomendados
I001419,U00405,C0022,2025-01-15 15:44:46,Compartir,App,Inicio
I001420,U00784,C0257,2025-07-30 22:55:09,Compartir,Web,Recomendados
I001421,U00784,C0122,2025-12-05 22:22:24,Clic recomendación,Web,Recomendados
I001422,U00784,C0352,2025-05-30 21:23:37,Agregar a mi lista,Web,Recomendados
I001423,U00784,C0089,2025-01-20 18:21:11,Quitar de mi lista,Web,Continuar viendo
I001424,U00784,C0361,2025-07-04 15:03:34,Quitar de mi lista,Web,Inicio
I001425,U00467,C0022,2025-06-04 09:23:10,Descarga,App,Recomendados
I001426,U00467,C0189,2025-09-16 16:09:12,Agregar a mi lista,App,Continuar viendo
I001427,U00467,C0192,2025-08-14 10:08:46,Clic recomendación,App,Recomendados
I001428,U00467,C0383,2025-06-04 22:11:13,Clic recomendación,App,Tendencias
I001429,U00603,C0247,2025-12-21 00:54:04,Agregar a mi lista,App,Recomendados
I001430,U00603,C0357,2025-01-02 21:19:43,Agregar a mi lista,App,Continuar viendo
I001431,U00603,C0157,2025-01-26 17:49:29,Clic recomendación,App,Tendencias
I001432,U00603,C0305,2025-02-11 20:21:27,Agregar a mi lista,App,Tendencias
I001433,U00378,C0048,2025-11-01 16:30:21,Clic recomendación,App,Recomendados
I001434,U00378,C0340,2025-09-10 14:57:42,Me gusta,App,Continuar viendo
I001435,U00378,C0355,2025-07-19 23:53:08,Agregar a mi lista,App,Búsqueda
I001436,U00378,C0067,2025-11-26 21:55:14,Clic recomendación,App,Recomendados
I001437,U00378,C0415,2025-11-04 14:47:11,No me gusta,App,Inicio
I001438,U00378,C0128,2025-06-29 22:58:11,Agregar a mi lista,App,Recomendados
I001439,U00378,C0209,2025-07-19 22:06:01,Clic recomendación,App,Inicio
I001440,U00378,C0372,2025-12-19 11:24:21,Me gusta,App,Inicio
I001441,U00023,C0398,2025-05-28 10:57:20,Clic recomendación,App,Inicio
I001442,U00023,C0254,2025-04-07 14:00:42,Agregar a mi lista,App,Recomendados
I001443,U00450,C0206,2025-06-13 17:27:53,Clic recomendación,App,Recomendados
I001444,U00450,C0254,2025-09-02 14:01:31,Clic recomendación,App,Recomendados
I001445,U00450,C0094,2025-07-29 22:34:46,Agregar a mi lista,App,Búsqueda
I001446,U00127,C0413,2025-10-09 22:56:07,No me gusta,Web,Continuar viendo
I001447,U00127,C0135,2025-01-02 22:22:13,Agregar a mi lista,Web,Continuar viendo
I001448,U00127,C0043,2025-10-04 15:16:28,Clic recomendación,Web,Inicio
I001449,U00127,C0303,2025-07-10 01:40:22,Me gusta,Web,Búsqueda
I001450,U00127,C0379,2025-12-06 15:32:02,Clic recomendación,Web,Recomendados
I001451,U00127,C0352,2025-12-15 11:32:41,Clic recomendación,App,Tendencias
I001452,U00127,C0045,2025-08-15 00:44:49,Clic recomendación,Web,Recomendados
I001453,U00127,C0382,2025-01-11 19:29:33,Quitar de mi lista,Web,Inicio
I001454,U00127,C0112,2025-10-08 13:42:55,Agregar a mi lista,App,Búsqueda
I001455,U00127,C0416,2025-10-21 14:03:38,Agregar a mi lista,App,Búsqueda
I001456,U00817,C0097,2025-11-08 16:44:26,Me gusta,App,Tendencias
I001457,U00817,C0259,2025-01-12 15:22:45,Clic recomendación,App,Inicio
I001458,U00817,C0005,2025-04-27 16:16:11,Agregar a mi lista,App,Continuar viendo
I001459,U00817,C0003,2025-04-28 21:36:47,Clic recomendación,App,Recomendados
I001460,U00817,C0336,2025-08-04 13:01:18,Agregar a mi lista,App,Tendencias
I001461,U00817,C0184,2025-02-08 22:56:56,Clic recomendación,App,Tendencias
I001462,U00756,C0110,2025-12-31 14:39:49,Clic recomendación,App,Tendencias
I001463,U00756,C0290,2025-03-16 20:13:03,Agregar a mi lista,App,Tendencias
I001464,U00756,C0260,2025-09-20 13:03:44,Clic recomendación,App,Inicio
I001465,U00756,C0391,2025-11-27 07:57:14,Me gusta,App,Tendencias
I001466,U00756,C0102,2025-09-04 20:58:12,Clic recomendación,App,Recomendados
I001467,U01328,C0178,2025-09-08 19:18:13,Descarga,App,Recomendados
I001468,U01328,C0242,2025-09-16 01:53:33,Compartir,App,Tendencias
I001469,U01328,C0403,2025-08-28 22:05:20,Clic recomendación,App,Recomendados
I001470,U01328,C0219,2025-09-24 18:54:01,Clic recomendación,App,Recomendados
I001471,U01328,C0388,2025-12-02 14:27:05,Agregar a mi lista,App,Continuar viendo
I001472,U01328,C0358,2025-09-02 21:54:11,Agregar a mi lista,App,Inicio
I001473,U01328,C0009,2025-08-30 20:16:45,Agregar a mi lista,App,Inicio
I001474,U01328,C0037,2025-09-27 21:49:17,Agregar a mi lista,App,Búsqueda
I001475,U00312,C0243,2025-06-02 23:01:07,Compartir,App,Recomendados
I001476,U00312,C0219,2025-10-31 22:44:29,Quitar de mi lista,App,Recomendados
I001477,U00312,C0250,2025-12-19 13:44:56,Agregar a mi lista,App,Inicio
I001478,U00312,C0420,2025-01-15 14:26:49,Me gusta,App,Inicio
I001479,U00312,C0048,2025-06-29 18:43:45,Agregar a mi lista,App,Inicio
I001480,U00312,C0305,2025-01-28 21:26:48,Me gusta,App,Inicio
I001481,U00973,C0387,2025-05-07 20:24:42,Me gusta,App,Continuar viendo
I001482,U00973,C0258,2025-01-10 00:15:04,Agregar a mi lista,App,Búsqueda
I001483,U00973,C0159,2025-04-24 10:42:20,Me gusta,App,Continuar viendo
I001484,U00973,C0276,2025-10-19 13:41:25,Quitar de mi lista,App,Tendencias
I001485,U00973,C0361,2025-08-26 16:52:17,Clic recomendación,App,Recomendados
I001486,U00973,C0176,2025-08-04 20:01:02,Me gusta,App,Recomendados
I001487,U00973,C0144,2025-01-10 22:42:02,Clic recomendación,App,Recomendados
I001488,U00973,C0176,2025-09-09 20:37:43,Me gusta,App,Tendencias
I001489,U00973,C0297,2025-07-27 19:45:10,Me gusta,App,Inicio
I001490,U00973,C0194,2025-07-25 09:04:47,Compartir,App,Continuar viendo
I001491,U00973,C0341,2025-02-03 17:51:42,Clic recomendación,App,Recomendados
I001492,U00973,C0258,2025-11-02 12:26:02,Me gusta,App,Tendencias
I001493,U00956,C0048,2025-02-22 18:36:45,Quitar de mi lista,Web,Continuar viendo
I001494,U00956,C0364,2025-07-24 04:25:45,Clic recomendación,Web,Inicio
I001495,U00956,C0121,2025-09-23 21:12:00,Agregar a mi lista,Web,Recomendados
I001496,U00956,C0413,2025-11-13 20:33:53,Me gusta,Web,Búsqueda
I001497,U00995,C0333,2025-12-09 20:56:43,Clic recomendación,Web,Recomendados
I001498,U00995,C0351,2025-02-20 23:15:27,Quitar de mi lista,Web,Recomendados
I001499,U00995,C0406,2025-04-12 14:34:34,Me gusta,Web,Continuar viendo
I001500,U00995,C0139,2025-05-10 12:03:48,Agregar a mi lista,Web,Tendencias
I001501,U00995,C0286,2025-01-20 19:14:04,Compartir,Web,Recomendados
I001502,U01082,C0064,2025-01-16 12:47:53,Agregar a mi lista,Web,Tendencias
I001503,U01082,C0154,2025-09-10 01:21:38,Me gusta,Web,Tendencias
I001504,U01082,C0119,2025-03-05 10:32:58,Me gusta,Web,Continuar viendo
I001505,U01082,C0019,2025-08-19 09:35:22,Agregar a mi lista,Web,Inicio
I001506,U01082,C0045,2025-01-13 22:52:55,Clic recomendación,Web,Recomendados
I001507,U01082,C0275,2025-12-20 19:12:28,Clic recomendación,Web,Recomendados
I001508,U01431,C0100,2025-12-20 18:16:22,Compartir,Web,Inicio
I001509,U01431,C0065,2025-09-29 21:49:01,Me gusta,Web,Búsqueda
I001510,U01431,C0239,2025-12-02 09:38:52,Compartir,App,Tendencias
I001511,U01322,C0079,2025-10-20 23:49:19,Compartir,App,Recomendados
I001512,U01322,C0227,2025-03-11 08:46:00,Agregar a mi lista,App,Continuar viendo
I001513,U01322,C0379,2025-10-20 11:25:47,Clic recomendación,App,Recomendados
I001514,U01322,C0142,2025-10-29 21:49:53,Agregar a mi lista,App,Continuar viendo
I001515,U01322,C0252,2025-04-27 08:57:07,Me gusta,App,Búsqueda
I001516,U00006,C0194,2025-06-10 18:04:44,Quitar de mi lista,App,Continuar viendo
I001517,U00006,C0285,2025-04-02 10:33:34,Clic recomendación,App,Inicio
I001518,U00006,C0410,2025-05-26 01:12:30,Clic recomendación,App,Inicio
I001519,U00134,C0288,2025-06-16 18:47:09,Clic recomendación,App,Tendencias
I001520,U00134,C0097,2025-08-17 22:31:51,Clic recomendación,App,Recomendados
I001521,U00134,C0277,2025-08-08 11:01:17,Me gusta,App,Búsqueda
I001522,U00134,C0093,2025-02-21 18:50:18,Clic recomendación,App,Tendencias
I001523,U00134,C0022,2025-03-09 21:43:55,Quitar de mi lista,App,Búsqueda
I001524,U00134,C0299,2025-09-28 01:19:19,Descarga,App,Recomendados
I001525,U00677,C0098,2025-01-19 19:41:30,Clic recomendación,App,Inicio
I001526,U00362,C0071,2025-10-27 16:43:19,Agregar a mi lista,App,Recomendados
I001527,U00974,C0293,2025-11-25 04:15:49,No me gusta,App,Inicio
I001528,U00974,C0190,2025-04-29 14:03:25,Clic recomendación,App,Inicio
I001529,U00720,C0274,2025-05-13 21:56:09,Me gusta,App,Inicio
I001530,U00720,C0061,2025-11-01 18:33:41,Agregar a mi lista,App,Inicio
I001531,U00720,C0223,2025-01-22 17:17:42,Clic recomendación,App,Recomendados
I001532,U00720,C0029,2025-12-29 17:13:59,Clic recomendación,App,Inicio
I001533,U00248,C0227,2025-07-14 11:52:11,Me gusta,App,Inicio
I001534,U00248,C0389,2025-08-26 20:17:46,Agregar a mi lista,App,Tendencias
I001535,U00248,C0296,2025-08-05 20:44:22,Agregar a mi lista,App,Recomendados
I001536,U00248,C0218,2025-07-14 19:15:44,Me gusta,App,Recomendados
I001537,U00248,C0029,2025-05-13 20:40:38,Clic recomendación,App,Recomendados
I001538,U00248,C0283,2025-08-11 22:35:15,Agregar a mi lista,Web,Tendencias
I001539,U00248,C0199,2025-05-14 16:52:52,Agregar a mi lista,Web,Inicio
I001540,U00248,C0364,2025-06-07 13:47:02,Me gusta,Web,Continuar viendo
I001541,U01070,C0203,2025-11-23 23:02:56,Agregar a mi lista,Web,Recomendados
I001542,U01070,C0355,2025-12-04 19:43:02,Descarga,Web,Búsqueda
I001543,U01070,C0259,2025-12-16 20:28:01,Me gusta,Web,Tendencias
I001544,U00265,C0316,2025-04-07 15:22:33,Me gusta,App,Inicio
I001545,U00265,C0403,2025-11-22 23:39:55,Clic recomendación,App,Recomendados
I001546,U00265,C0078,2025-04-03 12:56:42,Agregar a mi lista,App,Recomendados
I001547,U00265,C0057,2025-04-22 10:16:53,Quitar de mi lista,App,Continuar viendo
I001548,U00265,C0081,2025-02-02 00:09:50,Me gusta,App,Búsqueda
I001549,U00702,C0189,2025-02-17 20:55:39,Clic recomendación,App,Recomendados
I001550,U00702,C0142,2025-03-04 23:27:07,Agregar a mi lista,App,Recomendados
I001551,U00702,C0071,2025-02-22 15:00:14,Compartir,App,Tendencias
I001552,U00702,C0317,2025-04-15 14:25:06,Clic recomendación,App,Recomendados
I001553,U00702,C0378,2025-05-18 15:42:05,Quitar de mi lista,App,Recomendados
I001554,U00702,C0277,2025-03-05 20:45:13,Me gusta,App,Recomendados
I001555,U00702,C0403,2025-02-13 18:30:06,Me gusta,App,Recomendados
I001556,U00702,C0039,2025-03-23 23:01:41,Me gusta,App,Recomendados
I001557,U00702,C0175,2025-03-06 15:58:13,Clic recomendación,App,Inicio
I001558,U00702,C0263,2025-01-15 14:27:30,Agregar a mi lista,App,Recomendados
I001559,U01427,C0152,2025-12-10 19:12:43,Me gusta,App,Continuar viendo
I001560,U01427,C0092,2025-03-29 20:20:29,Descarga,App,Inicio
I001561,U01427,C0328,2025-08-16 17:10:16,Agregar a mi lista,App,Recomendados
I001562,U01427,C0381,2025-11-05 21:30:26,Clic recomendación,App,Recomendados
I001563,U01427,C0025,2025-01-24 17:00:24,Agregar a mi lista,App,Recomendados
I001564,U00480,C0027,2025-03-25 18:03:40,No me gusta,App,Inicio
I001565,U00480,C0063,2025-01-22 14:02:28,Agregar a mi lista,Web,Inicio
I001566,U00480,C0195,2025-02-20 01:22:41,Clic recomendación,Web,Recomendados
I001567,U00480,C0105,2025-01-21 15:08:55,Clic recomendación,Web,Inicio
I001568,U00480,C0126,2025-02-13 18:15:54,Agregar a mi lista,App,Continuar viendo
I001569,U00480,C0065,2025-02-19 16:36:32,Compartir,Web,Continuar viendo
I001570,U00480,C0213,2025-02-24 14:32:30,Agregar a mi lista,Web,Continuar viendo
I001571,U00480,C0120,2025-01-07 04:41:52,Agregar a mi lista,App,Inicio
I001572,U00480,C0331,2025-01-22 17:49:39,Agregar a mi lista,App,Recomendados
I001573,U00480,C0145,2025-01-05 23:09:26,Clic recomendación,App,Recomendados
I001574,U00947,C0202,2025-01-12 12:09:27,Clic recomendación,App,Tendencias
I001575,U00947,C0258,2025-03-01 20:04:00,Me gusta,App,Búsqueda
I001576,U00947,C0374,2025-02-16 01:20:23,Me gusta,App,Continuar viendo
I001577,U00578,C0146,2025-12-18 12:31:13,No me gusta,Web,Inicio
I001578,U00578,C0028,2025-08-15 06:33:27,Clic recomendación,Web,Recomendados
I001579,U00578,C0291,2025-08-19 16:35:46,Descarga,Web,Recomendados
I001580,U01474,C0093,2025-12-19 13:00:56,Me gusta,Web,Recomendados
I001581,U01474,C0023,2025-08-26 12:15:00,Agregar a mi lista,Web,Tendencias
I001582,U01474,C0125,2025-04-12 19:11:37,Me gusta,Web,Tendencias
I001583,U01474,C0196,2025-02-08 23:52:46,Agregar a mi lista,Web,Recomendados
I001584,U01474,C0058,2025-12-26 21:44:45,No me gusta,Web,Tendencias
I001585,U01474,C0001,2025-04-20 03:41:40,Clic recomendación,Web,Inicio
I001586,U01474,C0058,2025-05-02 00:02:38,Clic recomendación,Web,Inicio
I001587,U01474,C0331,2025-06-26 16:12:58,Agregar a mi lista,Web,Tendencias
I001588,U01474,C0006,2025-12-13 15:24:05,Agregar a mi lista,Web,Recomendados
I001589,U01474,C0363,2025-11-08 00:28:57,Me gusta,Web,Recomendados
I001590,U00106,C0315,2025-03-29 01:53:30,Me gusta,App,Recomendados
I001591,U00106,C0051,2025-11-10 11:26:50,Clic recomendación,Web,Recomendados
I001592,U00106,C0142,2025-09-03 19:04:54,Agregar a mi lista,Web,Inicio
I001593,U00106,C0106,2025-03-26 22:40:12,Compartir,App,Búsqueda
I001594,U00106,C0065,2025-07-10 16:26:20,Compartir,App,Recomendados
I001595,U00106,C0068,2025-03-24 19:24:55,Clic recomendación,Web,Recomendados
I001596,U00106,C0365,2025-10-07 20:42:26,Clic recomendación,Web,Recomendados
I001597,U00106,C0392,2025-11-17 15:00:41,Clic recomendación,Web,Recomendados
I001598,U00106,C0158,2025-05-01 21:48:11,Agregar a mi lista,App,Tendencias
I001599,U00106,C0067,2025-08-07 12:49:21,Me gusta,App,Recomendados
I001600,U01132,C0111,2025-11-19 22:29:01,Descarga,App,Búsqueda
I001601,U01132,C0308,2025-10-08 15:54:46,Compartir,App,Inicio
I001602,U01132,C0201,2025-10-22 21:21:41,Me gusta,App,Recomendados
I001603,U01132,C0271,2025-08-13 14:13:53,Descarga,App,Recomendados
I001604,U01132,C0094,2025-12-14 21:16:09,Agregar a mi lista,App,Búsqueda
I001605,U01132,C0275,2025-09-28 23:15:35,Agregar a mi lista,App,Recomendados
I001606,U00272,C0098,2025-07-24 20:18:30,Agregar a mi lista,App,Búsqueda
I001607,U00272,C0352,2025-07-19 23:02:39,Me gusta,App,Recomendados
I001608,U00272,C0101,2025-12-09 19:50:18,Agregar a mi lista,App,Recomendados
I001609,U00272,C0132,2025-04-30 20:33:50,Me gusta,App,Recomendados
I001610,U00272,C0148,2025-11-20 20:20:46,Compartir,App,Recomendados
I001611,U00072,C0136,2025-12-07 12:58:21,Me gusta,Web,Continuar viendo
I001612,U00072,C0068,2025-08-23 14:37:22,Quitar de mi lista,Web,Búsqueda
I001613,U00072,C0003,2025-02-15 09:40:53,Descarga,App,Continuar viendo
I001614,U00072,C0289,2025-06-15 11:39:26,Agregar a mi lista,App,Recomendados
I001615,U00072,C0410,2025-05-30 21:24:51,Me gusta,Web,Búsqueda
I001616,U01208,C0404,2025-08-13 19:18:42,Agregar a mi lista,App,Búsqueda
I001617,U01208,C0179,2025-05-04 17:14:39,Clic recomendación,Web,Inicio
I001618,U01208,C0275,2025-01-03 19:40:03,Agregar a mi lista,Web,Tendencias
I001619,U01208,C0347,2025-01-15 00:02:11,Agregar a mi lista,App,Búsqueda
I001620,U01208,C0393,2025-01-03 09:22:49,Me gusta,App,Continuar viendo
I001621,U01176,C0224,2025-05-07 21:11:14,Clic recomendación,App,Recomendados
I001622,U01176,C0107,2025-06-29 03:33:59,Me gusta,App,Tendencias
I001623,U01176,C0098,2025-01-07 22:01:08,Clic recomendación,App,Recomendados
I001624,U01176,C0290,2025-01-02 10:22:21,Agregar a mi lista,App,Recomendados
I001625,U00453,C0415,2025-03-25 12:13:45,Clic recomendación,App,Inicio
I001626,U00453,C0159,2025-03-28 17:19:31,Agregar a mi lista,App,Búsqueda
I001627,U00453,C0045,2025-04-26 18:08:56,Descarga,App,Búsqueda
I001628,U00453,C0121,2025-01-05 10:29:53,Me gusta,App,Recomendados
I001629,U00453,C0064,2025-03-26 20:16:35,Agregar a mi lista,Web,Recomendados
I001630,U00453,C0169,2025-11-17 09:35:40,Me gusta,App,Tendencias
I001631,U00453,C0040,2025-03-26 16:17:04,Agregar a mi lista,App,Recomendados
I001632,U00453,C0147,2025-01-30 18:51:11,Clic recomendación,App,Recomendados
I001633,U00453,C0090,2025-07-12 07:08:54,No me gusta,Web,Inicio
I001634,U00453,C0301,2025-04-08 21:25:45,Descarga,App,Inicio
I001635,U00453,C0409,2025-04-21 19:27:57,Me gusta,App,Inicio
I001636,U00453,C0372,2025-11-04 20:34:50,Me gusta,App,Recomendados
I001637,U01268,C0230,2025-10-06 18:34:38,Clic recomendación,App,Inicio
I001638,U01268,C0196,2025-05-29 18:29:40,Clic recomendación,App,Inicio
I001639,U01268,C0073,2025-07-08 20:18:47,Agregar a mi lista,App,Inicio
I001640,U01268,C0149,2025-01-13 23:37:25,Agregar a mi lista,App,Recomendados
I001641,U01268,C0116,2025-06-15 21:14:26,Me gusta,App,Recomendados
I001642,U01268,C0181,2025-03-19 23:20:13,Agregar a mi lista,App,Inicio
I001643,U01268,C0389,2025-01-26 00:21:42,Clic recomendación,App,Recomendados
I001644,U01268,C0216,2025-02-06 21:03:51,Agregar a mi lista,App,Continuar viendo
I001645,U00805,C0097,2025-05-30 20:29:41,Me gusta,App,Inicio
I001646,U00216,C0401,2025-03-27 22:43:43,No me gusta,App,Búsqueda
I001647,U00216,C0231,2025-11-06 10:18:52,Descarga,App,Recomendados
I001648,U00826,C0391,2025-11-06 17:10:04,Clic recomendación,App,Recomendados
I001649,U00826,C0066,2025-09-17 16:59:36,Clic recomendación,App,Recomendados
I001650,U00826,C0089,2025-08-10 21:54:49,Me gusta,App,Continuar viendo
I001651,U00826,C0325,2025-12-31 23:59:59,Clic recomendación,App,Tendencias
I001652,U00826,C0262,2025-12-18 18:53:33,Me gusta,App,Continuar viendo
I001653,U00826,C0364,2025-09-23 19:11:41,No me gusta,App,Recomendados
I001654,U00826,C0247,2025-10-20 01:47:07,Clic recomendación,App,Recomendados
I001655,U00826,C0373,2025-11-26 13:47:48,Me gusta,App,Tendencias
I001656,U00003,C0022,2025-07-23 14:26:07,Agregar a mi lista,App,Inicio
I001657,U00003,C0243,2025-08-21 20:13:48,Quitar de mi lista,App,Tendencias
I001658,U00003,C0192,2025-06-23 09:57:49,Compartir,App,Inicio
I001659,U00619,C0257,2025-05-26 21:49:20,Clic recomendación,App,Inicio
I001660,U00619,C0167,2025-05-02 00:19:30,Agregar a mi lista,App,Tendencias
I001661,U00128,C0032,2025-06-02 00:49:50,Clic recomendación,Web,Recomendados
I001662,U00128,C0068,2025-03-26 20:33:42,Agregar a mi lista,Web,Recomendados
I001663,U00128,C0271,2025-11-06 21:56:30,Agregar a mi lista,Web,Búsqueda
I001664,U00128,C0300,2025-04-24 21:52:12,Agregar a mi lista,Web,Recomendados
I001665,U00128,C0197,2025-09-17 09:56:23,Descarga,Web,Recomendados
I001666,U00981,C0095,2025-06-17 10:36:26,Clic recomendación,Web,Recomendados
I001667,U00981,C0311,2025-09-29 00:52:49,Clic recomendación,Web,Inicio
I001668,U00981,C0225,2025-08-24 15:25:11,Agregar a mi lista,Web,Tendencias
I001669,U00981,C0161,2025-07-17 23:47:07,Descarga,Web,Recomendados
I001670,U00981,C0002,2025-09-25 23:20:19,Descarga,Web,Recomendados
I001671,U00981,C0317,2025-08-25 01:16:55,Quitar de mi lista,Web,Inicio
I001672,U00981,C0200,2025-09-03 21:10:51,Compartir,Web,Recomendados
I001673,U00981,C0186,2025-10-05 19:29:10,Agregar a mi lista,Web,Recomendados
I001674,U00981,C0201,2025-10-14 20:13:02,Me gusta,Web,Recomendados
I001675,U00981,C0012,2025-09-07 13:32:57,Clic recomendación,Web,Recomendados
I001676,U00092,C0343,2025-06-14 21:13:18,Descarga,App,Recomendados
I001677,U00092,C0207,2025-12-10 18:35:07,Descarga,App,Recomendados
I001678,U00092,C0171,2025-04-08 16:53:45,Compartir,App,Recomendados
I001679,U00092,C0351,2025-12-23 22:21:00,Clic recomendación,App,Recomendados
I001680,U00092,C0010,2025-02-12 22:52:39,Agregar a mi lista,App,Continuar viendo
I001681,U00092,C0341,2025-08-12 22:24:26,Clic recomendación,App,Recomendados
I001682,U00912,C0060,2025-09-18 18:04:41,Clic recomendación,App,Inicio
I001683,U00112,C0007,2025-01-18 05:05:08,Me gusta,Web,Inicio
I001684,U01109,C0099,2025-08-26 17:02:47,Agregar a mi lista,Web,Recomendados
I001685,U01109,C0267,2025-09-16 23:45:59,Descarga,App,Recomendados
I001686,U01109,C0068,2025-09-11 04:37:33,Agregar a mi lista,App,Inicio
I001687,U01109,C0103,2025-10-27 16:51:52,Agregar a mi lista,App,Continuar viendo
I001688,U00385,C0218,2025-02-06 18:47:06,Me gusta,Web,Recomendados
I001689,U00385,C0143,2025-08-05 23:03:10,Agregar a mi lista,Web,Recomendados
I001690,U00385,C0116,2025-09-15 21:47:19,Compartir,Web,Recomendados
I001691,U00200,C0147,2025-12-24 16:26:31,Quitar de mi lista,App,Recomendados
I001692,U00200,C0367,2025-12-22 06:20:17,Clic recomendación,App,Recomendados
I001693,U00608,C0102,2025-12-24 21:56:44,Clic recomendación,Web,Recomendados
I001694,U00608,C0363,2025-10-02 16:30:40,Agregar a mi lista,Web,Tendencias
I001695,U00608,C0253,2025-09-07 20:22:15,Descarga,Web,Búsqueda
I001696,U00608,C0155,2025-09-15 18:46:10,Me gusta,Web,Búsqueda
I001697,U00608,C0393,2025-12-21 21:25:55,Clic recomendación,Web,Recomendados
I001698,U00608,C0206,2025-09-09 22:12:44,Clic recomendación,App,Tendencias
I001699,U00608,C0126,2025-09-17 17:25:31,Clic recomendación,Web,Recomendados
I001700,U00608,C0324,2025-10-30 13:02:30,Me gusta,App,Inicio
I001701,U00608,C0195,2025-10-16 01:13:28,Clic recomendación,Web,Recomendados
I001702,U00608,C0294,2025-09-22 21:57:28,Compartir,App,Búsqueda
I001703,U00608,C0196,2025-10-07 19:03:36,Me gusta,App,Recomendados
I001704,U00608,C0131,2025-10-14 23:40:36,Descarga,Web,Inicio
I001705,U01276,C0375,2025-04-15 21:06:28,Me gusta,App,Tendencias
I001706,U01276,C0221,2025-05-18 17:24:41,Agregar a mi lista,App,Continuar viendo
I001707,U01276,C0262,2025-05-18 20:13:58,Descarga,App,Inicio
I001708,U01489,C0239,2025-01-27 20:30:30,Agregar a mi lista,App,Inicio
I001709,U01489,C0346,2025-01-12 14:12:05,Descarga,App,Continuar viendo
I001710,U01489,C0193,2025-10-24 10:59:35,Agregar a mi lista,App,Inicio
I001711,U01297,C0208,2025-11-04 18:25:03,Descarga,App,Recomendados
I001712,U01297,C0409,2025-11-22 07:14:14,Agregar a mi lista,App,Continuar viendo
I001713,U01057,C0357,2025-06-01 10:23:12,Agregar a mi lista,App,Inicio
I001714,U01057,C0394,2025-10-28 18:26:53,Agregar a mi lista,App,Tendencias
I001715,U01057,C0291,2025-11-17 16:31:10,Descarga,App,Continuar viendo
I001716,U01057,C0135,2025-08-23 06:12:19,Clic recomendación,App,Inicio
I001717,U01057,C0302,2025-12-29 08:25:16,Agregar a mi lista,App,Búsqueda
I001718,U01057,C0023,2025-04-13 21:09:49,Quitar de mi lista,App,Inicio
I001719,U01057,C0384,2025-03-08 21:15:12,Me gusta,App,Recomendados
I001720,U01057,C0274,2025-02-11 21:20:58,Me gusta,App,Tendencias
I001721,U01138,C0207,2025-03-12 19:14:40,Me gusta,Web,Recomendados
I001722,U01138,C0348,2025-05-01 11:13:25,Clic recomendación,App,Tendencias
I001723,U01138,C0140,2025-06-11 19:25:27,Me gusta,App,Inicio
I001724,U01037,C0018,2025-10-10 14:57:45,Me gusta,Web,Inicio
I001725,U01037,C0042,2025-12-27 18:46:19,Me gusta,Web,Inicio
I001726,U01037,C0252,2025-11-20 00:35:42,Me gusta,Web,Inicio
I001727,U01037,C0145,2025-10-14 13:35:52,Clic recomendación,Web,Recomendados
I001728,U01037,C0204,2025-09-22 21:37:44,Compartir,Web,Tendencias
I001729,U01037,C0278,2025-09-17 10:29:42,Agregar a mi lista,Web,Tendencias
I001730,U00984,C0075,2025-08-13 14:50:20,Compartir,App,Recomendados
I001731,U00984,C0249,2025-03-20 18:33:34,Clic recomendación,App,Inicio
I001732,U00774,C0006,2025-05-11 17:33:13,Agregar a mi lista,Web,Tendencias
I001733,U00774,C0272,2025-01-29 05:01:37,Me gusta,Web,Recomendados
I001734,U00774,C0184,2025-11-14 18:58:19,No me gusta,App,Inicio
I001735,U00774,C0206,2025-10-21 22:51:11,No me gusta,Web,Recomendados
I001736,U00774,C0366,2025-01-05 22:45:42,Agregar a mi lista,Web,Recomendados
I001737,U00774,C0125,2025-06-10 19:50:12,Agregar a mi lista,Web,Tendencias
I001738,U00774,C0273,2025-12-12 11:14:14,Me gusta,App,Tendencias
I001739,U00774,C0420,2025-11-23 12:38:05,Quitar de mi lista,Web,Búsqueda
I001740,U00408,C0325,2025-02-11 21:25:58,Me gusta,Web,Tendencias
I001741,U00408,C0023,2025-09-07 19:06:56,Compartir,App,Tendencias
I001742,U00408,C0302,2025-04-03 13:57:07,Agregar a mi lista,App,Inicio
I001743,U00408,C0231,2025-05-15 13:16:33,Clic recomendación,App,Recomendados
I001744,U00202,C0124,2025-01-17 18:28:41,Clic recomendación,Web,Inicio
I001745,U00202,C0080,2025-02-03 12:03:43,Descarga,Web,Recomendados
I001746,U00202,C0152,2025-01-22 21:17:30,Descarga,App,Búsqueda
I001747,U00166,C0322,2025-01-08 12:59:15,Clic recomendación,App,Recomendados
I001748,U00166,C0179,2025-01-08 22:22:39,Agregar a mi lista,App,Búsqueda
I001749,U00166,C0261,2025-01-02 22:39:27,Me gusta,App,Continuar viendo
I001750,U00166,C0112,2025-01-01 09:19:44,Agregar a mi lista,App,Recomendados
I001751,U00166,C0411,2025-01-04 22:42:54,Clic recomendación,App,Tendencias
I001752,U00290,C0188,2025-03-27 00:02:30,Clic recomendación,App,Recomendados
I001753,U00290,C0248,2025-02-12 20:04:13,Compartir,App,Recomendados
I001754,U00290,C0128,2025-05-21 13:27:58,Quitar de mi lista,App,Recomendados
I001755,U00290,C0288,2025-10-01 22:27:17,Clic recomendación,App,Recomendados
I001756,U00290,C0352,2025-02-26 08:28:51,Clic recomendación,App,Recomendados
I001757,U00290,C0096,2025-09-23 17:34:48,No me gusta,App,Recomendados
I001758,U00371,C0254,2025-08-17 08:11:48,Clic recomendación,Web,Recomendados
I001759,U00371,C0021,2025-10-27 22:10:35,Compartir,App,Tendencias
I001760,U00371,C0247,2025-12-16 14:02:48,Clic recomendación,Web,Recomendados
I001761,U00371,C0218,2025-07-27 21:05:26,Me gusta,Web,Inicio
I001762,U00371,C0413,2025-08-08 15:43:51,Clic recomendación,App,Recomendados
I001763,U00371,C0205,2025-08-27 18:51:26,Agregar a mi lista,App,Recomendados
I001764,U00371,C0107,2025-09-08 20:08:03,Agregar a mi lista,Web,Recomendados
I001765,U00371,C0413,2025-04-16 23:45:46,No me gusta,App,Recomendados
I001766,U00371,C0091,2025-08-20 22:18:58,Me gusta,Web,Continuar viendo
I001767,U00371,C0068,2025-08-15 21:57:42,Me gusta,App,Recomendados
I001768,U00241,C0143,2025-12-08 18:47:59,Compartir,App,Inicio
I001769,U00241,C0218,2025-12-25 21:49:54,Agregar a mi lista,App,Recomendados
I001770,U00241,C0092,2025-12-17 11:24:24,Clic recomendación,Web,Recomendados
I001771,U01039,C0179,2025-02-02 17:24:06,Compartir,Web,Recomendados
I001772,U01039,C0130,2025-01-09 12:55:48,Quitar de mi lista,Web,Búsqueda
I001773,U01039,C0037,2025-09-13 18:48:25,Compartir,Web,Continuar viendo
I001774,U01039,C0408,2025-11-26 19:36:07,Clic recomendación,Web,Recomendados
I001775,U01039,C0253,2025-11-02 20:49:59,Descarga,Web,Recomendados
I001776,U01039,C0274,2025-06-11 22:06:19,Agregar a mi lista,Web,Recomendados
I001777,U00222,C0231,2025-08-29 22:01:28,Agregar a mi lista,Web,Continuar viendo
I001778,U00748,C0394,2025-07-28 22:14:41,Clic recomendación,Web,Recomendados
I001779,U00748,C0052,2025-10-06 19:49:40,Agregar a mi lista,Web,Continuar viendo
I001780,U00748,C0375,2025-12-17 02:23:18,Agregar a mi lista,Web,Inicio
I001781,U00748,C0214,2025-11-30 21:33:00,Me gusta,Web,Búsqueda
I001782,U00748,C0263,2025-08-25 22:29:09,Descarga,Web,Inicio
I001783,U00748,C0066,2025-11-01 18:31:35,Compartir,Web,Continuar viendo
I001784,U00748,C0206,2025-11-14 22:09:26,Quitar de mi lista,Web,Inicio
I001785,U00748,C0259,2025-07-30 15:26:47,Me gusta,Web,Continuar viendo
I001786,U00926,C0046,2025-10-22 19:30:00,Clic recomendación,Web,Tendencias
I001787,U00926,C0263,2025-11-20 20:46:21,Me gusta,Web,Recomendados
I001788,U00926,C0358,2025-05-01 23:09:34,Agregar a mi lista,Web,Recomendados
I001789,U00926,C0034,2025-03-04 06:41:58,Clic recomendación,Web,Recomendados
I001790,U00926,C0346,2025-05-12 15:54:14,Clic recomendación,Web,Recomendados
I001791,U00926,C0281,2025-05-15 21:25:09,Agregar a mi lista,Web,Continuar viendo
I001792,U00853,C0118,2025-11-13 22:24:10,Quitar de mi lista,App,Continuar viendo
I001793,U00853,C0204,2025-05-28 23:38:11,Clic recomendación,Web,Inicio
I001794,U00516,C0202,2025-11-11 02:00:59,Clic recomendación,App,Inicio
I001795,U00516,C0354,2025-06-15 19:28:35,Clic recomendación,App,Recomendados
I001796,U00516,C0391,2025-07-09 16:27:52,Quitar de mi lista,App,Recomendados
I001797,U00516,C0093,2025-04-23 02:18:32,Clic recomendación,Web,Recomendados
I001798,U00516,C0366,2025-12-13 21:57:52,Compartir,App,Recomendados
I001799,U01372,C0327,2025-02-22 19:26:22,Descarga,Web,Inicio
I001800,U01372,C0249,2025-01-07 18:27:30,Clic recomendación,Web,Inicio
I001801,U01372,C0329,2025-02-24 17:39:25,Clic recomendación,Web,Recomendados
I001802,U01372,C0029,2025-02-16 19:15:43,Clic recomendación,Web,Recomendados
I001803,U00009,C0217,2025-01-19 23:47:53,Me gusta,Web,Recomendados
I001804,U00009,C0110,2025-03-15 08:57:12,Compartir,App,Tendencias
I001805,U00009,C0065,2025-11-16 21:34:27,Me gusta,App,Recomendados
I001806,U00009,C0247,2025-08-31 21:30:01,Clic recomendación,App,Recomendados
I001807,U00009,C0137,2025-12-13 17:31:32,Clic recomendación,Web,Recomendados
I001808,U00345,C0396,2025-03-31 21:38:12,Compartir,App,Tendencias
I001809,U00345,C0020,2025-01-30 19:06:29,Clic recomendación,App,Recomendados
I001810,U00345,C0138,2025-08-09 12:39:38,Clic recomendación,App,Recomendados
I001811,U00345,C0315,2025-02-12 13:07:50,Clic recomendación,App,Recomendados
I001812,U00345,C0051,2025-11-30 01:13:53,Clic recomendación,App,Recomendados
I001813,U00345,C0101,2025-12-26 20:10:03,Compartir,App,Recomendados
I001814,U00345,C0348,2025-01-12 20:39:09,Agregar a mi lista,App,Recomendados
I001815,U00345,C0237,2025-01-31 21:54:24,Clic recomendación,App,Inicio
I001816,U00345,C0042,2025-10-03 20:07:32,Compartir,App,Continuar viendo
I001817,U00345,C0313,2025-01-17 18:10:04,Agregar a mi lista,App,Recomendados
I001818,U00231,C0058,2025-06-05 22:10:36,Agregar a mi lista,App,Inicio
I001819,U00231,C0035,2025-11-09 16:28:26,Agregar a mi lista,App,Recomendados
I001820,U00373,C0289,2025-11-03 22:50:43,Clic recomendación,App,Inicio
I001821,U00373,C0167,2025-06-10 14:30:35,Agregar a mi lista,App,Continuar viendo
I001822,U00373,C0408,2025-04-23 15:57:26,Me gusta,App,Continuar viendo
I001823,U00373,C0131,2025-05-26 21:33:57,Compartir,App,Recomendados
I001824,U00105,C0368,2025-12-10 20:22:57,Me gusta,Web,Recomendados
I001825,U00105,C0040,2025-09-30 17:32:32,Agregar a mi lista,App,Continuar viendo
I001826,U00105,C0035,2025-10-19 15:06:06,Clic recomendación,Web,Recomendados
I001827,U00105,C0397,2025-11-11 22:11:46,Me gusta,Web,Búsqueda
I001828,U00105,C0197,2025-12-11 18:17:34,Clic recomendación,App,Recomendados
I001829,U01327,C0210,2025-02-10 13:26:54,Agregar a mi lista,App,Continuar viendo
I001830,U01327,C0244,2025-03-30 07:00:43,Descarga,App,Recomendados
I001831,U01117,C0220,2025-06-26 23:55:25,Me gusta,App,Continuar viendo
I001832,U00370,C0407,2025-03-05 23:33:38,Clic recomendación,App,Recomendados
I001833,U00370,C0191,2025-06-21 14:57:53,Compartir,Web,Recomendados
I001834,U00370,C0127,2025-01-24 20:39:26,Agregar a mi lista,Web,Continuar viendo
I001835,U00370,C0245,2025-03-17 09:41:38,Compartir,Web,Recomendados
I001836,U00370,C0066,2025-11-10 08:58:50,Agregar a mi lista,App,Recomendados
I001837,U00370,C0181,2025-10-11 20:31:43,Clic recomendación,App,Recomendados
I001838,U00370,C0344,2025-06-02 19:06:32,Quitar de mi lista,App,Inicio
I001839,U00370,C0314,2025-06-25 00:43:40,Me gusta,App,Continuar viendo
I001840,U00370,C0277,2025-05-22 07:56:21,Compartir,App,Tendencias
I001841,U00370,C0251,2025-06-19 00:02:00,Clic recomendación,Web,Recomendados
I001842,U00370,C0290,2025-11-27 20:30:34,Clic recomendación,Web,Tendencias
I001843,U00370,C0248,2025-07-22 23:20:43,Agregar a mi lista,Web,Búsqueda
I001844,U00673,C0154,2025-06-27 23:20:52,Compartir,Web,Inicio
I001845,U00673,C0414,2025-03-14 16:14:51,Agregar a mi lista,Web,Búsqueda
I001846,U01393,C0065,2025-05-08 11:24:48,Clic recomendación,Web,Recomendados
I001847,U01393,C0153,2025-08-06 23:58:38,Me gusta,Web,Recomendados
I001848,U01352,C0386,2025-07-12 20:53:27,Quitar de mi lista,App,Recomendados
I001849,U01352,C0047,2025-10-10 09:49:30,No me gusta,App,Inicio
I001850,U01352,C0176,2025-06-05 11:34:44,Agregar a mi lista,App,Tendencias
I001851,U01352,C0037,2025-05-02 16:35:57,Clic recomendación,App,Recomendados
I001852,U01352,C0414,2025-11-15 23:08:16,Compartir,App,Continuar viendo
I001853,U00621,C0326,2025-09-08 09:07:30,Compartir,App,Continuar viendo
I001854,U00050,C0034,2025-11-22 19:51:11,Clic recomendación,App,Recomendados
I001855,U00050,C0137,2025-08-13 19:16:56,Descarga,App,Tendencias
I001856,U00050,C0229,2025-10-08 21:54:06,Agregar a mi lista,App,Inicio
I001857,U00050,C0028,2025-04-22 18:07:36,Agregar a mi lista,App,Búsqueda
I001858,U00050,C0315,2025-11-23 00:16:50,Clic recomendación,App,Recomendados
I001859,U00050,C0058,2025-05-24 22:42:38,Compartir,App,Recomendados
I001860,U00050,C0326,2025-08-12 23:18:10,Clic recomendación,App,Inicio
I001861,U00050,C0031,2025-08-06 21:34:40,Agregar a mi lista,App,Inicio
I001862,U00050,C0171,2025-10-17 16:19:02,Quitar de mi lista,App,Tendencias
I001863,U00050,C0112,2025-02-14 16:56:03,Me gusta,App,Inicio
I001864,U00554,C0398,2025-04-26 16:07:56,Agregar a mi lista,App,Búsqueda
I001865,U00554,C0150,2025-02-27 16:40:37,Me gusta,App,Tendencias
I001866,U00554,C0206,2025-01-06 21:09:26,Me gusta,App,Búsqueda
I001867,U00554,C0068,2025-07-16 17:20:46,Agregar a mi lista,App,Búsqueda
I001868,U00554,C0310,2025-03-28 09:38:59,Me gusta,App,Inicio
I001869,U00554,C0163,2025-08-11 17:38:18,No me gusta,App,Búsqueda
I001870,U00554,C0170,2025-08-13 23:36:55,Agregar a mi lista,App,Búsqueda
I001871,U00554,C0343,2025-01-14 20:49:00,Descarga,App,Inicio
I001872,U00204,C0035,2025-12-30 18:29:01,Agregar a mi lista,App,Continuar viendo
I001873,U00204,C0369,2025-10-09 09:49:26,Descarga,App,Inicio
I001874,U00204,C0320,2025-10-13 18:34:21,Clic recomendación,App,Recomendados
I001875,U00204,C0106,2025-09-13 22:54:33,Me gusta,App,Continuar viendo
I001876,U00204,C0232,2025-06-29 14:40:35,Quitar de mi lista,App,Recomendados
I001877,U00204,C0330,2025-11-01 22:19:08,Clic recomendación,App,Inicio
I001878,U00920,C0075,2025-11-09 20:58:21,Agregar a mi lista,Web,Recomendados
I001879,U00920,C0265,2025-09-30 06:41:20,Clic recomendación,App,Inicio
I001880,U00920,C0044,2025-12-31 15:04:23,Clic recomendación,Web,Recomendados
I001881,U00681,C0273,2025-03-27 23:47:43,No me gusta,App,Búsqueda
I001882,U00681,C0138,2025-08-17 19:12:00,Me gusta,App,Búsqueda
I001883,U00681,C0189,2025-01-13 19:45:53,Agregar a mi lista,App,Continuar viendo
I001884,U00681,C0169,2025-02-14 12:18:04,Clic recomendación,App,Inicio
I001885,U00681,C0365,2025-03-18 12:30:35,Clic recomendación,App,Inicio
I001886,U00681,C0419,2025-03-25 22:13:16,Agregar a mi lista,App,Inicio
I001887,U00681,C0201,2025-09-22 15:39:02,Agregar a mi lista,App,Recomendados
I001888,U00681,C0062,2025-04-17 21:13:56,Descarga,App,Búsqueda
I001889,U00681,C0020,2025-06-07 21:24:29,Agregar a mi lista,App,Continuar viendo
I001890,U00681,C0407,2025-09-15 19:04:29,Me gusta,App,Inicio
I001891,U00681,C0285,2025-04-24 20:23:56,Clic recomendación,App,Inicio
I001892,U00681,C0204,2025-02-03 22:25:54,Quitar de mi lista,App,Recomendados
I001893,U00842,C0275,2025-02-21 08:19:38,Me gusta,App,Recomendados
I001894,U00842,C0328,2025-09-02 12:03:44,Quitar de mi lista,App,Continuar viendo
I001895,U00842,C0287,2025-02-20 00:28:18,Clic recomendación,App,Recomendados
I001896,U00085,C0249,2025-12-21 09:35:33,Clic recomendación,App,Recomendados
I001897,U00085,C0371,2025-12-12 19:17:06,Compartir,App,Continuar viendo
I001898,U00085,C0147,2025-07-01 09:13:28,Descarga,App,Continuar viendo
I001899,U00085,C0183,2025-06-07 20:58:55,Agregar a mi lista,App,Búsqueda
I001900,U00085,C0140,2025-10-22 10:48:36,Me gusta,App,Inicio
I001901,U00085,C0291,2025-05-27 21:16:07,Clic recomendación,App,Recomendados
I001902,U00085,C0109,2025-10-26 16:28:00,Descarga,App,Recomendados
I001903,U00085,C0350,2025-07-27 21:57:11,Agregar a mi lista,App,Continuar viendo
I001904,U00085,C0370,2025-08-13 18:26:37,Descarga,App,Tendencias
I001905,U00085,C0254,2025-11-03 10:05:37,Compartir,App,Recomendados
I001906,U00085,C0359,2025-09-18 23:08:55,Agregar a mi lista,App,Tendencias
I001907,U00085,C0176,2025-09-28 16:22:49,Agregar a mi lista,App,Continuar viendo
I001908,U00897,C0345,2025-12-24 16:07:43,Agregar a mi lista,App,Tendencias
I001909,U00897,C0380,2025-06-22 14:44:53,Descarga,App,Continuar viendo
I001910,U00384,C0292,2025-11-07 20:10:12,Agregar a mi lista,App,Continuar viendo
I001911,U00384,C0404,2025-02-27 17:27:09,Clic recomendación,App,Recomendados
I001912,U00384,C0203,2025-03-16 21:35:38,No me gusta,App,Inicio
I001913,U00384,C0048,2025-02-22 19:49:47,Descarga,App,Búsqueda
I001914,U00384,C0372,2025-03-08 20:55:51,Descarga,App,Recomendados
I001915,U00384,C0293,2025-02-19 00:57:39,Descarga,App,Continuar viendo
I001916,U00384,C0144,2025-11-06 09:25:45,Compartir,App,Tendencias
I001917,U00384,C0125,2025-11-29 16:38:17,Clic recomendación,App,Recomendados
I001918,U00384,C0363,2025-03-27 22:09:06,Agregar a mi lista,App,Búsqueda
I001919,U00384,C0343,2025-02-10 18:53:22,Me gusta,App,Búsqueda
I001920,U00743,C0393,2025-10-22 03:02:03,Clic recomendación,App,Inicio
I001921,U00743,C0017,2025-12-24 20:12:38,Me gusta,App,Tendencias
I001922,U00743,C0374,2025-05-19 18:09:50,Me gusta,App,Inicio
I001923,U00743,C0123,2025-05-03 18:16:07,Clic recomendación,App,Inicio
I001924,U00743,C0115,2025-12-06 17:40:43,Clic recomendación,App,Recomendados
I001925,U00743,C0305,2025-09-16 15:57:47,Agregar a mi lista,App,Recomendados
I001926,U01341,C0065,2025-12-28 19:55:06,Clic recomendación,Web,Inicio
I001927,U01341,C0019,2025-03-02 02:28:32,Quitar de mi lista,Web,Búsqueda
I001928,U01341,C0343,2025-05-17 11:42:34,Descarga,Web,Recomendados
I001929,U01341,C0169,2025-06-29 15:27:03,Descarga,Web,Inicio
I001930,U01341,C0039,2025-10-11 22:25:52,Compartir,Web,Recomendados
I001931,U01341,C0128,2025-02-14 14:44:16,Clic recomendación,Web,Recomendados
I001932,U00066,C0096,2025-07-19 20:10:40,Clic recomendación,App,Inicio
I001933,U00066,C0094,2025-03-05 20:43:46,Clic recomendación,App,Recomendados
I001934,U00066,C0121,2025-01-17 20:34:20,Clic recomendación,Web,Inicio
I001935,U00066,C0140,2025-01-08 11:28:29,Me gusta,Web,Continuar viendo
I001936,U00066,C0152,2025-08-18 22:29:14,Compartir,Web,Recomendados
I001937,U00066,C0232,2025-08-24 13:59:12,Me gusta,App,Recomendados
I001938,U00066,C0111,2025-02-08 23:15:46,Descarga,Web,Inicio
I001939,U00066,C0266,2025-04-06 12:45:08,Clic recomendación,App,Recomendados
I001940,U00392,C0326,2025-06-13 16:35:01,Clic recomendación,App,Recomendados
I001941,U00392,C0290,2025-05-18 22:10:34,Clic recomendación,App,Recomendados
I001942,U00392,C0062,2025-11-23 12:05:40,Me gusta,App,Inicio
I001943,U00392,C0224,2025-11-27 15:25:48,Clic recomendación,App,Recomendados
I001944,U01058,C0062,2025-03-20 22:08:41,Clic recomendación,App,Tendencias
I001945,U01058,C0262,2025-02-06 22:55:17,Descarga,App,Inicio
I001946,U01058,C0083,2025-04-05 19:40:14,Me gusta,App,Recomendados
I001947,U01058,C0236,2025-01-03 20:25:21,Agregar a mi lista,App,Recomendados
I001948,U01058,C0344,2025-01-18 22:40:44,Agregar a mi lista,App,Continuar viendo
I001949,U01058,C0118,2025-01-11 21:57:51,Compartir,App,Tendencias
I001950,U01058,C0334,2025-01-28 22:35:31,Clic recomendación,App,Recomendados
I001951,U01058,C0016,2025-03-17 15:51:39,Agregar a mi lista,App,Continuar viendo
I001952,U00019,C0230,2025-06-19 11:08:13,Descarga,App,Búsqueda
I001953,U00019,C0159,2025-03-20 13:53:14,Clic recomendación,App,Recomendados
I001954,U00019,C0368,2025-06-16 23:28:47,Compartir,App,Recomendados
I001955,U00302,C0317,2025-05-15 20:44:45,Clic recomendación,App,Recomendados
I001956,U00302,C0013,2025-09-21 14:26:10,Clic recomendación,App,Inicio
I001957,U00302,C0349,2025-10-02 19:06:13,Compartir,App,Búsqueda
I001958,U00302,C0021,2025-10-20 19:27:46,Me gusta,App,Recomendados
I001959,U00302,C0318,2025-04-18 22:07:19,Me gusta,App,Tendencias
I001960,U00302,C0310,2025-06-13 17:53:10,Clic recomendación,App,Tendencias
I001961,U00302,C0219,2025-08-22 20:29:19,Compartir,App,Recomendados
I001962,U00302,C0400,2025-11-04 18:44:31,Me gusta,App,Tendencias
I001963,U00302,C0380,2025-10-25 22:05:49,Clic recomendación,App,Inicio
I001964,U00302,C0301,2025-12-02 19:52:16,Clic recomendación,App,Recomendados
I001965,U00070,C0328,2025-11-02 11:07:33,Quitar de mi lista,App,Continuar viendo
I001966,U00070,C0192,2025-11-26 12:30:43,No me gusta,App,Tendencias
I001967,U00070,C0405,2025-11-02 15:02:50,Clic recomendación,App,Recomendados
I001968,U00070,C0002,2025-10-24 22:27:15,No me gusta,App,Recomendados
I001969,U00070,C0318,2025-11-10 23:36:27,Me gusta,App,Búsqueda
I001970,U00350,C0265,2025-05-13 22:30:53,Agregar a mi lista,Web,Continuar viendo
I001971,U00350,C0408,2025-11-07 00:44:51,Compartir,Web,Tendencias
I001972,U00350,C0105,2025-02-07 03:16:24,Compartir,Web,Recomendados
I001973,U00816,C0373,2025-04-09 21:02:16,Me gusta,App,Búsqueda
I001974,U00816,C0323,2025-02-06 01:09:56,Clic recomendación,App,Recomendados
I001975,U00816,C0395,2025-08-21 07:36:20,Agregar a mi lista,App,Búsqueda
I001976,U00571,C0310,2025-03-12 07:33:11,Clic recomendación,Web,Inicio
I001977,U00136,C0268,2025-08-11 22:34:27,Clic recomendación,Web,Recomendados
I001978,U00136,C0130,2025-10-16 22:24:38,Clic recomendación,Web,Recomendados
I001979,U00136,C0141,2025-06-04 23:41:39,Me gusta,Web,Inicio
I001980,U00136,C0283,2025-08-15 15:23:34,Descarga,Web,Búsqueda
I001981,U00136,C0149,2025-12-25 20:58:39,Agregar a mi lista,Web,Inicio
I001982,U00136,C0225,2025-11-07 19:26:15,Me gusta,Web,Recomendados
I001983,U00025,C0284,2025-01-31 18:33:27,Clic recomendación,Web,Inicio
I001984,U00025,C0133,2025-03-04 21:50:47,Clic recomendación,Web,Recomendados
I001985,U00025,C0006,2025-01-24 19:39:25,Me gusta,App,Búsqueda
I001986,U00025,C0399,2025-01-01 21:36:25,Agregar a mi lista,App,Recomendados
I001987,U00025,C0284,2025-03-29 20:45:21,Me gusta,App,Continuar viendo
I001988,U00025,C0379,2025-01-18 19:22:28,Clic recomendación,Web,Inicio
I001989,U00025,C0247,2025-01-17 00:13:06,Clic recomendación,Web,Recomendados
I001990,U00025,C0142,2025-02-06 21:34:39,Compartir,App,Búsqueda
I001991,U00935,C0041,2025-12-04 10:48:25,Clic recomendación,Web,Recomendados
I001992,U00935,C0353,2025-04-11 17:24:33,Descarga,Web,Tendencias
I001993,U00935,C0133,2025-02-08 01:48:00,Me gusta,Web,Búsqueda
I001994,U00406,C0023,2025-11-21 21:44:01,Compartir,App,Tendencias
I001995,U00406,C0333,2025-12-25 19:48:11,Clic recomendación,App,Recomendados
I001996,U00406,C0312,2025-07-30 15:33:12,Me gusta,App,Recomendados
I001997,U00406,C0343,2025-06-26 01:50:11,Clic recomendación,App,Inicio
I001998,U00406,C0195,2025-05-27 09:32:23,No me gusta,App,Continuar viendo
I001999,U00406,C0346,2025-03-20 21:58:52,Agregar a mi lista,App,Inicio
I002000,U00488,C0267,2025-11-01 21:48:34,Me gusta,App,Tendencias
I002001,U00488,C0271,2025-09-08 20:27:30,Clic recomendación,App,Recomendados
I002002,U00488,C0087,2025-04-25 19:16:21,Me gusta,Web,Inicio
I002003,U00488,C0231,2025-06-12 16:20:47,Agregar a mi lista,App,Tendencias
I002004,U01442,C0266,2025-10-22 23:41:41,Me gusta,Web,Recomendados
I002005,U01442,C0329,2025-12-07 22:53:19,Descarga,Web,Búsqueda
I002006,U01442,C0155,2025-05-18 19:42:01,Agregar a mi lista,Web,Continuar viendo
I002007,U01442,C0038,2025-04-17 09:36:51,Clic recomendación,Web,Recomendados
I002008,U01442,C0134,2025-05-01 20:30:29,Me gusta,App,Recomendados
I002009,U01442,C0099,2025-04-14 23:52:54,Me gusta,Web,Recomendados
I002010,U01442,C0394,2025-02-12 00:33:35,Agregar a mi lista,Web,Inicio
I002011,U01442,C0295,2025-10-25 21:16:36,Descarga,Web,Inicio
I002012,U01442,C0011,2025-09-26 17:01:19,Descarga,App,Búsqueda
I002013,U01442,C0319,2025-12-22 20:24:24,Clic recomendación,App,Tendencias
I002014,U01019,C0297,2025-11-11 23:44:41,Agregar a mi lista,App,Continuar viendo
I002015,U01019,C0105,2025-12-07 16:41:21,Compartir,App,Recomendados
I002016,U01019,C0129,2025-01-24 15:13:52,Agregar a mi lista,App,Continuar viendo
I002017,U01019,C0365,2025-08-29 18:12:30,Agregar a mi lista,App,Tendencias
I002018,U00506,C0153,2025-03-16 12:04:29,Agregar a mi lista,App,Búsqueda
I002019,U00506,C0333,2025-10-17 00:15:54,Clic recomendación,App,Recomendados
I002020,U01500,C0058,2025-05-03 05:33:25,Clic recomendación,App,Inicio
I002021,U01500,C0354,2025-12-16 00:04:32,No me gusta,App,Búsqueda
I002022,U01500,C0031,2025-12-25 19:01:48,Clic recomendación,App,Recomendados
I002023,U01500,C0325,2025-12-07 23:33:40,Clic recomendación,App,Recomendados
I002024,U00056,C0238,2025-11-10 19:21:02,Agregar a mi lista,App,Recomendados
I002025,U00056,C0095,2025-09-22 19:11:57,Clic recomendación,App,Recomendados
I002026,U00056,C0117,2025-09-27 21:30:18,Descarga,App,Inicio
I002027,U00056,C0322,2025-11-05 21:10:48,Compartir,App,Inicio
I002028,U00056,C0305,2025-10-16 04:23:23,Me gusta,App,Continuar viendo
I002029,U00056,C0251,2025-09-14 19:25:11,Clic recomendación,App,Inicio
I002030,U00056,C0343,2025-09-19 16:29:44,Agregar a mi lista,App,Inicio
I002031,U00056,C0304,2025-11-08 19:27:49,Clic recomendación,App,Recomendados
I002032,U01403,C0324,2025-12-15 22:05:10,Descarga,Web,Tendencias
I002033,U01403,C0164,2025-01-28 19:40:33,Agregar a mi lista,Web,Recomendados
I002034,U01403,C0364,2025-05-01 18:44:56,Agregar a mi lista,Web,Recomendados
I002035,U01403,C0340,2025-09-09 14:33:44,No me gusta,Web,Búsqueda
I002036,U01403,C0321,2025-02-03 14:02:34,Agregar a mi lista,Web,Búsqueda
I002037,U01403,C0218,2025-08-19 13:29:38,Clic recomendación,Web,Inicio
I002038,U01403,C0087,2025-08-16 21:51:41,Agregar a mi lista,App,Continuar viendo
I002039,U01403,C0264,2025-04-21 08:03:50,Me gusta,App,Inicio
I002040,U01403,C0191,2025-09-25 19:18:15,Me gusta,Web,Recomendados
I002041,U01403,C0116,2025-10-14 22:34:27,Compartir,App,Continuar viendo
I002042,U01403,C0224,2025-02-22 20:19:59,Clic recomendación,Web,Recomendados
I002043,U01403,C0293,2025-04-14 19:19:36,Me gusta,Web,Recomendados
I002044,U00229,C0387,2025-09-07 22:07:54,Compartir,App,Inicio
I002045,U00229,C0148,2025-11-13 21:51:55,No me gusta,App,Búsqueda
I002046,U00229,C0105,2025-08-05 20:43:48,Me gusta,App,Búsqueda
I002047,U00229,C0017,2025-06-07 23:50:05,Agregar a mi lista,App,Inicio
I002048,U00229,C0039,2025-03-08 22:13:00,Me gusta,App,Recomendados
I002049,U00209,C0231,2025-10-31 20:53:39,Clic recomendación,App,Recomendados
I002050,U00209,C0373,2025-09-28 20:58:13,Agregar a mi lista,App,Tendencias
I002051,U01484,C0045,2025-08-30 10:23:44,Agregar a mi lista,Web,Continuar viendo
I002052,U01484,C0280,2025-08-25 05:35:26,Clic recomendación,App,Recomendados
I002053,U01484,C0208,2025-09-22 12:20:02,Descarga,Web,Continuar viendo
I002054,U01484,C0289,2025-11-19 02:18:30,Me gusta,App,Recomendados
I002055,U00016,C0048,2025-02-16 21:19:43,Clic recomendación,Web,Inicio
I002056,U00016,C0370,2025-02-22 17:25:47,Agregar a mi lista,App,Tendencias
I002057,U00016,C0364,2025-08-05 19:49:41,Agregar a mi lista,Web,Inicio
I002058,U00800,C0087,2025-07-12 22:01:51,Me gusta,App,Inicio
I002059,U00800,C0097,2025-04-21 21:23:37,Clic recomendación,Web,Recomendados
I002060,U00800,C0022,2025-01-06 21:22:11,Clic recomendación,Web,Inicio
I002061,U00800,C0278,2025-04-14 18:45:16,Agregar a mi lista,App,Recomendados
I002062,U00800,C0111,2025-05-10 21:33:59,Agregar a mi lista,Web,Recomendados
I002063,U00800,C0396,2025-02-02 23:11:57,Me gusta,Web,Continuar viendo
I002064,U00800,C0161,2025-04-20 20:40:55,Agregar a mi lista,Web,Inicio
I002065,U00800,C0289,2025-10-04 00:44:49,Clic recomendación,App,Recomendados
I002066,U00800,C0252,2025-01-18 21:16:47,Clic recomendación,Web,Recomendados
I002067,U00800,C0214,2025-03-24 21:35:01,Me gusta,App,Recomendados
I002068,U00143,C0131,2025-01-24 02:10:03,Me gusta,App,Inicio
I002069,U00143,C0225,2025-07-10 08:10:17,Agregar a mi lista,App,Inicio
I002070,U00143,C0266,2025-03-29 02:40:17,Agregar a mi lista,App,Recomendados
I002071,U00143,C0111,2025-06-09 20:14:21,No me gusta,App,Inicio
I002072,U00441,C0205,2025-11-26 08:34:35,Descarga,Web,Recomendados
I002073,U00441,C0309,2025-07-08 12:04:56,Clic recomendación,Web,Recomendados
I002074,U00441,C0334,2025-05-11 05:00:40,Descarga,Web,Tendencias
I002075,U00726,C0284,2025-01-11 08:25:39,Agregar a mi lista,App,Tendencias
I002076,U00726,C0030,2025-02-08 08:44:01,Clic recomendación,App,Recomendados
I002077,U00726,C0323,2025-03-30 23:33:29,Clic recomendación,Web,Recomendados
I002078,U00726,C0022,2025-05-08 17:28:20,Clic recomendación,Web,Inicio
I002079,U00726,C0368,2025-04-18 10:25:13,Clic recomendación,App,Recomendados
I002080,U00726,C0085,2025-04-02 22:39:44,Me gusta,App,Continuar viendo
I002081,U00684,C0269,2025-09-15 09:41:36,Me gusta,App,Inicio
I002082,U00684,C0357,2025-09-14 23:29:13,Compartir,App,Recomendados
I002083,U00684,C0368,2025-08-12 00:37:40,Agregar a mi lista,App,Recomendados
I002084,U00684,C0011,2025-12-04 23:49:18,Clic recomendación,App,Recomendados
I002085,U00684,C0069,2025-09-13 19:06:36,Clic recomendación,App,Recomendados
I002086,U00684,C0349,2025-07-08 19:21:48,Compartir,App,Inicio
I002087,U00684,C0231,2025-11-03 17:50:30,Me gusta,App,Búsqueda
I002088,U00684,C0250,2025-08-29 12:59:32,Clic recomendación,App,Inicio
I002089,U01023,C0257,2025-12-22 23:53:31,Me gusta,App,Inicio
I002090,U01023,C0335,2025-12-09 09:57:22,Compartir,App,Búsqueda
I002091,U01023,C0029,2025-11-25 16:30:31,Me gusta,App,Inicio
I002092,U01023,C0148,2025-11-17 20:25:05,Agregar a mi lista,App,Continuar viendo
I002093,U01023,C0203,2025-11-07 06:38:02,Clic recomendación,App,Recomendados
I002094,U01023,C0377,2025-12-24 09:38:31,Clic recomendación,App,Recomendados
I002095,U01023,C0024,2025-11-21 21:26:40,No me gusta,App,Continuar viendo
I002096,U01023,C0152,2025-11-12 21:09:29,Clic recomendación,App,Inicio
I002097,U01023,C0327,2025-11-26 19:39:27,Agregar a mi lista,App,Inicio
I002098,U01023,C0214,2025-12-17 19:57:46,Agregar a mi lista,App,Recomendados
I002099,U01105,C0181,2025-12-06 11:35:15,Clic recomendación,App,Recomendados
I002100,U01105,C0389,2025-10-05 23:00:22,No me gusta,App,Continuar viendo
I002101,U01105,C0261,2025-12-01 22:05:39,Descarga,App,Inicio
I002102,U00645,C0002,2025-05-10 19:36:19,Descarga,App,Continuar viendo
I002103,U00645,C0136,2025-03-05 00:19:35,Clic recomendación,App,Recomendados
I002104,U00645,C0402,2025-06-08 11:09:49,No me gusta,App,Continuar viendo
I002105,U00645,C0037,2025-05-17 18:34:06,Me gusta,App,Continuar viendo
I002106,U00819,C0255,2025-05-18 23:34:47,Agregar a mi lista,App,Tendencias
I002107,U00819,C0199,2025-09-01 00:48:21,No me gusta,App,Búsqueda
I002108,U00819,C0046,2025-11-19 21:49:13,Me gusta,App,Continuar viendo
I002109,U00819,C0078,2025-05-21 23:02:49,Clic recomendación,App,Recomendados
I002110,U00819,C0334,2025-01-27 19:23:55,Me gusta,App,Recomendados
I002111,U00233,C0148,2025-04-24 23:35:52,Descarga,App,Tendencias
I002112,U00233,C0310,2025-04-24 21:22:07,Clic recomendación,App,Recomendados
I002113,U00233,C0180,2025-03-11 20:26:31,Clic recomendación,App,Recomendados
I002114,U00233,C0327,2025-08-15 23:01:23,Clic recomendación,App,Tendencias
I002115,U00233,C0324,2025-06-19 21:06:27,Me gusta,App,Inicio
I002116,U00233,C0075,2025-08-11 22:24:48,Clic recomendación,App,Recomendados
I002117,U00233,C0003,2025-04-16 12:37:39,Clic recomendación,App,Inicio
I002118,U00233,C0392,2025-09-23 18:23:53,Clic recomendación,App,Recomendados
I002119,U00233,C0032,2025-08-08 19:41:30,Agregar a mi lista,App,Tendencias
I002120,U00233,C0266,2025-02-16 21:14:40,Clic recomendación,App,Recomendados
I002121,U00793,C0387,2025-12-26 23:02:48,Clic recomendación,Web,Inicio
I002122,U00793,C0132,2025-12-19 13:41:11,No me gusta,App,Recomendados
I002123,U00793,C0337,2025-12-28 22:44:03,Agregar a mi lista,Web,Recomendados
I002124,U01080,C0017,2025-06-08 18:56:50,Clic recomendación,App,Tendencias
I002125,U01080,C0385,2025-09-21 19:52:20,Clic recomendación,App,Recomendados
I002126,U00442,C0086,2025-10-08 17:00:31,No me gusta,App,Recomendados
I002127,U00442,C0059,2025-04-07 17:02:34,Agregar a mi lista,App,Recomendados
I002128,U00442,C0337,2025-11-09 00:17:18,No me gusta,App,Inicio
I002129,U00442,C0393,2025-08-01 22:46:30,Me gusta,App,Recomendados
I002130,U00442,C0339,2025-05-16 20:11:26,Agregar a mi lista,App,Continuar viendo
I002131,U00442,C0092,2025-10-27 23:26:43,Agregar a mi lista,App,Búsqueda
I002132,U00442,C0301,2025-03-24 23:14:19,Me gusta,App,Recomendados
I002133,U00442,C0374,2025-11-14 19:48:27,Me gusta,App,Inicio
I002134,U00442,C0394,2025-01-23 15:15:39,Agregar a mi lista,App,Recomendados
I002135,U00442,C0135,2025-03-28 04:20:08,Clic recomendación,App,Inicio
I002136,U00473,C0156,2025-10-23 16:46:03,Descarga,App,Continuar viendo
I002137,U00473,C0323,2025-12-04 11:05:47,Quitar de mi lista,App,Recomendados
I002138,U00473,C0216,2025-12-11 17:50:39,Clic recomendación,App,Inicio
I002139,U00473,C0036,2025-12-12 11:57:36,Me gusta,App,Tendencias
I002140,U00473,C0384,2025-11-10 07:36:42,Me gusta,App,Recomendados
I002141,U00225,C0116,2025-11-07 17:49:22,Agregar a mi lista,App,Recomendados
I002142,U00225,C0410,2025-07-16 19:28:28,Clic recomendación,App,Inicio
I002143,U00225,C0193,2025-12-09 18:42:10,Clic recomendación,App,Recomendados
I002144,U00225,C0380,2025-12-14 19:07:10,Clic recomendación,App,Recomendados
I002145,U00413,C0393,2025-10-06 21:12:04,Clic recomendación,App,Recomendados
I002146,U00413,C0075,2025-09-14 00:08:57,Quitar de mi lista,App,Inicio
I002147,U00413,C0171,2025-05-05 16:22:09,Clic recomendación,Web,Recomendados
I002148,U00413,C0290,2025-02-28 00:36:29,Agregar a mi lista,App,Recomendados
I002149,U00413,C0137,2025-12-04 23:38:55,No me gusta,App,Búsqueda
I002150,U00413,C0268,2025-03-14 20:58:24,Agregar a mi lista,App,Continuar viendo
I002151,U00413,C0190,2025-03-10 00:10:43,Descarga,App,Tendencias
I002152,U00413,C0131,2025-10-21 11:08:38,Me gusta,Web,Búsqueda
I002153,U00249,C0317,2025-12-29 13:07:17,Clic recomendación,App,Recomendados
I002154,U00249,C0154,2025-10-30 17:50:18,Clic recomendación,App,Inicio
I002155,U00249,C0009,2025-10-07 10:31:49,Me gusta,App,Búsqueda
I002156,U00249,C0093,2025-12-25 05:33:48,Clic recomendación,App,Recomendados
I002157,U00249,C0370,2025-12-26 00:51:10,Clic recomendación,App,Inicio
I002158,U00249,C0131,2025-11-03 00:20:53,Quitar de mi lista,App,Inicio
I002159,U00249,C0124,2025-10-23 22:58:23,Me gusta,Web,Recomendados
I002160,U00249,C0048,2025-10-09 20:43:47,Descarga,Web,Inicio
I002161,U00249,C0001,2025-10-02 16:10:02,Agregar a mi lista,App,Recomendados
I002162,U00249,C0386,2025-11-10 22:50:02,Descarga,Web,Inicio
I002163,U00314,C0279,2025-11-19 15:47:00,Agregar a mi lista,Web,Tendencias
I002164,U00314,C0174,2025-08-08 11:59:35,Clic recomendación,Web,Recomendados
I002165,U00314,C0137,2025-08-14 13:15:49,Clic recomendación,Web,Inicio
I002166,U00186,C0373,2025-12-07 14:48:30,Agregar a mi lista,App,Recomendados
I002167,U00186,C0363,2025-01-19 18:11:00,Me gusta,App,Recomendados
I002168,U00186,C0054,2025-07-30 19:47:01,Me gusta,App,Búsqueda
I002169,U00186,C0354,2025-06-28 19:50:01,Agregar a mi lista,App,Recomendados
I002170,U01350,C0255,2025-02-06 20:54:11,Agregar a mi lista,App,Recomendados
I002171,U01350,C0419,2025-03-30 21:47:49,Agregar a mi lista,App,Búsqueda
I002172,U01350,C0273,2025-10-08 21:40:14,Clic recomendación,App,Inicio
I002173,U01350,C0325,2025-02-21 19:10:12,Descarga,App,Continuar viendo
I002174,U01350,C0011,2025-09-08 19:52:19,Clic recomendación,App,Inicio
I002175,U01350,C0385,2025-07-10 22:19:37,Clic recomendación,Web,Recomendados
I002176,U01350,C0125,2025-12-18 17:03:45,Agregar a mi lista,Web,Continuar viendo
I002177,U01350,C0264,2025-10-18 14:05:45,Me gusta,App,Recomendados
I002178,U00108,C0250,2025-02-04 11:24:04,Clic recomendación,App,Inicio
I002179,U00108,C0268,2025-02-13 21:13:58,Me gusta,App,Tendencias
I002180,U00108,C0335,2025-04-01 11:48:43,Clic recomendación,App,Tendencias
I002181,U00108,C0097,2025-01-26 22:27:33,Compartir,App,Recomendados
I002182,U00108,C0082,2025-04-12 18:20:45,Agregar a mi lista,App,Tendencias
I002183,U00108,C0290,2025-01-31 21:35:43,Descarga,App,Recomendados
I002184,U00108,C0256,2025-02-15 08:26:32,Clic recomendación,App,Recomendados
I002185,U00108,C0313,2025-02-13 23:10:10,Compartir,App,Inicio
I002186,U00108,C0243,2025-02-21 14:25:41,Descarga,App,Inicio
I002187,U00108,C0120,2025-04-06 16:51:12,Clic recomendación,App,Tendencias
I002188,U01485,C0332,2025-10-10 01:54:48,Agregar a mi lista,App,Inicio
I002189,U01485,C0317,2025-08-31 23:44:26,Clic recomendación,App,Tendencias
I002190,U01485,C0402,2025-10-31 17:46:43,Compartir,App,Inicio
I002191,U00598,C0393,2025-07-30 23:40:15,Agregar a mi lista,App,Continuar viendo
I002192,U00598,C0050,2025-04-15 00:07:20,Agregar a mi lista,App,Inicio
I002193,U00598,C0380,2025-06-23 20:09:06,Agregar a mi lista,App,Recomendados
I002194,U00598,C0182,2025-12-21 21:07:39,Me gusta,App,Inicio
I002195,U00598,C0107,2025-11-13 19:47:16,Me gusta,App,Búsqueda
I002196,U00598,C0400,2025-10-15 12:56:00,No me gusta,App,Continuar viendo
I002197,U00598,C0226,2025-12-31 14:26:14,Clic recomendación,App,Recomendados
I002198,U00598,C0117,2025-06-14 11:17:58,Quitar de mi lista,App,Continuar viendo
I002199,U00609,C0154,2025-12-05 09:23:08,Agregar a mi lista,App,Recomendados
I002200,U00609,C0143,2025-09-13 22:22:25,Agregar a mi lista,App,Inicio
I002201,U00309,C0328,2025-04-14 22:44:13,No me gusta,Web,Tendencias
I002202,U00309,C0303,2025-04-03 21:51:49,Clic recomendación,App,Recomendados
I002203,U00309,C0276,2025-04-06 13:38:09,Quitar de mi lista,Web,Búsqueda
I002204,U00309,C0101,2025-07-14 19:12:51,Agregar a mi lista,App,Continuar viendo
I002205,U00309,C0142,2025-07-13 23:42:41,Quitar de mi lista,Web,Tendencias
I002206,U00868,C0295,2025-10-31 13:42:37,No me gusta,App,Recomendados
I002207,U00868,C0055,2025-07-31 18:58:48,Compartir,App,Continuar viendo
I002208,U00868,C0111,2025-05-22 13:57:06,Me gusta,App,Continuar viendo
I002209,U00868,C0183,2025-07-06 22:41:27,Me gusta,App,Recomendados
I002210,U00868,C0068,2025-11-14 23:58:58,Agregar a mi lista,App,Tendencias
I002211,U00868,C0055,2025-07-02 16:28:36,Clic recomendación,App,Recomendados
I002212,U00868,C0386,2025-10-06 17:27:53,Agregar a mi lista,App,Continuar viendo
I002213,U00868,C0056,2025-05-15 19:51:30,Clic recomendación,App,Recomendados
I002214,U00226,C0202,2025-07-17 01:57:40,Clic recomendación,App,Recomendados
I002215,U00226,C0327,2025-11-06 22:22:49,Me gusta,Web,Recomendados
I002216,U00226,C0250,2025-06-02 19:12:40,Agregar a mi lista,Web,Recomendados
I002217,U00226,C0079,2025-05-23 22:51:01,Me gusta,Web,Recomendados
I002218,U00226,C0160,2025-03-21 18:15:16,Clic recomendación,App,Recomendados
I002219,U00226,C0110,2025-02-01 22:59:31,Clic recomendación,Web,Recomendados
I002220,U00226,C0310,2025-04-01 20:29:03,Clic recomendación,App,Recomendados
I002221,U00226,C0171,2025-12-19 04:44:33,Clic recomendación,Web,Recomendados
I002222,U00443,C0140,2025-12-19 21:52:47,Quitar de mi lista,Web,Continuar viendo
I002223,U00443,C0122,2025-11-01 22:04:22,Agregar a mi lista,Web,Recomendados
I002224,U00443,C0052,2025-11-14 17:56:30,Clic recomendación,Web,Recomendados
I002225,U00443,C0296,2025-11-07 14:53:10,Clic recomendación,Web,Inicio
I002226,U00443,C0412,2025-11-03 12:02:05,Compartir,Web,Recomendados
I002227,U00443,C0301,2025-11-26 22:49:38,Compartir,Web,Inicio
I002228,U00614,C0110,2025-11-30 06:41:55,Me gusta,App,Continuar viendo
I002229,U00614,C0151,2025-07-02 03:13:37,Descarga,App,Búsqueda
I002230,U00614,C0313,2025-07-21 23:26:35,Compartir,App,Recomendados
I002231,U00614,C0184,2025-05-03 00:10:06,Me gusta,App,Recomendados
I002232,U00614,C0380,2025-07-24 21:58:33,Clic recomendación,Web,Recomendados
I002233,U00614,C0015,2025-03-24 21:59:52,Clic recomendación,App,Recomendados
I002234,U01283,C0408,2025-12-12 23:04:01,Clic recomendación,App,Recomendados
I002235,U01283,C0230,2025-12-01 22:43:57,Me gusta,Web,Inicio
I002236,U01283,C0226,2025-08-06 10:58:41,Agregar a mi lista,Web,Continuar viendo
I002237,U01283,C0138,2025-10-05 20:27:25,Me gusta,App,Tendencias
I002238,U01283,C0073,2025-11-18 17:18:23,Clic recomendación,App,Inicio
I002239,U00211,C0200,2025-10-07 22:09:01,Quitar de mi lista,App,Recomendados
I002240,U00211,C0148,2025-10-12 19:10:00,Clic recomendación,App,Recomendados
I002241,U00211,C0054,2025-12-07 21:17:22,Agregar a mi lista,App,Recomendados
I002242,U00211,C0286,2025-10-01 13:54:00,Clic recomendación,App,Recomendados
I002243,U01269,C0244,2025-09-10 11:20:56,No me gusta,App,Continuar viendo
I002244,U01269,C0195,2025-11-03 23:59:23,Clic recomendación,App,Recomendados
I002245,U01269,C0142,2025-10-12 20:16:36,Agregar a mi lista,App,Recomendados
I002246,U01269,C0162,2025-11-09 21:18:12,Agregar a mi lista,App,Recomendados
I002247,U01269,C0177,2025-09-07 17:02:18,Clic recomendación,App,Tendencias
I002248,U01252,C0057,2025-02-18 07:59:26,No me gusta,App,Búsqueda
I002249,U01252,C0182,2025-01-18 20:55:00,Quitar de mi lista,App,Inicio
I002250,U01252,C0117,2025-03-05 14:25:41,No me gusta,App,Búsqueda
I002251,U01252,C0228,2025-04-08 07:48:56,Clic recomendación,App,Tendencias
I002252,U01252,C0413,2025-01-06 20:49:01,Agregar a mi lista,App,Inicio
I002253,U01252,C0144,2025-02-25 17:51:27,Me gusta,App,Recomendados
I002254,U01429,C0304,2025-06-03 21:45:39,Clic recomendación,Web,Recomendados
I002255,U01429,C0063,2025-05-03 22:37:00,Compartir,Web,Tendencias
I002256,U01429,C0199,2025-08-01 14:34:57,Me gusta,Web,Tendencias
I002257,U01429,C0304,2025-03-10 18:57:06,Me gusta,Web,Tendencias
I002258,U01429,C0394,2025-08-14 21:37:22,Clic recomendación,Web,Recomendados
I002259,U00498,C0070,2025-11-25 22:22:13,Clic recomendación,App,Recomendados
I002260,U00498,C0289,2025-12-11 10:02:28,No me gusta,App,Tendencias
I002261,U00498,C0411,2025-09-09 09:36:04,Agregar a mi lista,App,Recomendados
I002262,U00498,C0391,2025-11-25 13:22:23,Agregar a mi lista,App,Recomendados
I002263,U00498,C0152,2025-09-06 20:25:31,Clic recomendación,App,Inicio
I002264,U00498,C0118,2025-11-21 21:15:42,Compartir,App,Inicio
I002265,U00498,C0240,2025-10-12 22:52:48,Clic recomendación,App,Inicio
I002266,U00498,C0295,2025-09-26 21:29:14,Agregar a mi lista,App,Búsqueda
I002267,U00901,C0079,2025-03-30 21:58:08,Me gusta,App,Búsqueda
I002268,U00901,C0114,2025-11-03 22:54:26,Clic recomendación,App,Inicio
I002269,U00901,C0151,2025-02-19 20:15:40,Me gusta,Web,Continuar viendo
I002270,U00901,C0312,2025-02-27 17:29:38,Agregar a mi lista,App,Inicio
I002271,U00901,C0342,2025-12-13 00:07:32,Clic recomendación,App,Recomendados
I002272,U00901,C0019,2025-08-05 19:54:11,Me gusta,Web,Búsqueda
I002273,U00301,C0286,2025-02-26 01:11:33,Me gusta,Web,Continuar viendo
I002274,U00301,C0283,2025-03-31 19:20:21,Clic recomendación,Web,Tendencias
I002275,U00301,C0093,2025-08-09 22:18:49,Me gusta,Web,Búsqueda
I002276,U00301,C0146,2025-12-08 15:29:46,Agregar a mi lista,App,Búsqueda
I002277,U00301,C0398,2025-11-28 17:45:23,Clic recomendación,Web,Recomendados
I002278,U01289,C0352,2025-09-07 13:54:48,Clic recomendación,App,Inicio
I002279,U01289,C0410,2025-05-17 19:27:15,Agregar a mi lista,App,Búsqueda
I002280,U01289,C0110,2025-10-17 20:24:50,Quitar de mi lista,App,Recomendados
I002281,U01289,C0397,2025-07-27 13:39:02,Agregar a mi lista,App,Continuar viendo
I002282,U01289,C0080,2025-11-16 20:45:40,Me gusta,App,Inicio
I002283,U01195,C0249,2025-09-07 21:37:52,Compartir,App,Recomendados
I002284,U01195,C0097,2025-02-11 13:04:09,Agregar a mi lista,App,Recomendados
I002285,U01195,C0046,2025-06-16 22:09:05,Agregar a mi lista,App,Recomendados
I002286,U00088,C0095,2025-08-25 12:48:52,Clic recomendación,App,Inicio
I002287,U00088,C0388,2025-06-06 18:01:42,Agregar a mi lista,App,Recomendados
I002288,U00088,C0101,2025-08-29 15:03:16,Clic recomendación,App,Recomendados
I002289,U00088,C0273,2025-10-17 10:11:15,No me gusta,App,Búsqueda
I002290,U00088,C0100,2025-03-05 20:04:22,Clic recomendación,App,Recomendados
I002291,U00088,C0327,2025-06-08 22:20:34,Agregar a mi lista,App,Inicio
I002292,U00088,C0135,2025-11-08 22:20:05,Clic recomendación,App,Recomendados
I002293,U00088,C0343,2025-10-07 11:59:52,Clic recomendación,App,Inicio
I002294,U01309,C0418,2025-05-20 13:33:56,Me gusta,Web,Búsqueda
I002295,U01309,C0286,2025-04-04 08:21:37,Clic recomendación,Web,Recomendados
I002296,U01309,C0333,2025-02-03 19:16:03,Me gusta,Web,Continuar viendo
I002297,U01309,C0050,2025-01-08 21:01:14,Descarga,Web,Tendencias
I002298,U01309,C0243,2025-03-12 01:12:25,Me gusta,Web,Inicio
I002299,U01309,C0200,2025-04-28 19:38:23,Agregar a mi lista,Web,Recomendados
I002300,U00763,C0347,2025-07-14 16:15:19,Clic recomendación,App,Recomendados
I002301,U00763,C0364,2025-06-10 18:47:46,Agregar a mi lista,App,Búsqueda
I002302,U00517,C0308,2025-12-27 06:18:38,Clic recomendación,Web,Tendencias
I002303,U00517,C0034,2025-12-31 08:44:27,Clic recomendación,Web,Inicio
I002304,U00517,C0167,2025-11-18 11:19:31,Agregar a mi lista,Web,Búsqueda
I002305,U00517,C0318,2025-08-08 14:05:07,Agregar a mi lista,Web,Continuar viendo
I002306,U00517,C0102,2025-12-20 18:12:06,Clic recomendación,Web,Recomendados
I002307,U00964,C0310,2025-07-09 14:38:45,Clic recomendación,App,Recomendados
I002308,U00964,C0358,2025-05-01 16:25:06,Compartir,App,Inicio
I002309,U00964,C0331,2025-06-18 08:50:47,Compartir,App,Inicio
I002310,U00012,C0057,2025-11-07 23:29:44,Me gusta,App,Búsqueda
I002311,U00704,C0015,2025-08-30 17:51:04,Clic recomendación,App,Recomendados
I002312,U00326,C0119,2025-03-12 08:50:58,Compartir,App,Inicio
I002313,U01097,C0309,2025-12-25 18:47:47,Agregar a mi lista,Web,Tendencias
I002314,U00288,C0344,2025-12-10 20:32:51,Me gusta,App,Búsqueda
I002315,U00288,C0089,2025-12-01 23:25:31,Agregar a mi lista,App,Búsqueda
I002316,U00288,C0114,2025-11-27 18:36:20,Me gusta,App,Inicio
I002317,U00288,C0247,2025-12-30 00:16:49,Descarga,App,Inicio
I002318,U00288,C0290,2025-12-29 16:20:34,Descarga,App,Búsqueda
I002319,U00288,C0359,2025-12-18 18:54:06,Clic recomendación,App,Recomendados
I002320,U00288,C0055,2025-12-21 05:12:29,Agregar a mi lista,App,Recomendados
I002321,U00288,C0294,2025-12-23 14:01:50,Compartir,App,Tendencias
I002322,U00583,C0239,2025-09-08 23:08:09,Clic recomendación,Web,Recomendados
I002323,U00583,C0220,2025-10-10 14:00:45,Agregar a mi lista,Web,Recomendados
I002324,U00583,C0418,2025-04-01 23:23:45,Clic recomendación,Web,Recomendados
I002325,U00583,C0350,2025-11-27 09:03:47,Agregar a mi lista,Web,Recomendados
I002326,U00583,C0413,2025-08-17 03:07:30,Clic recomendación,Web,Inicio
I002327,U00583,C0338,2025-08-17 17:47:14,Clic recomendación,Web,Recomendados
I002328,U00583,C0071,2025-10-09 01:47:57,Quitar de mi lista,Web,Recomendados
I002329,U00583,C0255,2025-08-19 13:28:30,Me gusta,Web,Tendencias
I002330,U00838,C0284,2025-03-28 21:01:31,Me gusta,App,Búsqueda
I002331,U00838,C0224,2025-06-09 13:53:43,Clic recomendación,App,Recomendados
I002332,U00838,C0033,2025-06-29 19:49:59,Me gusta,App,Búsqueda
I002333,U00838,C0152,2025-07-07 18:58:17,Clic recomendación,App,Recomendados
I002334,U00838,C0333,2025-03-07 23:39:16,Clic recomendación,App,Recomendados
I002335,U00838,C0273,2025-10-02 13:15:57,Clic recomendación,App,Recomendados
I002336,U01486,C0254,2025-12-13 09:39:45,Agregar a mi lista,App,Inicio
I002337,U01486,C0047,2025-01-23 22:04:59,Clic recomendación,App,Recomendados
I002338,U01486,C0315,2025-07-31 10:49:20,Clic recomendación,App,Recomendados
I002339,U01486,C0370,2025-11-05 13:17:17,Quitar de mi lista,App,Búsqueda
I002340,U01486,C0198,2025-12-04 13:25:09,Quitar de mi lista,App,Continuar viendo
I002341,U01486,C0150,2025-07-17 02:31:32,Quitar de mi lista,App,Búsqueda
I002342,U01486,C0181,2025-01-19 22:16:02,Me gusta,App,Inicio
I002343,U01486,C0403,2025-02-17 19:54:34,Clic recomendación,App,Recomendados
I002344,U01486,C0054,2025-11-11 01:55:00,Clic recomendación,App,Recomendados
I002345,U01486,C0142,2025-08-15 17:59:25,Agregar a mi lista,App,Inicio
I002346,U01467,C0281,2025-05-08 17:24:01,Me gusta,App,Inicio
I002347,U01467,C0250,2025-10-04 13:54:19,Me gusta,App,Tendencias
I002348,U01467,C0373,2025-08-27 16:36:01,Descarga,App,Recomendados
I002349,U01467,C0247,2025-05-04 16:08:46,Clic recomendación,App,Tendencias
I002350,U01467,C0115,2025-04-02 19:24:28,Me gusta,App,Recomendados
I002351,U01091,C0353,2025-02-14 16:12:19,Agregar a mi lista,Web,Recomendados
I002352,U01091,C0308,2025-06-05 21:22:32,Quitar de mi lista,App,Recomendados
I002353,U01091,C0038,2025-02-04 22:53:35,Agregar a mi lista,App,Inicio
I002354,U01091,C0145,2025-04-19 22:24:07,No me gusta,App,Recomendados
I002355,U01091,C0374,2025-10-31 15:25:54,Clic recomendación,App,Recomendados
I002356,U01091,C0352,2025-08-03 21:38:31,Me gusta,Web,Recomendados
I002357,U01091,C0162,2025-03-23 18:46:20,Quitar de mi lista,App,Inicio
I002358,U01091,C0358,2025-10-05 20:37:38,Agregar a mi lista,Web,Continuar viendo
I002359,U01091,C0198,2025-10-08 21:11:05,Agregar a mi lista,App,Continuar viendo
I002360,U01091,C0126,2025-11-10 13:56:23,Me gusta,App,Búsqueda
I002361,U01091,C0148,2025-09-17 21:01:09,Compartir,App,Recomendados
I002362,U01091,C0262,2025-07-03 11:39:47,Me gusta,App,Recomendados
I002363,U00107,C0287,2025-10-30 20:02:22,Clic recomendación,App,Recomendados
I002364,U00107,C0138,2025-10-22 17:20:33,Quitar de mi lista,App,Inicio
I002365,U00107,C0325,2025-10-18 00:02:18,Descarga,App,Recomendados
I002366,U00107,C0138,2025-11-06 17:39:35,Compartir,App,Recomendados
I002367,U00107,C0122,2025-11-19 16:56:41,Agregar a mi lista,App,Continuar viendo
I002368,U00107,C0183,2025-11-14 05:24:32,Quitar de mi lista,App,Continuar viendo
I002369,U00107,C0050,2025-10-31 17:12:41,Me gusta,App,Continuar viendo
I002370,U00107,C0407,2025-11-24 00:54:41,Compartir,App,Recomendados
I002371,U00811,C0047,2025-11-28 20:54:51,Compartir,Web,Tendencias
I002372,U00811,C0413,2025-11-20 21:18:02,Me gusta,Web,Tendencias
I002373,U00811,C0078,2025-11-21 18:13:59,Clic recomendación,Web,Tendencias
I002374,U00811,C0175,2025-11-28 22:35:17,Agregar a mi lista,Web,Búsqueda
I002375,U00811,C0027,2025-12-06 22:28:53,Me gusta,Web,Inicio
I002376,U00811,C0098,2025-12-12 23:35:50,Me gusta,Web,Inicio
I002377,U01238,C0338,2025-06-06 06:58:47,Compartir,Web,Inicio
I002378,U01238,C0064,2025-02-09 21:45:59,Agregar a mi lista,App,Inicio
I002379,U01238,C0248,2025-07-22 13:05:54,Clic recomendación,App,Tendencias
I002380,U01238,C0062,2025-01-12 22:49:07,Me gusta,App,Continuar viendo
I002381,U01238,C0186,2025-12-09 17:50:05,Agregar a mi lista,App,Tendencias
I002382,U00777,C0155,2025-08-12 23:10:23,Me gusta,Web,Recomendados
I002383,U00777,C0083,2025-03-04 01:22:46,Clic recomendación,Web,Recomendados
I002384,U00777,C0010,2025-06-05 23:30:18,Me gusta,Web,Inicio
I002385,U00777,C0068,2025-06-22 22:15:00,Clic recomendación,Web,Recomendados
I002386,U00777,C0384,2025-07-18 16:45:16,Me gusta,Web,Recomendados
I002387,U00777,C0231,2025-05-24 18:41:43,Agregar a mi lista,Web,Tendencias
I002388,U00531,C0405,2025-06-15 14:04:19,Clic recomendación,App,Recomendados
I002389,U00531,C0286,2025-01-24 19:20:02,Quitar de mi lista,App,Continuar viendo
I002390,U01362,C0109,2025-06-25 21:39:27,Agregar a mi lista,App,Inicio
I002391,U01362,C0212,2025-03-25 09:24:37,Me gusta,App,Inicio
I002392,U01362,C0363,2025-09-03 17:49:03,Clic recomendación,App,Inicio
I002393,U01362,C0177,2025-05-10 21:59:32,Descarga,App,Recomendados
I002394,U01362,C0061,2025-01-09 22:56:22,Compartir,App,Inicio
I002395,U01362,C0076,2025-05-28 21:06:55,Me gusta,App,Continuar viendo
I002396,U00270,C0358,2025-12-08 01:45:09,Agregar a mi lista,Web,Continuar viendo
I002397,U00270,C0290,2025-09-30 15:20:35,Clic recomendación,App,Recomendados
I002398,U00270,C0167,2025-10-02 19:09:50,Agregar a mi lista,Web,Tendencias
I002399,U00270,C0248,2025-12-05 07:27:29,Descarga,App,Recomendados
I002400,U00270,C0166,2025-09-07 00:09:15,Me gusta,Web,Recomendados
I002401,U00270,C0203,2025-12-04 09:22:00,Descarga,App,Continuar viendo
I002402,U00270,C0381,2025-11-14 22:03:50,Clic recomendación,Web,Inicio
I002403,U00270,C0299,2025-12-22 14:46:41,Agregar a mi lista,Web,Búsqueda
I002404,U00544,C0133,2025-09-24 18:27:37,Clic recomendación,App,Recomendados
I002405,U00544,C0106,2025-08-10 19:55:58,Compartir,App,Búsqueda
I002406,U00544,C0192,2025-11-06 22:48:20,Clic recomendación,App,Recomendados
I002407,U00544,C0129,2025-06-10 01:26:10,Compartir,App,Inicio
I002408,U01282,C0008,2025-09-18 21:51:00,Clic recomendación,App,Recomendados
I002409,U00666,C0065,2025-11-20 11:58:26,Me gusta,App,Recomendados
I002410,U00666,C0307,2025-05-07 21:59:51,Compartir,Web,Recomendados
I002411,U00666,C0312,2025-05-31 14:59:37,Me gusta,Web,Búsqueda
I002412,U00666,C0366,2025-07-05 13:16:05,Agregar a mi lista,App,Tendencias
I002413,U00666,C0193,2025-05-06 21:06:07,Clic recomendación,App,Inicio
I002414,U00666,C0202,2025-01-15 23:24:42,Clic recomendación,App,Tendencias
I002415,U00799,C0234,2025-04-29 18:21:49,Clic recomendación,App,Recomendados
I002416,U00799,C0134,2025-11-14 10:14:12,Me gusta,App,Recomendados
I002417,U00799,C0318,2025-01-08 18:26:16,Agregar a mi lista,App,Continuar viendo
I002418,U01300,C0352,2025-04-21 16:45:42,Quitar de mi lista,App,Búsqueda
I002419,U01300,C0200,2025-05-28 16:24:33,Clic recomendación,Web,Recomendados
I002420,U01160,C0170,2025-09-15 23:33:35,Agregar a mi lista,Web,Búsqueda
I002421,U01160,C0074,2025-03-16 22:48:31,Clic recomendación,App,Recomendados
I002422,U01160,C0214,2025-08-19 14:41:52,Me gusta,Web,Inicio
I002423,U01160,C0218,2025-06-24 19:51:54,Clic recomendación,App,Tendencias
I002424,U01160,C0318,2025-04-27 22:08:13,Agregar a mi lista,Web,Búsqueda
I002425,U01160,C0018,2025-09-28 11:16:54,Me gusta,Web,Recomendados
I002426,U01160,C0042,2025-03-26 18:00:50,Clic recomendación,Web,Tendencias
I002427,U01160,C0332,2025-09-22 06:30:27,Compartir,Web,Recomendados
I002428,U01436,C0006,2025-09-30 19:07:03,Agregar a mi lista,Web,Continuar viendo
I002429,U01436,C0341,2025-02-18 20:20:22,Clic recomendación,Web,Recomendados
I002430,U00833,C0353,2025-03-28 21:28:41,Agregar a mi lista,App,Inicio
I002431,U00198,C0395,2025-10-22 22:38:34,Me gusta,App,Inicio
I002432,U00198,C0102,2025-04-12 20:40:38,Me gusta,App,Tendencias
I002433,U00198,C0072,2025-07-10 19:58:39,Clic recomendación,App,Inicio
I002434,U00198,C0263,2025-09-04 12:38:31,Quitar de mi lista,App,Búsqueda
I002435,U00198,C0006,2025-12-27 22:45:58,Clic recomendación,App,Inicio
I002436,U00198,C0334,2025-11-19 20:38:17,Me gusta,App,Inicio
I002437,U00757,C0259,2025-11-09 17:09:57,Me gusta,Web,Recomendados
I002438,U00757,C0282,2025-11-13 12:40:15,Me gusta,App,Recomendados
I002439,U00757,C0155,2025-12-05 07:41:08,Agregar a mi lista,Web,Tendencias
I002440,U00757,C0243,2025-11-12 20:34:23,Clic recomendación,Web,Recomendados
I002441,U00757,C0215,2025-11-11 18:31:10,Clic recomendación,Web,Recomendados
I002442,U00757,C0207,2025-12-14 19:41:50,Me gusta,Web,Inicio
I002443,U00757,C0341,2025-11-03 08:32:29,Clic recomendación,Web,Recomendados
I002444,U00757,C0354,2025-12-07 23:34:23,Agregar a mi lista,App,Búsqueda
I002445,U00572,C0205,2025-09-23 09:08:55,Me gusta,Web,Inicio
I002446,U00572,C0403,2025-08-11 23:57:06,Me gusta,Web,Inicio
I002447,U00572,C0093,2025-10-22 15:59:53,Agregar a mi lista,Web,Recomendados
I002448,U00572,C0032,2025-01-27 21:49:42,Compartir,Web,Búsqueda
I002449,U00572,C0325,2025-07-09 23:19:37,Me gusta,Web,Recomendados
I002450,U00572,C0051,2025-09-18 23:48:24,Descarga,Web,Recomendados
I002451,U00941,C0248,2025-10-31 23:54:59,Clic recomendación,Web,Recomendados
I002452,U00941,C0014,2025-01-07 20:31:49,No me gusta,Web,Inicio
I002453,U00941,C0322,2025-02-16 19:21:27,Compartir,Web,Recomendados
I002454,U00612,C0198,2025-03-26 08:36:52,Agregar a mi lista,App,Búsqueda
I002455,U00612,C0174,2025-04-16 22:09:11,Agregar a mi lista,App,Tendencias
I002456,U00612,C0254,2025-02-18 17:17:29,Me gusta,App,Recomendados
I002457,U00612,C0095,2025-01-23 00:16:59,Me gusta,App,Recomendados
I002458,U00612,C0016,2025-01-09 21:23:40,No me gusta,App,Recomendados
I002459,U00612,C0340,2025-03-04 15:03:17,Me gusta,App,Búsqueda
I002460,U00073,C0322,2025-02-23 14:56:07,Clic recomendación,App,Recomendados
I002461,U00073,C0071,2025-08-01 21:28:13,Me gusta,App,Recomendados
I002462,U00073,C0218,2025-10-29 23:54:16,Clic recomendación,App,Recomendados
I002463,U00860,C0030,2025-12-30 17:38:44,Compartir,App,Recomendados
I002464,U00860,C0284,2025-12-11 08:05:45,Me gusta,App,Continuar viendo
I002465,U00994,C0086,2025-04-14 22:48:07,No me gusta,Web,Tendencias
I002466,U00994,C0267,2025-11-07 15:10:01,Clic recomendación,App,Recomendados
I002467,U00994,C0391,2025-12-22 00:47:19,Agregar a mi lista,App,Recomendados
I002468,U00994,C0392,2025-03-06 18:29:18,Clic recomendación,App,Recomendados
I002469,U00994,C0139,2025-07-24 14:40:10,Descarga,App,Recomendados
I002470,U00994,C0051,2025-01-29 20:56:42,Clic recomendación,App,Recomendados
I002471,U00034,C0054,2025-05-10 12:22:56,Clic recomendación,App,Inicio
I002472,U00034,C0269,2025-08-08 00:04:00,Agregar a mi lista,App,Búsqueda
I002473,U00977,C0093,2025-01-03 19:09:50,Me gusta,App,Recomendados
I002474,U00977,C0017,2025-02-05 21:03:30,Quitar de mi lista,App,Recomendados
I002475,U00977,C0252,2025-01-15 01:20:40,Clic recomendación,App,Recomendados
I002476,U00977,C0211,2025-01-05 21:38:28,Agregar a mi lista,App,Inicio
I002477,U00977,C0253,2025-02-27 22:16:00,Agregar a mi lista,App,Inicio
I002478,U00977,C0077,2025-02-12 11:27:51,Me gusta,App,Recomendados
I002479,U00925,C0360,2025-05-18 14:11:29,No me gusta,Web,Continuar viendo
I002480,U00925,C0276,2025-11-10 00:08:56,Agregar a mi lista,App,Tendencias
I002481,U00925,C0354,2025-01-25 13:04:43,Agregar a mi lista,App,Inicio
I002482,U00925,C0394,2025-04-29 21:34:57,No me gusta,App,Tendencias
I002483,U00925,C0088,2025-08-11 20:01:45,Agregar a mi lista,Web,Inicio
I002484,U00925,C0040,2025-07-25 22:50:13,Descarga,App,Continuar viendo
I002485,U00925,C0278,2025-03-27 13:24:53,Clic recomendación,Web,Recomendados
I002486,U00925,C0240,2025-10-16 19:36:50,Agregar a mi lista,App,Búsqueda
I002487,U00566,C0047,2025-06-24 23:37:14,Compartir,App,Recomendados
I002488,U00566,C0378,2025-06-25 13:41:16,Clic recomendación,App,Recomendados
I002489,U00566,C0092,2025-11-28 21:28:26,Me gusta,App,Tendencias
I002490,U00566,C0143,2025-04-20 20:33:51,Me gusta,App,Inicio
I002491,U00566,C0006,2025-11-23 10:01:54,Agregar a mi lista,App,Continuar viendo
I002492,U00887,C0160,2025-12-04 06:52:34,Descarga,App,Inicio
I002493,U00934,C0144,2025-12-14 21:32:20,Clic recomendación,App,Inicio
I002494,U00934,C0202,2025-12-25 18:36:07,Agregar a mi lista,App,Continuar viendo
I002495,U00934,C0098,2025-12-28 16:11:43,Me gusta,App,Búsqueda
I002496,U00934,C0304,2025-12-13 00:21:37,Compartir,App,Recomendados
I002497,U00934,C0282,2025-12-14 01:27:07,Clic recomendación,App,Inicio
I002498,U01293,C0324,2025-05-18 17:45:29,Clic recomendación,App,Inicio
I002499,U01293,C0237,2025-11-23 20:13:49,Me gusta,App,Tendencias
I002500,U01293,C0154,2025-12-07 19:20:41,Me gusta,App,Continuar viendo
I002501,U01293,C0023,2025-08-09 17:42:58,Me gusta,App,Continuar viendo
I002502,U01293,C0161,2025-09-09 22:17:30,Clic recomendación,App,Recomendados
I002503,U01293,C0338,2025-05-14 16:37:52,Descarga,App,Recomendados
I002504,U00109,C0179,2025-01-12 10:24:49,Agregar a mi lista,App,Recomendados
I002505,U00109,C0394,2025-04-10 22:47:16,Agregar a mi lista,App,Inicio
I002506,U00109,C0132,2025-11-13 15:21:51,Clic recomendación,App,Recomendados
I002507,U00109,C0149,2025-08-29 20:58:07,Clic recomendación,App,Inicio
I002508,U01319,C0045,2025-11-01 01:32:23,No me gusta,Web,Recomendados
I002509,U01319,C0275,2025-12-07 23:11:07,Me gusta,Web,Búsqueda
I002510,U01319,C0065,2025-10-20 20:47:57,Agregar a mi lista,Web,Inicio
I002511,U01319,C0059,2025-12-03 08:40:02,Me gusta,Web,Tendencias
I002512,U01319,C0108,2025-10-05 15:22:10,Clic recomendación,Web,Recomendados
I002513,U01319,C0172,2025-09-02 18:11:59,Agregar a mi lista,Web,Tendencias
I002514,U00655,C0260,2025-05-08 08:21:37,Clic recomendación,Web,Recomendados
I002515,U00655,C0289,2025-04-09 13:58:30,Clic recomendación,Web,Inicio
I002516,U00655,C0185,2025-03-14 16:44:53,Me gusta,Web,Inicio
I002517,U00150,C0233,2025-12-28 08:54:22,Agregar a mi lista,App,Recomendados
I002518,U00150,C0166,2025-02-11 22:39:38,Agregar a mi lista,App,Inicio
I002519,U00150,C0231,2025-09-02 21:48:00,Clic recomendación,App,Recomendados
I002520,U00150,C0359,2025-02-21 02:33:46,Clic recomendación,App,Recomendados
I002521,U00150,C0310,2025-02-08 13:53:07,Clic recomendación,App,Tendencias
I002522,U00150,C0075,2025-10-31 20:23:47,Me gusta,App,Inicio
I002523,U00150,C0375,2025-02-20 02:15:03,Descarga,App,Búsqueda
I002524,U00150,C0201,2025-04-16 22:13:46,Clic recomendación,App,Recomendados
I002525,U00150,C0068,2025-10-25 22:21:41,Me gusta,App,Recomendados
I002526,U00150,C0212,2025-04-26 23:28:09,Clic recomendación,App,Recomendados
I002527,U01422,C0136,2025-01-01 16:54:57,Me gusta,Web,Recomendados
I002528,U01422,C0187,2025-01-04 23:16:25,Agregar a mi lista,Web,Búsqueda
I002529,U00611,C0349,2025-04-25 02:37:04,No me gusta,App,Búsqueda
I002530,U00611,C0225,2025-09-05 10:59:23,Clic recomendación,Web,Recomendados
I002531,U00611,C0240,2025-05-04 14:54:22,Clic recomendación,Web,Inicio
I002532,U00611,C0258,2025-07-31 16:47:11,Agregar a mi lista,App,Recomendados
I002533,U00611,C0321,2025-07-12 12:54:19,Me gusta,Web,Búsqueda
I002534,U00611,C0360,2025-03-15 21:49:29,Clic recomendación,App,Tendencias
I002535,U00611,C0094,2025-05-23 21:43:06,Agregar a mi lista,Web,Continuar viendo
I002536,U00611,C0025,2025-06-25 07:57:37,Clic recomendación,App,Recomendados
I002537,U00611,C0065,2025-06-07 15:34:37,Clic recomendación,App,Inicio
I002538,U00611,C0048,2025-09-10 19:46:22,Compartir,App,Recomendados
I002539,U00611,C0135,2025-03-12 19:03:39,Clic recomendación,App,Recomendados
I002540,U00611,C0030,2025-01-23 23:17:28,Me gusta,Web,Recomendados
I002541,U00499,C0282,2025-05-17 19:29:34,Agregar a mi lista,App,Tendencias
I002542,U00499,C0151,2025-04-17 19:09:44,Clic recomendación,App,Inicio
I002543,U00499,C0203,2025-10-18 06:46:43,Compartir,App,Búsqueda
I002544,U00499,C0306,2025-05-31 19:35:20,No me gusta,App,Búsqueda
I002545,U00671,C0111,2025-10-20 23:40:08,Agregar a mi lista,App,Inicio
I002546,U00671,C0078,2025-07-14 13:14:22,Agregar a mi lista,App,Recomendados
I002547,U00671,C0134,2025-06-15 02:04:16,Agregar a mi lista,App,Búsqueda
I002548,U00671,C0099,2025-12-01 22:01:13,Clic recomendación,Web,Recomendados
I002549,U00671,C0108,2025-10-26 23:47:22,Clic recomendación,App,Recomendados
I002550,U00306,C0194,2025-06-06 17:40:23,Agregar a mi lista,App,Continuar viendo
I002551,U00306,C0189,2025-10-16 13:20:33,Clic recomendación,Web,Recomendados
I002552,U00306,C0224,2025-04-06 17:58:44,Clic recomendación,App,Recomendados
I002553,U00306,C0278,2025-01-05 11:28:50,Me gusta,Web,Búsqueda
I002554,U00306,C0004,2025-05-18 07:28:56,No me gusta,Web,Búsqueda
I002555,U00306,C0241,2025-07-12 19:46:41,Compartir,Web,Inicio
I002556,U00306,C0279,2025-08-01 20:54:59,Agregar a mi lista,Web,Continuar viendo
I002557,U00306,C0079,2025-07-28 20:46:03,Quitar de mi lista,App,Tendencias
I002558,U00306,C0109,2025-11-27 17:25:35,Me gusta,Web,Búsqueda
I002559,U00306,C0100,2025-07-30 19:22:36,Agregar a mi lista,App,Inicio
I002560,U00306,C0261,2025-03-06 12:09:22,Clic recomendación,Web,Inicio
I002561,U00306,C0097,2025-09-13 19:57:23,Clic recomendación,App,Inicio
I002562,U00957,C0306,2025-05-29 22:26:47,Me gusta,App,Recomendados
I002563,U00957,C0112,2025-02-03 21:43:11,Me gusta,Web,Recomendados
I002564,U00957,C0294,2025-08-17 20:43:14,Descarga,Web,Recomendados
I002565,U00957,C0243,2025-08-13 22:48:16,Agregar a mi lista,App,Tendencias
I002566,U00957,C0241,2025-06-17 22:29:11,Quitar de mi lista,App,Continuar viendo
I002567,U00957,C0005,2025-05-29 09:34:59,Me gusta,App,Continuar viendo
I002568,U00957,C0226,2025-02-18 07:08:48,Agregar a mi lista,App,Tendencias
I002569,U00957,C0173,2025-06-24 23:19:46,Descarga,App,Continuar viendo
I002570,U00797,C0074,2025-01-04 10:48:02,Agregar a mi lista,App,Recomendados
I002571,U00797,C0095,2025-01-22 17:29:07,Compartir,App,Continuar viendo
I002572,U00797,C0082,2025-01-02 13:47:14,Agregar a mi lista,App,Recomendados
I002573,U00797,C0296,2025-01-18 14:59:18,Agregar a mi lista,App,Recomendados
I002574,U00797,C0055,2025-01-07 11:23:26,Clic recomendación,App,Inicio
I002575,U00797,C0381,2025-01-25 20:22:58,Clic recomendación,App,Inicio
I002576,U01035,C0073,2025-08-01 22:19:56,Descarga,App,Continuar viendo
I002577,U01035,C0029,2025-08-14 21:21:17,Clic recomendación,App,Recomendados
I002578,U01035,C0032,2025-12-30 09:47:13,Agregar a mi lista,App,Inicio
I002579,U01035,C0396,2025-08-06 22:07:39,Me gusta,App,Búsqueda
I002580,U01035,C0148,2025-07-30 23:52:49,Me gusta,App,Tendencias
I002581,U01035,C0033,2025-07-12 13:01:38,Clic recomendación,App,Inicio
I002582,U01158,C0152,2025-06-20 12:55:34,Clic recomendación,Web,Recomendados
I002583,U01158,C0397,2025-03-21 22:21:41,Clic recomendación,Web,Inicio
I002584,U01158,C0208,2025-05-14 20:52:46,Me gusta,Web,Búsqueda
I002585,U01158,C0247,2025-01-04 21:23:24,Agregar a mi lista,Web,Inicio
I002586,U01158,C0275,2025-02-13 22:09:27,Agregar a mi lista,Web,Inicio
I002587,U00422,C0314,2025-10-29 00:12:17,Agregar a mi lista,App,Recomendados
I002588,U00422,C0189,2025-07-17 18:56:43,Quitar de mi lista,App,Búsqueda
I002589,U00125,C0124,2025-07-07 19:10:21,Me gusta,App,Recomendados
I002590,U00125,C0149,2025-07-17 21:38:02,Me gusta,App,Inicio
I002591,U00125,C0249,2025-07-22 23:49:34,Me gusta,App,Continuar viendo
I002592,U01424,C0085,2025-04-29 13:41:14,Descarga,App,Continuar viendo
I002593,U01424,C0079,2025-06-18 22:06:59,Clic recomendación,App,Inicio
I002594,U01424,C0116,2025-03-31 01:25:28,Compartir,App,Continuar viendo
I002595,U01424,C0392,2025-01-19 20:13:16,Me gusta,App,Tendencias
I002596,U00953,C0045,2025-07-11 21:29:21,Descarga,Web,Tendencias
I002597,U00953,C0110,2025-11-06 22:54:52,Compartir,Web,Tendencias
I002598,U00635,C0306,2025-09-07 20:36:14,Clic recomendación,App,Inicio
I002599,U00635,C0071,2025-03-03 15:36:57,Me gusta,App,Tendencias
I002600,U00635,C0339,2025-06-15 17:32:48,Me gusta,App,Continuar viendo
I002601,U01298,C0349,2025-03-05 13:41:42,Clic recomendación,App,Recomendados
I002602,U01298,C0033,2025-04-30 10:11:03,Clic recomendación,App,Recomendados
I002603,U01298,C0289,2025-01-01 09:07:56,Clic recomendación,App,Inicio
I002604,U01298,C0192,2025-03-20 10:14:00,Me gusta,App,Inicio
I002605,U01298,C0392,2025-01-12 10:49:27,Agregar a mi lista,App,Inicio
I002606,U01298,C0319,2025-02-03 18:07:20,Clic recomendación,App,Tendencias
I002607,U00896,C0029,2025-01-22 06:35:58,Agregar a mi lista,Web,Búsqueda
I002608,U00896,C0037,2025-01-27 21:25:46,Clic recomendación,Web,Inicio
I002609,U00896,C0403,2025-01-22 02:23:41,Clic recomendación,Web,Recomendados
I002610,U00896,C0227,2025-02-10 21:37:02,Me gusta,Web,Tendencias
I002611,U00896,C0196,2025-01-26 14:08:03,Agregar a mi lista,Web,Búsqueda
I002612,U00896,C0186,2025-02-07 13:57:51,Me gusta,Web,Recomendados
I002613,U00896,C0164,2025-01-26 15:43:46,Me gusta,Web,Inicio
I002614,U00896,C0365,2025-02-18 19:18:21,No me gusta,Web,Inicio
I002615,U00896,C0171,2025-01-04 00:15:52,Agregar a mi lista,Web,Recomendados
I002616,U00896,C0097,2025-02-27 01:04:22,No me gusta,Web,Recomendados
I002617,U00375,C0386,2025-01-23 23:44:58,Me gusta,App,Inicio
I002618,U00375,C0314,2025-02-03 19:16:47,Me gusta,App,Recomendados
I002619,U00375,C0079,2025-02-09 13:43:55,Clic recomendación,App,Recomendados
I002620,U00375,C0287,2025-01-02 23:38:25,Me gusta,App,Recomendados
I002621,U00375,C0070,2025-01-24 19:19:02,Clic recomendación,App,Inicio
I002622,U00375,C0325,2025-01-16 10:58:54,Clic recomendación,App,Recomendados
I002623,U00375,C0281,2025-01-25 19:01:46,Clic recomendación,App,Recomendados
I002624,U00375,C0131,2025-02-01 21:53:39,Clic recomendación,App,Recomendados
I002625,U00375,C0304,2025-01-24 22:49:06,Me gusta,App,Continuar viendo
I002626,U00375,C0224,2025-01-11 23:48:49,Me gusta,App,Continuar viendo
I002627,U00593,C0403,2025-11-10 11:55:28,Me gusta,Web,Inicio
I002628,U00593,C0395,2025-05-05 21:59:09,Me gusta,Web,Inicio
I002629,U00593,C0173,2025-03-31 09:57:23,Me gusta,App,Recomendados
I002630,U00593,C0122,2025-12-09 15:59:35,Me gusta,Web,Continuar viendo
I002631,U00593,C0263,2025-03-31 01:25:42,Agregar a mi lista,App,Recomendados
I002632,U00593,C0346,2025-01-19 20:29:41,Agregar a mi lista,App,Continuar viendo
I002633,U00593,C0292,2025-08-08 20:36:16,Descarga,Web,Búsqueda
I002634,U00593,C0039,2025-04-23 12:27:00,Agregar a mi lista,App,Continuar viendo
I002635,U00456,C0345,2025-04-24 23:09:18,Clic recomendación,App,Recomendados
I002636,U00456,C0170,2025-07-25 14:14:59,Me gusta,App,Inicio
I002637,U00456,C0420,2025-05-09 23:18:01,Me gusta,App,Continuar viendo
I002638,U00456,C0169,2025-11-15 22:48:58,No me gusta,App,Recomendados
I002639,U00456,C0371,2025-12-21 21:31:22,Clic recomendación,App,Recomendados
I002640,U00521,C0314,2025-04-20 09:19:16,Compartir,Web,Tendencias
I002641,U00521,C0295,2025-07-17 11:17:01,Clic recomendación,Web,Recomendados
I002642,U00521,C0135,2025-08-17 21:32:23,Me gusta,Web,Tendencias
I002643,U00521,C0304,2025-12-25 08:51:59,Clic recomendación,Web,Recomendados
I002644,U00521,C0299,2025-10-02 22:13:09,Descarga,Web,Búsqueda
I002645,U01118,C0071,2025-10-18 09:16:34,Agregar a mi lista,App,Continuar viendo
I002646,U01118,C0104,2025-11-17 01:33:30,Clic recomendación,App,Recomendados
I002647,U01118,C0362,2025-10-04 16:07:13,Agregar a mi lista,App,Inicio
I002648,U01118,C0267,2025-11-13 00:30:03,Me gusta,App,Tendencias
I002649,U01118,C0151,2025-10-06 21:55:08,Agregar a mi lista,App,Tendencias
I002650,U00676,C0349,2025-02-26 22:28:05,Agregar a mi lista,App,Búsqueda
I002651,U00676,C0098,2025-02-26 18:58:09,Descarga,App,Tendencias
I002652,U00020,C0249,2025-08-12 16:26:59,Quitar de mi lista,App,Inicio
I002653,U00020,C0258,2025-07-25 09:06:27,Me gusta,App,Búsqueda
I002654,U00020,C0067,2025-09-25 16:08:09,Clic recomendación,App,Recomendados
I002655,U00020,C0314,2025-12-22 20:23:04,Agregar a mi lista,App,Continuar viendo
I002656,U00020,C0165,2025-11-26 11:41:29,Quitar de mi lista,App,Continuar viendo
I002657,U00020,C0164,2025-11-23 21:12:12,Agregar a mi lista,App,Inicio
I002658,U00487,C0214,2025-05-12 09:31:16,Agregar a mi lista,App,Tendencias
I002659,U00487,C0090,2025-09-08 15:32:10,Me gusta,App,Continuar viendo
I002660,U00487,C0391,2025-02-07 01:46:30,Me gusta,App,Continuar viendo
I002661,U00487,C0204,2025-06-25 18:15:57,Compartir,App,Búsqueda
I002662,U00487,C0148,2025-05-26 21:14:47,Clic recomendación,App,Recomendados
I002663,U00487,C0057,2025-05-14 01:35:37,Me gusta,App,Recomendados
I002664,U00214,C0091,2025-07-18 21:52:44,Descarga,Web,Recomendados
I002665,U00214,C0265,2025-08-28 23:38:58,Clic recomendación,Web,Recomendados
I002666,U00214,C0110,2025-12-14 14:17:31,No me gusta,App,Continuar viendo
I002667,U00214,C0394,2025-06-26 00:20:45,Agregar a mi lista,App,Recomendados
I002668,U00214,C0047,2025-02-18 10:04:28,No me gusta,Web,Búsqueda
I002669,U00256,C0007,2025-10-05 20:54:11,Clic recomendación,App,Recomendados
I002670,U00256,C0366,2025-08-10 14:40:22,Me gusta,App,Recomendados
I002671,U00256,C0384,2025-09-30 20:45:06,Clic recomendación,App,Inicio
I002672,U00256,C0044,2025-07-31 20:16:51,Agregar a mi lista,App,Recomendados
I002673,U00256,C0055,2025-01-11 14:20:28,Me gusta,App,Inicio
I002674,U01405,C0382,2025-12-16 00:17:52,Quitar de mi lista,Web,Búsqueda
I002675,U01478,C0158,2025-12-24 21:17:02,Clic recomendación,Web,Inicio
I002676,U01478,C0186,2025-12-18 21:03:37,Me gusta,App,Tendencias
I002677,U01318,C0045,2025-10-06 21:47:18,Compartir,App,Recomendados
I002678,U01318,C0311,2025-08-07 20:15:47,Clic recomendación,App,Recomendados
I002679,U01318,C0106,2025-06-12 21:49:31,Clic recomendación,App,Inicio
I002680,U01318,C0196,2025-09-22 09:42:05,Me gusta,App,Búsqueda
I002681,U01318,C0096,2025-11-15 07:07:12,Compartir,App,Continuar viendo
I002682,U00474,C0058,2025-02-13 20:19:29,Clic recomendación,Web,Tendencias
I002683,U00474,C0148,2025-04-19 14:28:15,Clic recomendación,Web,Inicio
I002684,U00474,C0136,2025-05-17 15:39:58,Agregar a mi lista,Web,Inicio
I002685,U00474,C0123,2025-04-18 03:43:03,Agregar a mi lista,Web,Recomendados
I002686,U00474,C0414,2025-03-30 23:30:19,Me gusta,Web,Búsqueda
I002687,U00474,C0254,2025-09-17 21:39:29,Me gusta,Web,Recomendados
I002688,U00685,C0377,2025-04-06 19:30:55,Compartir,Web,Continuar viendo
I002689,U01473,C0257,2025-10-24 20:58:05,Compartir,Web,Recomendados
I002690,U01473,C0251,2025-01-14 22:25:35,Clic recomendación,Web,Recomendados
I002691,U01473,C0023,2025-04-26 23:23:14,Clic recomendación,Web,Recomendados
I002692,U01473,C0260,2025-10-06 22:18:13,Quitar de mi lista,Web,Continuar viendo
I002693,U01473,C0172,2025-01-03 14:19:11,Clic recomendación,Web,Inicio
I002694,U01473,C0141,2025-03-27 23:13:00,Agregar a mi lista,Web,Recomendados
I002695,U01473,C0184,2025-03-15 20:38:00,Clic recomendación,Web,Recomendados
I002696,U01473,C0119,2025-02-07 13:24:01,Clic recomendación,Web,Tendencias
I002697,U01488,C0237,2025-06-25 18:52:15,Clic recomendación,App,Recomendados
I002698,U01488,C0399,2025-11-01 17:52:56,Agregar a mi lista,App,Continuar viendo
I002699,U01488,C0164,2025-04-23 21:31:55,Quitar de mi lista,App,Continuar viendo
I002700,U01488,C0079,2025-06-30 20:45:18,Agregar a mi lista,App,Continuar viendo
I002701,U01488,C0122,2025-06-05 21:21:45,Clic recomendación,App,Recomendados
I002702,U01216,C0230,2025-10-28 20:48:34,Agregar a mi lista,App,Búsqueda
I002703,U01216,C0284,2025-08-21 18:39:54,Me gusta,App,Búsqueda
I002704,U01216,C0047,2025-07-12 13:34:15,Descarga,App,Recomendados
I002705,U01216,C0251,2025-08-30 22:11:37,Clic recomendación,App,Tendencias
I002706,U00827,C0334,2025-06-15 21:54:19,Me gusta,Web,Búsqueda
I002707,U00827,C0125,2025-07-17 08:36:00,Clic recomendación,Web,Inicio
I002708,U00827,C0391,2025-08-03 16:49:56,Clic recomendación,App,Recomendados
I002709,U00827,C0254,2025-10-27 03:05:17,Agregar a mi lista,Web,Continuar viendo
I002710,U00827,C0085,2025-07-22 20:44:28,Descarga,App,Inicio
I002711,U00827,C0195,2025-08-12 22:17:39,Clic recomendación,App,Recomendados
I002712,U00827,C0376,2025-07-12 09:14:10,Clic recomendación,Web,Recomendados
I002713,U00827,C0216,2025-03-04 16:25:16,Quitar de mi lista,App,Recomendados
I002714,U00827,C0255,2025-09-24 00:59:11,Descarga,Web,Inicio
I002715,U00827,C0324,2025-07-02 21:44:28,Agregar a mi lista,Web,Recomendados
I002716,U00827,C0125,2025-12-10 16:33:05,Compartir,Web,Recomendados
I002717,U00827,C0128,2025-05-09 07:09:22,Clic recomendación,App,Inicio
I002718,U01150,C0272,2025-10-12 01:59:13,Me gusta,App,Tendencias
I002719,U01150,C0099,2025-11-18 11:30:24,Descarga,App,Inicio
I002720,U01150,C0415,2025-09-05 21:30:05,Agregar a mi lista,App,Tendencias
I002721,U01150,C0221,2025-04-28 22:51:49,No me gusta,App,Recomendados
I002722,U01150,C0384,2025-12-06 17:25:07,Clic recomendación,App,Recomendados
I002723,U01150,C0122,2025-12-28 22:24:52,Clic recomendación,App,Inicio
I002724,U01202,C0281,2025-02-24 18:00:48,Clic recomendación,App,Recomendados
I002725,U01202,C0339,2025-06-27 06:38:20,Agregar a mi lista,App,Recomendados
I002726,U01202,C0372,2025-02-11 01:41:35,No me gusta,App,Continuar viendo
I002727,U01202,C0034,2025-07-21 16:53:28,Clic recomendación,App,Inicio
I002728,U01202,C0266,2025-05-25 23:52:28,Me gusta,App,Recomendados
I002729,U00194,C0346,2025-01-27 09:49:36,Clic recomendación,App,Inicio
I002730,U00194,C0123,2025-02-13 21:50:54,Descarga,App,Continuar viendo
I002731,U00194,C0163,2025-12-13 22:46:57,Me gusta,App,Búsqueda
I002732,U00194,C0389,2025-02-07 22:43:33,Clic recomendación,App,Recomendados
I002733,U00463,C0263,2025-01-12 14:17:28,Me gusta,App,Recomendados
I002734,U00463,C0237,2025-04-27 22:45:45,Agregar a mi lista,App,Continuar viendo
I002735,U01453,C0419,2025-09-25 23:48:02,Clic recomendación,App,Inicio
I002736,U01453,C0038,2025-07-14 23:55:48,Quitar de mi lista,App,Recomendados
I002737,U01453,C0273,2025-10-20 00:11:10,Clic recomendación,App,Recomendados
I002738,U01453,C0108,2025-07-09 22:55:56,Clic recomendación,App,Tendencias
I002739,U00180,C0375,2025-02-10 03:49:25,Agregar a mi lista,App,Continuar viendo
I002740,U00180,C0387,2025-02-07 07:16:31,Agregar a mi lista,App,Inicio
I002741,U00180,C0387,2025-04-02 18:32:13,Clic recomendación,App,Recomendados
I002742,U00180,C0378,2025-11-25 11:58:12,Clic recomendación,App,Recomendados
I002743,U00180,C0200,2025-10-03 22:31:15,Agregar a mi lista,App,Continuar viendo
I002744,U01015,C0395,2025-07-06 19:33:06,Quitar de mi lista,App,Continuar viendo
I002745,U01015,C0160,2025-02-27 19:36:33,Clic recomendación,App,Inicio
I002746,U01015,C0410,2025-10-18 00:22:05,Me gusta,App,Tendencias
I002747,U01015,C0255,2025-05-02 21:58:52,Agregar a mi lista,App,Tendencias
I002748,U01130,C0169,2025-01-07 09:02:52,Clic recomendación,App,Recomendados
I002749,U01130,C0239,2025-01-16 21:03:35,Agregar a mi lista,App,Búsqueda
I002750,U01130,C0109,2025-01-11 18:20:35,Agregar a mi lista,App,Recomendados
I002751,U01130,C0377,2025-01-18 21:12:29,Me gusta,App,Búsqueda
I002752,U01130,C0002,2025-01-10 21:26:32,Compartir,App,Recomendados
I002753,U01130,C0203,2025-01-07 21:11:43,Compartir,App,Inicio
I002754,U01130,C0167,2025-01-09 21:07:39,Quitar de mi lista,App,Continuar viendo
I002755,U01130,C0226,2025-01-08 15:05:56,Clic recomendación,App,Recomendados
I002756,U01130,C0292,2025-01-06 21:17:16,Agregar a mi lista,App,Continuar viendo
I002757,U01130,C0111,2025-01-01 23:49:01,Clic recomendación,App,Inicio
I002758,U01130,C0004,2025-01-04 18:51:17,Agregar a mi lista,App,Continuar viendo
I002759,U01130,C0033,2025-01-04 16:46:14,Me gusta,App,Recomendados
I002760,U01016,C0258,2025-09-24 19:27:01,Agregar a mi lista,App,Tendencias
I002761,U01016,C0231,2025-07-19 13:17:05,Agregar a mi lista,App,Inicio
I002762,U01016,C0308,2025-11-28 20:18:50,Agregar a mi lista,App,Inicio
I002763,U00162,C0248,2025-12-27 10:37:56,Clic recomendación,App,Recomendados
I002764,U00162,C0335,2025-11-14 13:17:30,Me gusta,App,Inicio
I002765,U00162,C0176,2025-10-02 21:37:25,Compartir,App,Continuar viendo
I002766,U01095,C0063,2025-03-28 23:01:24,Agregar a mi lista,App,Continuar viendo
I002767,U01095,C0082,2025-09-29 00:10:48,Agregar a mi lista,App,Búsqueda
I002768,U01012,C0229,2025-12-01 06:55:58,Agregar a mi lista,Web,Recomendados
I002769,U01012,C0319,2025-02-26 19:47:16,Agregar a mi lista,Web,Continuar viendo
I002770,U01012,C0267,2025-10-27 20:20:34,Me gusta,Web,Continuar viendo
I002771,U00952,C0285,2025-06-22 21:24:15,No me gusta,App,Tendencias
I002772,U00952,C0171,2025-05-16 19:31:05,Me gusta,App,Continuar viendo
I002773,U00952,C0308,2025-07-20 16:28:41,Descarga,App,Búsqueda
I002774,U00952,C0274,2025-10-19 11:19:35,Clic recomendación,App,Tendencias
I002775,U00952,C0104,2025-05-22 17:20:09,Me gusta,App,Inicio
I002776,U00952,C0342,2025-11-13 23:12:39,Descarga,App,Continuar viendo
I002777,U00952,C0042,2025-08-03 01:24:36,Clic recomendación,App,Recomendados
I002778,U00952,C0136,2025-10-15 19:47:26,Clic recomendación,App,Recomendados
I002779,U00181,C0267,2025-05-25 07:36:21,Clic recomendación,App,Recomendados
I002780,U00181,C0245,2025-08-04 19:34:36,Clic recomendación,App,Recomendados
I002781,U00181,C0375,2025-03-26 18:59:20,No me gusta,App,Tendencias
I002782,U00181,C0123,2025-02-11 12:05:16,Clic recomendación,App,Inicio
I002783,U00181,C0349,2025-04-14 13:22:08,Agregar a mi lista,App,Búsqueda
I002784,U00181,C0414,2025-08-10 13:16:50,Me gusta,App,Inicio
I002785,U00181,C0196,2025-02-20 13:10:07,Me gusta,App,Continuar viendo
I002786,U00181,C0014,2025-05-17 17:21:48,Me gusta,App,Recomendados
I002787,U01229,C0383,2025-02-25 20:18:14,Agregar a mi lista,App,Recomendados
I002788,U01229,C0286,2025-06-14 18:45:38,Agregar a mi lista,App,Inicio
I002789,U01229,C0078,2025-09-20 19:03:38,Clic recomendación,App,Recomendados
I002790,U00313,C0219,2025-10-09 19:08:10,Agregar a mi lista,Web,Inicio
I002791,U00313,C0406,2025-06-26 09:17:34,Agregar a mi lista,Web,Tendencias
I002792,U00313,C0338,2025-12-30 15:19:01,Agregar a mi lista,Web,Recomendados
I002793,U00313,C0305,2025-08-20 21:56:27,Agregar a mi lista,Web,Búsqueda
I002794,U00313,C0100,2025-09-27 21:57:59,Agregar a mi lista,Web,Inicio
I002795,U00267,C0006,2025-08-28 22:44:42,Clic recomendación,App,Recomendados
I002796,U00267,C0214,2025-12-28 20:06:00,Agregar a mi lista,App,Recomendados
I002797,U00267,C0270,2025-11-05 21:59:26,Quitar de mi lista,App,Continuar viendo
I002798,U00267,C0234,2025-08-31 16:49:26,Quitar de mi lista,App,Búsqueda
I002799,U01356,C0055,2025-12-10 23:03:03,Me gusta,Web,Búsqueda
I002800,U01356,C0069,2025-12-25 20:21:55,Me gusta,Web,Continuar viendo
I002801,U01356,C0393,2025-02-06 19:25:56,Me gusta,Web,Continuar viendo
I002802,U01356,C0204,2025-01-21 23:33:01,Agregar a mi lista,Web,Recomendados
I002803,U01356,C0377,2025-01-29 22:04:09,Me gusta,Web,Búsqueda
I002804,U01356,C0003,2025-03-22 23:00:46,Agregar a mi lista,Web,Recomendados
I002805,U01356,C0006,2025-11-25 13:40:07,Agregar a mi lista,Web,Inicio
I002806,U01356,C0023,2025-04-22 13:53:31,Compartir,Web,Recomendados
I002807,U01356,C0342,2025-06-04 22:32:14,Me gusta,Web,Inicio
I002808,U01356,C0319,2025-07-02 07:56:33,Agregar a mi lista,Web,Búsqueda
I002809,U00625,C0170,2025-11-11 13:08:10,Agregar a mi lista,Web,Inicio
I002810,U00625,C0393,2025-11-29 23:16:39,Me gusta,Web,Recomendados
I002811,U00625,C0408,2025-11-10 20:56:10,Clic recomendación,Web,Inicio
I002812,U00625,C0013,2025-11-27 19:42:17,Clic recomendación,Web,Recomendados
I002813,U00741,C0068,2025-10-12 10:40:15,Me gusta,App,Inicio
I002814,U00741,C0045,2025-10-29 20:32:13,Clic recomendación,App,Recomendados
I002815,U00741,C0066,2025-05-19 21:15:08,Clic recomendación,Web,Inicio
I002816,U01056,C0389,2025-03-24 19:46:39,Descarga,App,Continuar viendo
I002817,U01056,C0323,2025-03-08 20:43:11,Clic recomendación,App,Recomendados
I002818,U01056,C0041,2025-03-26 22:17:58,Me gusta,Web,Continuar viendo
I002819,U01056,C0327,2025-01-26 16:07:11,Clic recomendación,App,Recomendados
I002820,U01056,C0180,2025-07-06 16:48:26,Descarga,App,Continuar viendo
I002821,U01056,C0036,2025-01-31 20:04:27,No me gusta,App,Continuar viendo
I002822,U01056,C0417,2025-12-13 21:35:17,Clic recomendación,App,Recomendados
I002823,U01056,C0116,2025-08-25 13:14:14,Clic recomendación,App,Recomendados
I002824,U01056,C0095,2025-11-19 21:01:22,No me gusta,App,Recomendados
I002825,U01056,C0142,2025-03-24 19:15:14,Quitar de mi lista,App,Búsqueda
I002826,U01194,C0349,2025-11-30 00:27:24,Agregar a mi lista,App,Recomendados
I002827,U01194,C0004,2025-12-03 16:41:48,Agregar a mi lista,App,Continuar viendo
I002828,U01194,C0149,2025-11-20 20:24:27,Agregar a mi lista,App,Recomendados
I002829,U01408,C0380,2025-10-12 17:41:17,Me gusta,App,Inicio
I002830,U01408,C0354,2025-08-25 18:30:56,Me gusta,App,Inicio
I002831,U01408,C0416,2025-08-22 12:19:35,Me gusta,App,Tendencias
I002832,U01408,C0331,2025-09-05 22:34:02,No me gusta,App,Búsqueda
I002833,U01408,C0204,2025-10-16 02:36:20,Descarga,App,Recomendados
I002834,U01408,C0264,2025-08-25 18:46:55,Clic recomendación,App,Recomendados
I002835,U01087,C0080,2025-12-25 22:05:39,Agregar a mi lista,App,Continuar viendo
I002836,U01087,C0038,2025-05-27 17:54:01,Agregar a mi lista,App,Continuar viendo
I002837,U01087,C0017,2025-07-22 21:37:12,Descarga,App,Inicio
I002838,U01087,C0251,2025-05-07 12:30:45,Compartir,App,Inicio
I002839,U01087,C0082,2025-09-14 13:49:06,Clic recomendación,App,Inicio
I002840,U01087,C0296,2025-03-05 22:30:13,Compartir,App,Inicio
I002841,U01087,C0113,2025-10-04 19:44:13,Compartir,App,Continuar viendo
I002842,U01087,C0131,2025-12-28 18:25:39,Descarga,App,Continuar viendo
I002843,U00788,C0414,2025-05-23 01:19:30,Clic recomendación,App,Recomendados
I002844,U00788,C0410,2025-05-22 16:35:47,Agregar a mi lista,App,Búsqueda
I002845,U00788,C0096,2025-07-27 18:10:41,Clic recomendación,App,Recomendados
I002846,U00788,C0301,2025-07-27 12:25:07,Agregar a mi lista,App,Búsqueda
I002847,U00788,C0108,2025-07-22 19:10:31,Clic recomendación,App,Inicio
I002848,U00788,C0292,2025-06-03 20:59:43,Descarga,App,Recomendados
I002849,U00788,C0335,2025-06-25 14:38:37,Compartir,App,Tendencias
I002850,U00788,C0083,2025-09-04 19:47:09,Me gusta,App,Inicio
I002851,U00788,C0399,2025-08-30 21:55:25,Me gusta,App,Búsqueda
I002852,U00585,C0150,2025-08-02 16:16:35,Agregar a mi lista,App,Continuar viendo
I002853,U00585,C0111,2025-09-22 21:00:45,Me gusta,App,Inicio
I002854,U00585,C0056,2025-09-13 13:05:55,Clic recomendación,App,Tendencias
I002855,U00585,C0107,2025-08-14 20:53:21,Me gusta,App,Inicio
I002856,U00585,C0038,2025-08-24 23:01:29,Descarga,App,Tendencias
I002857,U00585,C0056,2025-08-12 19:15:29,Descarga,App,Inicio
I002858,U00585,C0413,2025-08-12 21:18:26,Me gusta,App,Inicio
I002859,U00585,C0281,2025-09-26 18:07:41,Clic recomendación,App,Recomendados
I002860,U00054,C0036,2025-05-19 11:38:00,Clic recomendación,Web,Recomendados
I002861,U00054,C0195,2025-07-21 19:35:11,Agregar a mi lista,Web,Recomendados
I002862,U00054,C0258,2025-04-08 11:56:51,Agregar a mi lista,Web,Inicio
I002863,U00054,C0418,2025-03-21 17:45:55,Compartir,Web,Inicio
I002864,U00054,C0264,2025-06-02 22:54:20,Agregar a mi lista,App,Recomendados
I002865,U01011,C0082,2025-03-01 01:40:31,No me gusta,App,Continuar viendo
I002866,U01011,C0029,2025-03-07 23:13:47,Agregar a mi lista,App,Búsqueda
I002867,U01011,C0116,2025-03-04 20:15:30,Clic recomendación,App,Recomendados
I002868,U01011,C0226,2025-02-26 21:32:23,No me gusta,App,Tendencias
I002869,U01443,C0180,2025-12-23 20:17:27,Me gusta,App,Continuar viendo
I002870,U01443,C0056,2025-12-21 22:38:22,Me gusta,App,Recomendados
I002871,U01443,C0304,2025-01-02 13:36:55,Agregar a mi lista,App,Tendencias
I002872,U01443,C0342,2025-03-14 21:26:36,No me gusta,App,Búsqueda
I002873,U01443,C0381,2025-10-13 22:55:55,Clic recomendación,App,Recomendados
I002874,U01443,C0289,2025-05-12 09:12:47,Agregar a mi lista,Web,Continuar viendo
I002875,U01443,C0372,2025-01-17 19:27:16,Clic recomendación,Web,Tendencias
I002876,U01443,C0219,2025-04-20 16:28:27,Clic recomendación,App,Inicio
I002877,U01434,C0273,2025-01-18 18:36:04,Me gusta,App,Recomendados
I002878,U01434,C0020,2025-04-18 22:59:07,Agregar a mi lista,App,Continuar viendo
I002879,U00899,C0048,2025-12-11 21:27:51,Agregar a mi lista,App,Recomendados
I002880,U00899,C0176,2025-11-12 23:09:51,Me gusta,App,Continuar viendo
I002881,U00899,C0028,2025-04-21 23:35:51,Quitar de mi lista,App,Búsqueda
I002882,U00899,C0305,2025-05-16 20:29:43,Agregar a mi lista,App,Recomendados
I002883,U00899,C0309,2025-12-23 12:39:17,Agregar a mi lista,App,Recomendados
I002884,U00899,C0300,2025-03-03 12:51:41,Agregar a mi lista,App,Inicio
I002885,U00899,C0106,2025-11-04 14:16:30,No me gusta,App,Continuar viendo
I002886,U00899,C0420,2025-12-02 14:52:16,Compartir,App,Tendencias
I002887,U00650,C0046,2025-07-12 23:18:48,Clic recomendación,App,Tendencias
I002888,U00650,C0354,2025-06-28 17:03:21,Clic recomendación,App,Tendencias
I002889,U00650,C0291,2025-06-25 21:48:04,Compartir,Web,Recomendados
I002890,U00650,C0088,2025-08-14 15:40:41,Agregar a mi lista,Web,Tendencias
I002891,U00650,C0201,2025-01-04 16:11:17,Compartir,App,Recomendados
I002892,U00650,C0052,2025-11-12 19:53:57,Clic recomendación,App,Recomendados
I002893,U00650,C0288,2025-10-16 02:35:47,No me gusta,Web,Continuar viendo
I002894,U00650,C0155,2025-03-19 18:24:36,Me gusta,Web,Continuar viendo
I002895,U00565,C0293,2025-08-14 20:58:43,Me gusta,App,Recomendados
I002896,U00565,C0083,2025-11-18 20:44:52,Descarga,App,Búsqueda
I002897,U01409,C0139,2025-09-01 14:20:11,No me gusta,App,Inicio
I002898,U01409,C0394,2025-01-09 20:06:01,Me gusta,Web,Continuar viendo
I002899,U01409,C0164,2025-12-20 17:41:22,Agregar a mi lista,Web,Tendencias
I002900,U01409,C0040,2025-08-25 08:12:23,Me gusta,App,Continuar viendo
I002901,U01409,C0159,2025-12-21 13:29:05,Me gusta,Web,Inicio
I002902,U01409,C0419,2025-06-22 17:42:20,Me gusta,App,Tendencias
I002903,U00356,C0086,2025-11-28 00:43:42,Quitar de mi lista,App,Recomendados
I002904,U00515,C0053,2025-10-14 16:19:34,Clic recomendación,Web,Recomendados
I002905,U00515,C0031,2025-03-09 16:05:48,Clic recomendación,App,Inicio
I002906,U00515,C0006,2025-02-17 22:29:25,Agregar a mi lista,App,Búsqueda
I002907,U00515,C0261,2025-03-27 21:27:57,Agregar a mi lista,App,Búsqueda
I002908,U00515,C0336,2025-05-31 19:33:52,Me gusta,Web,Recomendados
I002909,U00515,C0008,2025-09-17 23:56:07,Agregar a mi lista,Web,Continuar viendo
I002910,U00515,C0243,2025-02-04 20:17:38,Agregar a mi lista,Web,Inicio
I002911,U00515,C0132,2025-04-19 22:02:28,Agregar a mi lista,App,Continuar viendo
I002912,U00515,C0008,2025-01-05 21:12:27,Quitar de mi lista,App,Tendencias
I002913,U00515,C0026,2025-01-30 17:33:58,Clic recomendación,App,Recomendados
I002914,U01447,C0356,2025-06-29 17:21:51,Descarga,Web,Inicio
I002915,U01447,C0250,2025-07-10 20:54:00,Clic recomendación,Web,Recomendados
I002916,U01447,C0105,2025-05-18 14:10:28,Me gusta,Web,Tendencias
I002917,U01447,C0059,2025-11-09 22:39:51,Clic recomendación,Web,Recomendados
I002918,U01447,C0003,2025-11-01 19:23:19,Me gusta,Web,Inicio
I002919,U00320,C0348,2025-05-20 22:51:56,Agregar a mi lista,App,Tendencias
I002920,U00320,C0059,2025-11-06 10:00:43,Agregar a mi lista,App,Continuar viendo
I002921,U00320,C0263,2025-07-18 23:08:41,Clic recomendación,App,Recomendados
I002922,U01294,C0371,2025-04-06 10:54:14,Clic recomendación,Web,Recomendados
I002923,U01294,C0272,2025-06-25 14:45:00,Clic recomendación,Web,Recomendados
I002924,U01294,C0407,2025-08-09 18:53:09,Quitar de mi lista,App,Recomendados
I002925,U01294,C0126,2025-12-18 18:57:35,Quitar de mi lista,App,Recomendados
I002926,U01294,C0063,2025-05-30 20:17:57,Agregar a mi lista,Web,Recomendados
I002927,U01294,C0211,2025-11-24 19:47:35,Descarga,Web,Recomendados
I002928,U01294,C0231,2025-03-07 00:50:11,Compartir,Web,Continuar viendo
I002929,U01294,C0023,2025-10-25 13:39:20,Compartir,Web,Tendencias
I002930,U01294,C0264,2025-11-23 23:22:10,Agregar a mi lista,App,Inicio
I002931,U01294,C0057,2025-04-07 20:19:27,Agregar a mi lista,Web,Continuar viendo
I002932,U01072,C0119,2025-12-09 22:16:24,Clic recomendación,App,Recomendados
I002933,U01072,C0218,2025-05-17 23:52:50,Me gusta,App,Búsqueda
I002934,U01072,C0040,2025-01-03 01:02:56,Agregar a mi lista,App,Inicio
I002935,U01450,C0078,2025-05-10 13:07:18,Me gusta,Web,Recomendados
I002936,U01450,C0134,2025-02-28 21:22:11,Descarga,Web,Recomendados
I002937,U01450,C0332,2025-10-25 19:57:37,Me gusta,Web,Tendencias
I002938,U01450,C0069,2025-09-26 13:07:48,Descarga,Web,Inicio
I002939,U01450,C0038,2025-09-13 13:52:17,Agregar a mi lista,Web,Continuar viendo
I002940,U00508,C0179,2025-07-14 22:11:51,Clic recomendación,Web,Recomendados
I002941,U00508,C0341,2025-10-10 15:21:34,Clic recomendación,App,Tendencias
I002942,U00508,C0051,2025-01-09 08:11:29,Me gusta,Web,Búsqueda
I002943,U00508,C0091,2025-10-03 07:15:37,Clic recomendación,App,Recomendados
I002944,U00508,C0129,2025-12-18 22:09:40,Clic recomendación,Web,Recomendados
I002945,U00722,C0117,2025-06-12 14:21:33,Agregar a mi lista,App,Recomendados
I002946,U00722,C0159,2025-03-19 21:38:23,Me gusta,Web,Recomendados
I002947,U00722,C0326,2025-07-26 23:43:21,Clic recomendación,App,Recomendados
I002948,U00722,C0056,2025-09-22 10:58:03,Me gusta,Web,Búsqueda
I002949,U00722,C0021,2025-08-26 12:24:09,Clic recomendación,App,Recomendados
I002950,U00722,C0120,2025-08-27 07:20:23,Quitar de mi lista,Web,Continuar viendo
I002951,U01349,C0318,2025-02-25 21:52:32,Agregar a mi lista,Web,Recomendados
I002952,U01349,C0106,2025-10-02 00:44:20,Clic recomendación,Web,Recomendados
I002953,U01349,C0083,2025-01-02 00:10:38,Me gusta,Web,Búsqueda
I002954,U01349,C0237,2025-10-18 21:48:32,No me gusta,Web,Inicio
I002955,U01349,C0192,2025-07-30 04:26:29,Me gusta,Web,Búsqueda
I002956,U01349,C0251,2025-04-15 19:32:02,Clic recomendación,Web,Inicio
I002957,U01349,C0154,2025-02-27 21:15:56,Compartir,Web,Recomendados
I002958,U01349,C0193,2025-09-12 18:44:47,Agregar a mi lista,Web,Inicio
I002959,U01349,C0190,2025-08-17 16:28:38,Me gusta,Web,Tendencias
I002960,U01349,C0407,2025-11-21 23:27:09,Me gusta,Web,Recomendados
I002961,U00783,C0298,2025-01-22 00:37:53,Agregar a mi lista,App,Búsqueda
I002962,U00783,C0378,2025-01-11 00:14:06,Agregar a mi lista,App,Recomendados
I002963,U00783,C0068,2025-04-23 04:59:33,Compartir,App,Búsqueda
I002964,U00783,C0197,2025-01-24 20:13:54,Agregar a mi lista,App,Continuar viendo
I002965,U00783,C0230,2025-04-22 12:30:09,Me gusta,App,Recomendados
I002966,U00783,C0354,2025-01-14 08:51:53,Me gusta,App,Búsqueda
I002967,U00783,C0209,2025-01-09 22:06:33,Me gusta,App,Inicio
I002968,U00783,C0205,2025-03-27 23:21:06,Me gusta,App,Inicio
I002969,U00772,C0061,2025-07-15 19:30:36,Clic recomendación,App,Inicio
I002970,U00772,C0402,2025-05-25 23:51:35,Clic recomendación,App,Recomendados
I002971,U00772,C0031,2025-01-14 18:58:45,Agregar a mi lista,App,Recomendados
I002972,U00772,C0146,2025-02-07 19:16:24,Me gusta,App,Tendencias
I002973,U00772,C0401,2025-07-09 16:40:26,Agregar a mi lista,App,Tendencias
I002974,U00772,C0369,2025-07-12 21:53:55,Me gusta,App,Tendencias
I002975,U00772,C0035,2025-07-05 20:07:31,Compartir,App,Búsqueda
I002976,U00772,C0015,2025-01-28 07:35:45,Compartir,App,Búsqueda
I002977,U01183,C0388,2025-12-26 12:01:50,Agregar a mi lista,App,Recomendados
I002978,U01183,C0083,2025-07-02 12:50:27,Agregar a mi lista,App,Tendencias
I002979,U01183,C0200,2025-08-15 09:20:06,Clic recomendación,App,Recomendados
I002980,U00762,C0189,2025-10-26 23:22:38,Clic recomendación,App,Inicio
I002981,U00762,C0168,2025-05-16 15:12:31,Agregar a mi lista,App,Tendencias
I002982,U00762,C0112,2025-03-29 19:42:30,Me gusta,App,Recomendados
I002983,U00762,C0117,2025-12-06 20:41:45,Me gusta,App,Recomendados
I002984,U00781,C0380,2025-03-19 20:42:33,Descarga,App,Búsqueda
I002985,U00781,C0393,2025-03-14 00:39:16,Agregar a mi lista,App,Inicio
I002986,U00781,C0243,2025-04-25 12:39:52,Clic recomendación,App,Recomendados
I002987,U00781,C0281,2025-01-15 09:15:08,Clic recomendación,App,Recomendados
I002988,U01224,C0184,2025-09-25 15:51:06,Compartir,App,Tendencias
I002989,U01224,C0283,2025-12-13 22:11:03,Clic recomendación,App,Tendencias
I002990,U00429,C0403,2025-09-29 00:03:05,Quitar de mi lista,App,Recomendados
I002991,U00758,C0359,2025-06-28 18:07:06,Agregar a mi lista,App,Continuar viendo
I002992,U00758,C0277,2025-11-16 20:34:48,Agregar a mi lista,Web,Inicio
I002993,U00758,C0180,2025-02-12 11:13:17,Clic recomendación,Web,Recomendados
I002994,U00758,C0401,2025-06-17 19:42:34,No me gusta,Web,Recomendados
I002995,U00758,C0046,2025-04-06 21:24:48,Me gusta,App,Búsqueda
I002996,U00758,C0004,2025-12-30 21:43:49,Agregar a mi lista,App,Continuar viendo
I002997,U00758,C0055,2025-10-29 22:18:05,Agregar a mi lista,App,Recomendados
I002998,U00758,C0211,2025-07-28 11:15:25,Me gusta,App,Inicio
I002999,U00472,C0371,2025-03-31 19:43:08,Descarga,Web,Inicio
I003000,U00472,C0258,2025-02-10 00:01:41,Descarga,Web,Recomendados
I003001,U00472,C0246,2025-02-18 03:10:13,Quitar de mi lista,Web,Continuar viendo
I003002,U01110,C0121,2025-08-10 22:18:34,Me gusta,App,Búsqueda
I003003,U01110,C0126,2025-11-18 02:23:45,Me gusta,App,Búsqueda
I003004,U00985,C0125,2025-04-01 22:21:22,Agregar a mi lista,App,Búsqueda
I003005,U00985,C0400,2025-05-22 21:23:17,Me gusta,App,Búsqueda
I003006,U00985,C0236,2025-12-04 18:16:00,Quitar de mi lista,App,Búsqueda
I003007,U00985,C0313,2025-05-13 23:29:55,Clic recomendación,App,Recomendados
I003008,U00985,C0001,2025-01-15 22:36:29,Clic recomendación,App,Recomendados
I003009,U00287,C0242,2025-05-22 19:55:59,Agregar a mi lista,App,Recomendados
I003010,U00287,C0098,2025-06-02 00:36:22,Me gusta,Web,Recomendados
I003011,U00287,C0268,2025-06-07 16:30:35,Agregar a mi lista,Web,Recomendados
I003012,U00287,C0129,2025-05-05 17:54:44,Compartir,Web,Inicio
I003013,U00287,C0067,2025-06-16 21:52:10,Me gusta,App,Continuar viendo
I003014,U00287,C0043,2025-09-15 09:40:36,Clic recomendación,App,Recomendados
I003015,U00287,C0309,2025-04-01 20:06:05,Agregar a mi lista,Web,Inicio
I003016,U00287,C0094,2025-08-16 23:28:04,Me gusta,Web,Recomendados
I003017,U00993,C0133,2025-01-28 03:05:02,Me gusta,App,Recomendados
I003018,U00993,C0103,2025-02-14 18:31:41,Agregar a mi lista,App,Búsqueda
I003019,U00993,C0048,2025-04-01 19:07:47,Agregar a mi lista,Web,Continuar viendo
I003020,U00993,C0206,2025-06-30 15:11:39,Agregar a mi lista,Web,Recomendados
I003021,U00993,C0083,2025-01-15 15:39:16,Agregar a mi lista,App,Inicio
I003022,U00993,C0137,2025-03-14 09:57:59,Agregar a mi lista,App,Búsqueda
I003023,U00300,C0373,2025-08-12 18:51:16,Agregar a mi lista,App,Tendencias
I003024,U00300,C0369,2025-06-28 13:07:22,Agregar a mi lista,App,Inicio
I003025,U00300,C0383,2025-04-12 22:27:06,Descarga,App,Continuar viendo
I003026,U00300,C0349,2025-08-07 17:50:55,Clic recomendación,App,Tendencias
I003027,U00300,C0086,2025-04-09 00:24:59,Me gusta,App,Recomendados
I003028,U00300,C0376,2025-05-25 09:10:58,Clic recomendación,App,Tendencias
I003029,U01281,C0042,2025-06-04 20:06:08,Compartir,App,Recomendados
I003030,U01281,C0074,2025-06-09 17:20:30,No me gusta,App,Búsqueda
I003031,U01281,C0049,2025-01-17 21:08:55,Clic recomendación,App,Inicio
I003032,U01281,C0339,2025-06-22 19:03:20,Me gusta,App,Recomendados
I003033,U01278,C0383,2025-10-01 21:44:29,Clic recomendación,App,Recomendados
I003034,U01278,C0416,2025-11-13 12:24:35,Agregar a mi lista,App,Continuar viendo
I003035,U00644,C0005,2025-10-20 23:13:02,Clic recomendación,Web,Inicio
I003036,U00644,C0079,2025-09-27 21:49:17,Clic recomendación,Web,Inicio
I003037,U00644,C0126,2025-09-09 18:32:13,Clic recomendación,Web,Recomendados
I003038,U00644,C0130,2025-12-24 15:26:31,Clic recomendación,App,Inicio
I003039,U00644,C0004,2025-12-02 15:23:23,Clic recomendación,Web,Inicio
I003040,U00644,C0018,2025-11-18 17:46:52,Clic recomendación,Web,Recomendados
I003041,U00644,C0324,2025-09-12 12:11:40,Agregar a mi lista,Web,Recomendados
I003042,U00644,C0364,2025-11-13 01:01:39,Quitar de mi lista,App,Recomendados
I003043,U00644,C0416,2025-08-30 19:12:06,Me gusta,App,Tendencias
I003044,U00644,C0314,2025-09-16 02:49:20,Clic recomendación,Web,Recomendados
I003045,U00338,C0039,2025-12-05 06:02:18,Agregar a mi lista,App,Búsqueda
I003046,U00338,C0123,2025-10-27 00:14:19,Me gusta,App,Inicio
I003047,U00338,C0218,2025-10-30 19:10:51,Agregar a mi lista,App,Recomendados
I003048,U00338,C0004,2025-10-23 22:13:11,Me gusta,App,Continuar viendo
I003049,U00338,C0083,2025-12-15 00:22:19,Agregar a mi lista,App,Continuar viendo
I003050,U00182,C0246,2025-05-19 20:33:05,Quitar de mi lista,App,Recomendados
I003051,U00182,C0190,2025-11-20 19:07:43,Clic recomendación,App,Inicio
I003052,U00182,C0097,2025-09-08 23:27:02,Quitar de mi lista,App,Continuar viendo
I003053,U00182,C0355,2025-12-08 04:56:30,Compartir,App,Recomendados
I003054,U00182,C0071,2025-09-20 22:28:04,Compartir,App,Inicio
I003055,U00418,C0026,2025-07-21 02:04:32,Quitar de mi lista,App,Recomendados
I003056,U00418,C0202,2025-01-07 21:19:41,Clic recomendación,App,Tendencias
I003057,U00418,C0216,2025-01-11 22:47:25,Clic recomendación,App,Recomendados
I003058,U00418,C0393,2025-08-23 21:30:06,Descarga,App,Búsqueda
I003059,U00418,C0272,2025-02-24 22:30:37,Compartir,App,Inicio
I003060,U00418,C0192,2025-02-07 00:20:08,Descarga,App,Recomendados
I003061,U00859,C0291,2025-07-26 19:23:30,Descarga,App,Tendencias
I003062,U00859,C0013,2025-06-21 22:30:21,Me gusta,App,Recomendados
I003063,U00859,C0357,2025-08-02 11:33:53,No me gusta,App,Recomendados
I003064,U00859,C0215,2025-05-28 14:15:36,Compartir,App,Recomendados
I003065,U00859,C0397,2025-08-05 13:50:34,Agregar a mi lista,App,Continuar viendo
I003066,U00859,C0400,2025-07-28 16:40:45,Compartir,App,Inicio
I003067,U00859,C0321,2025-07-20 10:36:04,Agregar a mi lista,App,Continuar viendo
I003068,U00859,C0243,2025-08-02 16:53:58,Quitar de mi lista,App,Tendencias
I003069,U00859,C0034,2025-07-13 16:58:59,Agregar a mi lista,App,Recomendados
I003070,U00859,C0333,2025-06-08 13:07:04,Clic recomendación,App,Recomendados
I003071,U01417,C0192,2025-03-27 23:08:53,Descarga,App,Continuar viendo
I003072,U01417,C0057,2025-02-19 18:47:44,Compartir,App,Tendencias
I003073,U01417,C0099,2025-05-13 19:28:36,Compartir,App,Recomendados
I003074,U01417,C0377,2025-04-02 23:40:33,Agregar a mi lista,App,Recomendados
I003075,U01417,C0263,2025-03-18 19:35:10,Me gusta,App,Inicio
I003076,U01417,C0380,2025-04-02 20:57:21,Compartir,App,Tendencias
I003077,U01417,C0395,2025-02-08 14:51:49,No me gusta,App,Continuar viendo
I003078,U01417,C0244,2025-03-20 18:33:14,Clic recomendación,App,Recomendados
I003079,U00029,C0342,2025-04-14 19:50:09,Clic recomendación,App,Inicio
I003080,U00029,C0152,2025-03-06 18:40:41,No me gusta,Web,Inicio
I003081,U00029,C0228,2025-08-29 06:48:20,Quitar de mi lista,Web,Búsqueda
I003082,U00029,C0005,2025-04-20 14:11:28,Compartir,Web,Búsqueda
I003083,U00665,C0265,2025-04-23 12:36:20,Agregar a mi lista,App,Búsqueda
I003084,U00665,C0201,2025-02-11 00:02:40,Me gusta,Web,Continuar viendo
I003085,U00665,C0369,2025-03-09 16:48:17,Me gusta,Web,Continuar viendo
I003086,U00665,C0013,2025-02-08 19:01:59,Clic recomendación,Web,Recomendados
I003087,U00665,C0195,2025-03-23 19:33:38,Agregar a mi lista,App,Continuar viendo
I003088,U00665,C0316,2025-02-16 11:03:37,Me gusta,App,Inicio
I003089,U00665,C0015,2025-05-26 18:35:46,Me gusta,Web,Continuar viendo
I003090,U00665,C0367,2025-02-08 23:36:57,Quitar de mi lista,Web,Recomendados
I003091,U00665,C0329,2025-02-01 20:59:32,No me gusta,App,Recomendados
I003092,U00665,C0062,2025-04-10 17:21:27,Me gusta,Web,Continuar viendo
I003093,U00665,C0259,2025-04-10 19:57:47,No me gusta,Web,Inicio
I003094,U01108,C0005,2025-07-21 05:36:48,Agregar a mi lista,Web,Tendencias
I003095,U01108,C0098,2025-09-24 01:06:06,Agregar a mi lista,App,Recomendados
I003096,U01108,C0090,2025-09-23 10:23:06,Descarga,Web,Recomendados
I003097,U01108,C0101,2025-07-14 10:16:37,Clic recomendación,App,Inicio
I003098,U01108,C0218,2025-09-19 21:41:34,Clic recomendación,Web,Recomendados
I003099,U01108,C0119,2025-09-10 15:12:20,Clic recomendación,App,Recomendados
I003100,U00682,C0213,2025-08-15 11:16:14,Clic recomendación,Web,Recomendados
I003101,U00682,C0229,2025-11-29 21:35:47,Compartir,App,Continuar viendo
I003102,U00682,C0014,2025-03-12 15:42:23,Me gusta,Web,Búsqueda
I003103,U00682,C0152,2025-05-10 10:47:39,Me gusta,App,Búsqueda
I003104,U00682,C0161,2025-04-04 17:54:32,Agregar a mi lista,App,Continuar viendo
I003105,U00682,C0168,2025-03-14 10:34:53,Me gusta,Web,Inicio
I003106,U00348,C0387,2025-09-18 20:44:12,Clic recomendación,App,Recomendados
I003107,U00348,C0027,2025-09-02 23:39:24,Clic recomendación,App,Inicio
I003108,U00348,C0155,2025-07-15 22:40:23,Clic recomendación,App,Recomendados
I003109,U00348,C0120,2025-09-02 17:16:39,Clic recomendación,App,Recomendados
I003110,U00348,C0099,2025-09-03 16:41:05,No me gusta,App,Recomendados
I003111,U00714,C0097,2025-04-04 18:36:32,Agregar a mi lista,App,Inicio
I003112,U00714,C0281,2025-06-28 21:57:21,Agregar a mi lista,App,Inicio
I003113,U00733,C0349,2025-12-22 23:44:25,No me gusta,App,Inicio
I003114,U00733,C0205,2025-06-03 10:22:22,Descarga,App,Inicio
I003115,U00008,C0370,2025-03-02 22:51:24,Clic recomendación,Web,Inicio
I003116,U00008,C0046,2025-02-06 11:52:00,Me gusta,Web,Recomendados
I003117,U00008,C0325,2025-03-02 21:39:04,Me gusta,Web,Tendencias
I003118,U00008,C0145,2025-03-07 22:06:04,Clic recomendación,Web,Tendencias
I003119,U00176,C0393,2025-06-05 21:09:13,Me gusta,App,Inicio
I003120,U00176,C0295,2025-12-01 23:30:28,Agregar a mi lista,App,Continuar viendo
I003121,U00176,C0108,2025-03-08 11:31:47,Agregar a mi lista,App,Recomendados
I003122,U00176,C0248,2025-08-29 17:31:46,Me gusta,App,Inicio
I003123,U00176,C0355,2025-01-19 00:32:21,Clic recomendación,App,Inicio
I003124,U00176,C0006,2025-03-17 09:06:37,Compartir,App,Búsqueda
I003125,U00476,C0344,2025-10-03 15:04:43,Agregar a mi lista,App,Inicio
I003126,U00476,C0057,2025-08-13 15:37:52,Clic recomendación,App,Recomendados
I003127,U00476,C0113,2025-03-30 01:48:25,Agregar a mi lista,App,Recomendados
I003128,U00476,C0107,2025-09-04 18:14:57,Me gusta,App,Continuar viendo
I003129,U00476,C0174,2025-11-07 20:20:21,Compartir,App,Recomendados
I003130,U00476,C0270,2025-10-12 13:13:18,Me gusta,App,Inicio
I003131,U00203,C0235,2025-07-12 00:02:47,Clic recomendación,App,Inicio
I003132,U00203,C0359,2025-07-11 00:33:16,Quitar de mi lista,App,Continuar viendo
I003133,U00203,C0359,2025-05-30 21:45:24,Compartir,App,Continuar viendo
I003134,U00203,C0068,2025-05-10 10:12:22,Clic recomendación,App,Recomendados
I003135,U01120,C0079,2025-05-26 10:27:36,Clic recomendación,Web,Recomendados
I003136,U01120,C0146,2025-07-13 21:12:20,Clic recomendación,Web,Inicio
I003137,U01120,C0070,2025-05-29 21:40:10,Compartir,Web,Búsqueda
I003138,U01120,C0358,2025-08-08 22:14:22,Agregar a mi lista,Web,Inicio
I003139,U01120,C0270,2025-08-31 17:52:43,Agregar a mi lista,Web,Recomendados
I003140,U01120,C0242,2025-08-14 12:56:58,Agregar a mi lista,Web,Continuar viendo
I003141,U01120,C0323,2025-06-22 20:53:43,Clic recomendación,Web,Recomendados
I003142,U01120,C0348,2025-08-17 23:29:53,No me gusta,Web,Búsqueda
I003143,U01120,C0106,2025-05-21 20:20:08,Compartir,Web,Búsqueda
I003144,U01120,C0078,2025-07-13 22:49:51,Compartir,Web,Recomendados
I003145,U00359,C0387,2025-05-06 22:21:23,Clic recomendación,Web,Inicio
I003146,U00359,C0318,2025-09-26 12:30:06,Clic recomendación,App,Inicio
I003147,U00359,C0387,2025-12-29 11:57:10,Descarga,Web,Recomendados
I003148,U00416,C0204,2025-12-23 17:19:02,Agregar a mi lista,App,Inicio
I003149,U00416,C0024,2025-01-15 00:27:30,Agregar a mi lista,App,Tendencias
I003150,U00416,C0318,2025-08-28 16:55:35,Agregar a mi lista,App,Búsqueda
I003151,U00416,C0264,2025-12-15 15:20:34,Me gusta,App,Recomendados
I003152,U00416,C0117,2025-10-07 03:30:06,Me gusta,Web,Recomendados
I003153,U00366,C0168,2025-11-08 21:50:26,Compartir,App,Inicio
I003154,U00366,C0139,2025-02-02 17:56:11,Quitar de mi lista,App,Inicio
I003155,U00366,C0219,2025-07-14 07:58:40,Quitar de mi lista,App,Inicio
I003156,U00366,C0343,2025-10-02 07:48:03,Me gusta,App,Tendencias
I003157,U00366,C0111,2025-05-03 06:07:41,Clic recomendación,App,Recomendados
I003158,U00366,C0337,2025-12-06 20:54:42,No me gusta,App,Inicio
I003159,U01046,C0021,2025-12-24 13:25:34,No me gusta,App,Búsqueda
I003160,U01046,C0308,2025-12-09 13:59:33,Clic recomendación,App,Recomendados
I003161,U01046,C0285,2025-12-08 21:34:32,Agregar a mi lista,Web,Búsqueda
I003162,U01046,C0215,2025-11-20 23:55:37,Me gusta,Web,Recomendados
I003163,U01046,C0202,2025-12-19 00:12:11,Agregar a mi lista,Web,Recomendados
I003164,U01046,C0413,2025-12-12 22:34:36,Clic recomendación,Web,Recomendados
I003165,U01046,C0042,2025-12-13 00:30:54,Clic recomendación,Web,Recomendados
I003166,U01046,C0094,2025-12-08 09:23:13,Agregar a mi lista,App,Tendencias
I003167,U01046,C0052,2025-11-29 13:46:37,No me gusta,Web,Inicio
I003168,U01046,C0344,2025-12-16 21:56:51,Descarga,App,Búsqueda
I003169,U00873,C0168,2025-12-02 22:09:51,Clic recomendación,App,Recomendados
I003170,U00873,C0184,2025-12-13 20:38:12,Quitar de mi lista,App,Búsqueda
I003171,U00873,C0348,2025-12-30 20:53:43,Clic recomendación,App,Recomendados
I003172,U00873,C0069,2025-12-18 17:32:02,Quitar de mi lista,Web,Inicio
I003173,U00873,C0105,2025-12-01 20:58:31,Me gusta,App,Recomendados
I003174,U00873,C0248,2025-12-12 02:59:32,Me gusta,App,Recomendados
I003175,U01099,C0299,2025-08-13 08:01:02,Agregar a mi lista,App,Tendencias
I003176,U01099,C0177,2025-12-26 23:45:25,Me gusta,App,Inicio
I003177,U01099,C0300,2025-05-17 09:54:30,Compartir,App,Inicio
I003178,U01099,C0149,2025-02-27 17:05:38,Quitar de mi lista,App,Recomendados
I003179,U01099,C0377,2025-01-08 22:42:48,Descarga,App,Inicio
I003180,U01099,C0159,2025-09-19 09:22:48,Me gusta,App,Tendencias
I003181,U01099,C0373,2025-08-07 19:44:57,Clic recomendación,App,Recomendados
I003182,U01099,C0216,2025-05-09 18:44:17,Clic recomendación,App,Recomendados
I003183,U01156,C0383,2025-08-14 18:52:46,Clic recomendación,App,Inicio
I003184,U01156,C0352,2025-06-04 17:19:49,Me gusta,App,Continuar viendo
I003185,U01156,C0111,2025-08-23 15:12:32,Agregar a mi lista,App,Inicio
I003186,U01156,C0019,2025-12-25 10:26:53,Me gusta,App,Continuar viendo
I003187,U01156,C0290,2025-12-16 00:01:43,Me gusta,App,Inicio
I003188,U01156,C0166,2025-06-04 23:55:31,Clic recomendación,App,Recomendados
I003189,U00201,C0113,2025-11-07 14:05:54,Clic recomendación,Web,Inicio
I003190,U00201,C0111,2025-06-13 19:30:56,Clic recomendación,Web,Recomendados
I003191,U00201,C0235,2025-01-22 20:06:26,Clic recomendación,Web,Recomendados
I003192,U00201,C0189,2025-04-09 11:38:23,Clic recomendación,Web,Recomendados
I003193,U00201,C0174,2025-11-03 18:23:43,Me gusta,Web,Tendencias
I003194,U00201,C0066,2025-10-28 18:34:41,Descarga,Web,Inicio
I003195,U00201,C0162,2025-01-24 21:24:33,Me gusta,Web,Continuar viendo
I003196,U00201,C0214,2025-05-09 18:07:40,Me gusta,Web,Recomendados
I003197,U00965,C0420,2025-01-18 14:18:20,Me gusta,Web,Continuar viendo
I003198,U00965,C0161,2025-06-20 22:56:37,Agregar a mi lista,Web,Inicio
I003199,U00965,C0065,2025-10-01 19:58:51,No me gusta,Web,Continuar viendo
I003200,U00965,C0022,2025-06-26 00:00:35,Clic recomendación,Web,Inicio
I003201,U00965,C0108,2025-01-23 21:20:20,Quitar de mi lista,Web,Continuar viendo
I003202,U00965,C0307,2025-01-08 22:14:52,Agregar a mi lista,Web,Inicio
I003203,U00965,C0158,2025-05-28 15:00:23,Clic recomendación,Web,Recomendados
I003204,U00965,C0189,2025-05-30 13:28:12,Agregar a mi lista,Web,Inicio
I003205,U00965,C0096,2025-06-01 19:13:13,Agregar a mi lista,Web,Recomendados
I003206,U00965,C0040,2025-10-29 00:20:04,Me gusta,Web,Búsqueda
I003207,U01094,C0243,2025-10-06 22:57:39,Agregar a mi lista,App,Recomendados
I003208,U01094,C0277,2025-01-01 17:29:18,Agregar a mi lista,App,Inicio
I003209,U01094,C0159,2025-03-01 22:59:27,Agregar a mi lista,App,Inicio
I003210,U01094,C0186,2025-01-09 21:35:57,Clic recomendación,App,Tendencias
I003211,U01094,C0032,2025-03-27 23:38:07,Clic recomendación,App,Recomendados
I003212,U01094,C0234,2025-08-15 17:01:52,Compartir,App,Inicio
I003213,U01094,C0090,2025-12-24 08:59:53,Agregar a mi lista,App,Búsqueda
I003214,U01094,C0270,2025-12-31 21:01:37,Me gusta,App,Inicio
I003215,U01094,C0063,2025-07-05 03:07:31,Descarga,App,Recomendados
I003216,U01094,C0154,2025-06-20 09:11:39,Clic recomendación,App,Recomendados
I003217,U01153,C0402,2025-01-03 12:25:52,Clic recomendación,App,Recomendados
I003218,U01153,C0163,2025-08-10 20:23:57,Clic recomendación,App,Recomendados
I003219,U01153,C0380,2025-11-02 18:17:35,Agregar a mi lista,App,Recomendados
I003220,U01153,C0049,2025-01-15 21:11:05,Clic recomendación,Web,Recomendados
I003221,U01153,C0080,2025-12-13 19:15:22,Clic recomendación,App,Recomendados
I003222,U01153,C0006,2025-02-03 15:32:21,Agregar a mi lista,App,Tendencias
I003223,U01153,C0027,2025-02-15 22:19:46,Clic recomendación,Web,Tendencias
I003224,U01153,C0276,2025-10-13 17:11:30,Descarga,App,Inicio
I003225,U00465,C0015,2025-08-29 13:21:23,Quitar de mi lista,App,Recomendados
I003226,U00465,C0278,2025-10-06 18:43:50,Descarga,App,Tendencias
I003227,U00465,C0108,2025-10-29 23:00:12,Agregar a mi lista,App,Continuar viendo
I003228,U00465,C0304,2025-08-20 10:57:45,Me gusta,App,Tendencias
I003229,U00465,C0367,2025-12-08 08:30:12,Clic recomendación,App,Tendencias
I003230,U00079,C0209,2025-03-30 21:43:21,Clic recomendación,App,Recomendados
I003231,U00079,C0189,2025-05-30 09:42:44,Agregar a mi lista,Web,Tendencias
I003232,U01140,C0149,2025-07-15 03:43:17,Clic recomendación,App,Inicio
I003233,U01140,C0013,2025-12-04 20:56:58,Clic recomendación,App,Recomendados
I003234,U01140,C0230,2025-08-23 00:13:15,Me gusta,App,Inicio
I003235,U01140,C0028,2025-08-02 10:23:40,Clic recomendación,App,Tendencias
I003236,U01140,C0170,2025-04-14 22:11:12,Clic recomendación,App,Recomendados
I003237,U01140,C0141,2025-09-04 17:33:08,Me gusta,App,Continuar viendo
I003238,U01140,C0415,2025-08-17 23:33:19,Descarga,App,Continuar viendo
I003239,U01140,C0255,2025-08-28 17:17:30,Me gusta,App,Búsqueda
I003240,U01140,C0334,2025-01-31 10:35:41,Clic recomendación,App,Recomendados
I003241,U01140,C0006,2025-10-01 21:01:25,Agregar a mi lista,App,Recomendados
I003242,U01140,C0331,2025-03-06 17:05:05,No me gusta,App,Búsqueda
I003243,U01140,C0094,2025-07-15 12:00:46,Clic recomendación,App,Recomendados
I003244,U00636,C0126,2025-11-24 21:18:14,Agregar a mi lista,Web,Inicio
I003245,U00636,C0418,2025-09-15 20:45:58,Me gusta,Web,Continuar viendo
I003246,U00636,C0344,2025-06-04 22:05:27,Clic recomendación,Web,Tendencias
I003247,U00636,C0201,2025-03-30 01:21:40,Clic recomendación,Web,Inicio
I003248,U00636,C0252,2025-01-12 14:28:36,Me gusta,Web,Búsqueda
I003249,U00636,C0202,2025-08-10 11:25:17,Me gusta,Web,Tendencias
I003250,U00636,C0288,2025-03-30 21:41:07,Descarga,Web,Recomendados
I003251,U00636,C0334,2025-02-20 18:29:37,Me gusta,Web,Continuar viendo
I003252,U01007,C0193,2025-07-03 18:42:36,Me gusta,Web,Tendencias
I003253,U00647,C0119,2025-12-04 17:57:07,Quitar de mi lista,App,Búsqueda
I003254,U00647,C0391,2025-12-27 17:38:38,Agregar a mi lista,App,Tendencias
I003255,U00647,C0356,2025-11-20 03:35:40,Agregar a mi lista,App,Inicio
I003256,U00468,C0251,2025-08-25 12:55:30,Clic recomendación,App,Recomendados
I003257,U00468,C0294,2025-12-06 22:03:41,Clic recomendación,App,Recomendados
I003258,U00468,C0210,2025-02-06 16:50:58,Clic recomendación,App,Inicio
I003259,U00468,C0374,2025-02-27 13:55:11,Me gusta,App,Tendencias
I003260,U00468,C0241,2025-11-23 16:45:55,Descarga,App,Recomendados
I003261,U01123,C0317,2025-08-31 14:37:01,Agregar a mi lista,Web,Inicio
I003262,U00555,C0055,2025-02-22 12:01:07,Clic recomendación,App,Tendencias
I003263,U01321,C0007,2025-04-09 09:25:03,Clic recomendación,App,Inicio
I003264,U01321,C0187,2025-05-24 22:52:12,Me gusta,App,Recomendados
I003265,U01321,C0057,2025-01-01 19:53:26,Quitar de mi lista,App,Recomendados
I003266,U01321,C0256,2025-03-09 11:43:04,Me gusta,App,Tendencias
I003267,U01321,C0211,2025-01-09 20:37:51,Agregar a mi lista,App,Tendencias
I003268,U00661,C0067,2025-03-07 20:48:15,Descarga,App,Continuar viendo
I003269,U00661,C0198,2025-04-20 22:26:38,Descarga,App,Inicio
I003270,U00661,C0251,2025-12-22 13:37:57,Clic recomendación,App,Inicio
I003271,U00661,C0070,2025-09-04 22:29:38,Me gusta,App,Continuar viendo
I003272,U00661,C0054,2025-04-15 22:00:44,Me gusta,App,Recomendados
I003273,U01171,C0198,2025-08-03 10:27:11,Me gusta,Web,Continuar viendo
I003274,U01171,C0270,2025-03-19 22:43:50,Agregar a mi lista,Web,Recomendados
I003275,U00387,C0171,2025-09-13 14:46:37,Agregar a mi lista,App,Inicio
I003276,U00387,C0294,2025-07-15 20:37:07,Clic recomendación,App,Tendencias
I003277,U00955,C0343,2025-01-16 22:31:34,Clic recomendación,App,Inicio
I003278,U00955,C0093,2025-03-13 20:31:05,Clic recomendación,App,Recomendados
I003279,U00955,C0290,2025-03-17 19:02:41,Me gusta,App,Inicio
I003280,U00284,C0326,2025-01-30 19:06:46,Me gusta,App,Tendencias
I003281,U00284,C0269,2025-06-30 05:24:47,Me gusta,App,Tendencias
I003282,U01086,C0190,2025-05-31 20:44:57,Me gusta,App,Búsqueda
I003283,U01086,C0267,2025-08-11 23:39:30,Clic recomendación,App,Tendencias
I003284,U01086,C0011,2025-09-30 07:39:17,Clic recomendación,App,Inicio
I003285,U00923,C0029,2025-06-25 18:43:01,Me gusta,App,Continuar viendo
I003286,U00923,C0273,2025-11-07 18:57:03,Clic recomendación,App,Recomendados
I003287,U00923,C0334,2025-08-21 09:01:31,Clic recomendación,App,Recomendados
I003288,U00923,C0254,2025-07-31 22:34:15,Clic recomendación,App,Recomendados
I003289,U00923,C0166,2025-04-07 23:06:34,Agregar a mi lista,App,Recomendados
I003290,U01066,C0056,2025-02-12 23:36:14,Clic recomendación,App,Recomendados
I003291,U01066,C0228,2025-06-26 09:47:02,Clic recomendación,App,Recomendados
I003292,U01066,C0380,2025-07-02 18:44:48,Clic recomendación,App,Recomendados
I003293,U01066,C0072,2025-01-28 16:08:43,Agregar a mi lista,App,Inicio
I003294,U01066,C0068,2025-06-15 19:52:41,No me gusta,App,Búsqueda
I003295,U01066,C0063,2025-04-16 19:59:18,No me gusta,App,Recomendados
I003296,U01066,C0403,2025-02-01 20:10:44,Clic recomendación,App,Inicio
I003297,U01066,C0170,2025-06-09 19:09:37,Descarga,App,Continuar viendo
I003298,U01066,C0288,2025-01-27 05:49:04,Clic recomendación,App,Recomendados
I003299,U01066,C0310,2025-07-03 14:15:12,Clic recomendación,App,Tendencias
I003300,U01077,C0366,2025-06-19 17:09:55,Clic recomendación,App,Recomendados
I003301,U01369,C0130,2025-12-13 11:55:11,Quitar de mi lista,App,Recomendados
I003302,U01369,C0112,2025-11-29 00:37:03,Clic recomendación,Web,Recomendados
I003303,U01369,C0305,2025-12-03 20:15:50,Clic recomendación,Web,Recomendados
I003304,U01369,C0171,2025-11-23 00:41:41,Me gusta,App,Recomendados
I003305,U01369,C0163,2025-11-26 18:50:01,No me gusta,App,Continuar viendo
I003306,U01369,C0366,2025-12-30 10:58:13,Me gusta,Web,Continuar viendo
I003307,U01369,C0142,2025-12-15 14:22:52,Me gusta,App,Recomendados
I003308,U01369,C0210,2025-12-27 21:57:30,Agregar a mi lista,App,Tendencias
I003309,U00745,C0111,2025-01-25 18:15:32,Agregar a mi lista,App,Continuar viendo
I003310,U00745,C0349,2025-01-08 12:04:25,Agregar a mi lista,App,Tendencias
I003311,U00745,C0214,2025-01-05 08:54:17,Me gusta,App,Continuar viendo
I003312,U00745,C0398,2025-01-29 08:32:48,Me gusta,App,Tendencias
I003313,U00732,C0133,2025-07-17 13:36:24,Compartir,App,Tendencias
I003314,U00732,C0070,2025-11-23 23:20:11,Agregar a mi lista,App,Recomendados
I003315,U00732,C0174,2025-12-12 23:50:52,Clic recomendación,App,Inicio
I003316,U00892,C0367,2025-01-08 20:27:28,Me gusta,Web,Inicio
I003317,U00892,C0298,2025-03-04 14:28:35,Me gusta,App,Búsqueda
I003318,U00892,C0003,2025-07-10 23:44:38,Descarga,Web,Inicio
I003319,U00892,C0391,2025-10-13 12:56:35,Me gusta,App,Inicio
I003320,U00541,C0067,2025-03-08 23:28:07,Me gusta,App,Recomendados
I003321,U00541,C0199,2025-05-30 18:53:09,Clic recomendación,App,Inicio
I003322,U00478,C0240,2025-04-06 21:18:19,Compartir,Web,Continuar viendo
I003323,U00478,C0277,2025-04-28 22:18:52,Me gusta,Web,Recomendados
I003324,U00478,C0387,2025-03-05 12:09:13,Me gusta,Web,Inicio
I003325,U00478,C0219,2025-02-04 17:58:17,Clic recomendación,Web,Inicio
I003326,U00478,C0194,2025-06-26 09:10:35,No me gusta,Web,Inicio
I003327,U00478,C0042,2025-03-31 20:13:32,Clic recomendación,Web,Recomendados
I003328,U00213,C0404,2025-10-19 01:38:22,Clic recomendación,App,Tendencias
I003329,U00213,C0091,2025-04-09 18:04:56,Me gusta,App,Continuar viendo
I003330,U00213,C0313,2025-09-22 22:33:09,Agregar a mi lista,App,Recomendados
I003331,U00556,C0222,2025-11-21 19:01:06,Clic recomendación,App,Inicio
I003332,U00556,C0135,2025-12-02 17:25:51,Clic recomendación,App,Inicio
I003333,U00273,C0123,2025-11-30 23:53:50,Me gusta,App,Búsqueda
I003334,U01022,C0185,2025-08-11 19:42:46,Me gusta,App,Continuar viendo
I003335,U01022,C0304,2025-01-22 07:51:43,No me gusta,App,Tendencias
I003336,U01022,C0146,2025-07-08 00:53:01,Clic recomendación,App,Inicio
I003337,U01022,C0008,2025-02-18 21:32:46,Clic recomendación,App,Inicio
I003338,U01367,C0034,2025-08-05 00:09:23,Clic recomendación,App,Inicio
I003339,U01367,C0221,2025-11-25 21:06:36,Me gusta,App,Inicio
I003340,U01367,C0313,2025-08-07 21:36:50,Me gusta,App,Tendencias
I003341,U00454,C0193,2025-07-27 15:08:14,Clic recomendación,App,Inicio
I003342,U00454,C0061,2025-06-25 21:39:14,No me gusta,App,Búsqueda
I003343,U00454,C0352,2025-06-17 09:11:27,Me gusta,App,Inicio
I003344,U00454,C0204,2025-02-23 08:16:42,Clic recomendación,App,Recomendados
I003345,U00454,C0315,2025-06-07 03:13:57,Clic recomendación,App,Recomendados
I003346,U00933,C0242,2025-10-04 03:01:53,Quitar de mi lista,App,Inicio
I003347,U00933,C0227,2025-08-12 06:11:17,Agregar a mi lista,App,Búsqueda
I003348,U00933,C0010,2025-01-03 22:20:35,Clic recomendación,App,Inicio
I003349,U00933,C0250,2025-08-26 22:03:32,Clic recomendación,App,Recomendados
I003350,U00933,C0311,2025-08-27 23:45:22,Me gusta,App,Recomendados
I003351,U00933,C0250,2025-08-08 22:57:50,Clic recomendación,App,Recomendados
I003352,U00933,C0017,2025-05-28 21:25:04,Compartir,App,Inicio
I003353,U00933,C0307,2025-04-07 21:23:21,Agregar a mi lista,App,Inicio
I003354,U01152,C0312,2025-03-21 17:11:55,No me gusta,App,Continuar viendo
I003355,U01152,C0046,2025-05-23 22:03:11,Quitar de mi lista,App,Continuar viendo
I003356,U01152,C0104,2025-10-30 16:52:41,Me gusta,App,Continuar viendo
I003357,U01152,C0116,2025-11-17 20:22:39,Me gusta,App,Recomendados
I003358,U01152,C0325,2025-03-05 16:53:36,Agregar a mi lista,App,Continuar viendo
I003359,U01152,C0308,2025-11-26 15:29:55,Clic recomendación,App,Recomendados
I003360,U01152,C0307,2025-07-31 07:40:52,Me gusta,App,Continuar viendo
I003361,U01152,C0248,2025-06-06 21:54:15,Agregar a mi lista,App,Continuar viendo
I003362,U01152,C0205,2025-06-11 02:02:23,Agregar a mi lista,App,Búsqueda
I003363,U01152,C0006,2025-10-04 21:13:38,Me gusta,App,Tendencias
I003364,U01226,C0318,2025-01-25 21:07:58,Clic recomendación,App,Recomendados
I003365,U01226,C0329,2025-01-22 19:42:35,Agregar a mi lista,App,Continuar viendo
I003366,U01199,C0143,2025-12-28 21:49:42,Agregar a mi lista,App,Recomendados
I003367,U00885,C0416,2025-06-10 13:53:31,Me gusta,App,Continuar viendo
I003368,U00885,C0414,2025-02-22 19:59:38,Me gusta,App,Tendencias
I003369,U00885,C0019,2025-08-07 15:22:40,Compartir,App,Búsqueda
I003370,U00885,C0026,2025-10-11 10:50:11,Me gusta,App,Inicio
I003371,U01234,C0169,2025-12-29 19:14:50,Agregar a mi lista,App,Búsqueda
I003372,U01234,C0169,2025-12-06 21:11:42,Compartir,App,Búsqueda
I003373,U01275,C0309,2025-03-18 05:07:40,Me gusta,App,Inicio
I003374,U01275,C0135,2025-11-29 14:23:43,Clic recomendación,App,Inicio
I003375,U00010,C0109,2025-09-18 22:49:33,No me gusta,App,Búsqueda
I003376,U00010,C0222,2025-08-06 20:02:46,Quitar de mi lista,Web,Continuar viendo
I003377,U00010,C0191,2025-01-17 23:36:32,Clic recomendación,App,Inicio
I003378,U00642,C0260,2025-09-11 20:21:43,Descarga,Web,Inicio
I003379,U00642,C0178,2025-01-03 22:57:22,Agregar a mi lista,Web,Recomendados
I003380,U00414,C0349,2025-05-28 14:53:10,Me gusta,Web,Inicio
I003381,U00414,C0238,2025-08-18 23:18:35,Me gusta,App,Continuar viendo
I003382,U00414,C0342,2025-11-18 11:51:05,Compartir,Web,Recomendados
I003383,U00414,C0150,2025-07-10 12:55:29,Compartir,Web,Búsqueda
I003384,U00414,C0054,2025-02-14 16:52:09,Clic recomendación,Web,Recomendados
I003385,U00414,C0046,2025-03-17 17:53:10,Clic recomendación,App,Recomendados
I003386,U00414,C0196,2025-08-20 21:26:42,Agregar a mi lista,Web,Recomendados
I003387,U00414,C0127,2025-07-20 17:39:24,Me gusta,Web,Tendencias
I003388,U01074,C0236,2025-03-17 20:06:06,Descarga,App,Recomendados
I003389,U01074,C0087,2025-03-26 15:02:35,Clic recomendación,App,Recomendados
I003390,U01074,C0276,2025-03-19 22:28:19,No me gusta,App,Recomendados
I003391,U01074,C0005,2025-08-07 23:15:02,Agregar a mi lista,App,Recomendados
I003392,U01074,C0184,2025-07-09 21:10:47,Clic recomendación,App,Recomendados
I003393,U01074,C0417,2025-06-14 14:35:36,Me gusta,App,Continuar viendo
I003394,U01074,C0044,2025-02-07 13:55:12,Me gusta,App,Búsqueda
I003395,U01074,C0417,2025-02-17 23:45:33,Compartir,App,Continuar viendo
I003396,U01364,C0359,2025-12-28 21:21:21,Agregar a mi lista,App,Inicio
I003397,U01364,C0407,2025-04-17 10:41:54,Agregar a mi lista,App,Continuar viendo
I003398,U01364,C0286,2025-07-20 20:11:46,Me gusta,App,Recomendados
I003399,U01364,C0420,2025-07-13 20:32:24,Quitar de mi lista,App,Recomendados
I003400,U01364,C0301,2025-05-22 21:32:59,Clic recomendación,App,Recomendados
I003401,U00692,C0077,2025-11-24 19:28:50,Me gusta,Web,Recomendados
I003402,U00692,C0164,2025-04-14 18:25:49,Compartir,App,Recomendados
I003403,U00692,C0293,2025-12-16 15:42:56,Agregar a mi lista,Web,Recomendados
I003404,U00692,C0195,2025-04-18 20:37:48,Descarga,Web,Recomendados
I003405,U00244,C0308,2025-10-12 15:53:53,Compartir,App,Tendencias
I003406,U00244,C0296,2025-08-12 18:05:55,Me gusta,App,Continuar viendo
I003407,U00244,C0080,2025-10-31 21:25:56,Compartir,Web,Inicio
I003408,U01495,C0299,2025-02-03 12:46:04,Agregar a mi lista,Web,Recomendados
I003409,U01495,C0251,2025-04-20 19:02:24,Agregar a mi lista,App,Tendencias
I003410,U01495,C0211,2025-01-03 13:07:48,Me gusta,Web,Recomendados
I003411,U01495,C0416,2025-06-04 23:31:01,Clic recomendación,Web,Recomendados
I003412,U01495,C0374,2025-03-14 11:51:18,No me gusta,Web,Tendencias
I003413,U01495,C0218,2025-05-21 11:05:07,Me gusta,Web,Búsqueda
I003414,U01062,C0344,2025-07-16 13:34:49,Compartir,App,Inicio
I003415,U01062,C0071,2025-09-01 09:22:37,Agregar a mi lista,App,Recomendados
I003416,U01062,C0308,2025-06-02 12:31:06,Clic recomendación,App,Recomendados
I003417,U01062,C0267,2025-09-07 19:52:24,Clic recomendación,App,Recomendados
I003418,U00548,C0051,2025-08-17 16:24:26,Clic recomendación,App,Inicio
I003419,U00548,C0014,2025-03-10 04:07:54,Compartir,App,Continuar viendo
I003420,U00548,C0344,2025-07-14 13:02:47,Compartir,App,Tendencias
I003421,U00548,C0282,2025-05-04 15:35:46,Clic recomendación,Web,Inicio
I003422,U00548,C0036,2025-01-14 22:39:53,Clic recomendación,App,Recomendados
I003423,U00548,C0411,2025-09-01 01:24:16,Me gusta,Web,Tendencias
I003424,U01220,C0244,2025-03-12 20:23:23,Clic recomendación,App,Tendencias
I003425,U01220,C0113,2025-02-23 07:15:09,Descarga,App,Recomendados
I003426,U01220,C0270,2025-01-15 22:58:39,Clic recomendación,App,Tendencias
I003427,U01220,C0274,2025-07-30 21:29:52,Compartir,App,Continuar viendo
I003428,U01220,C0073,2025-07-16 21:43:50,Agregar a mi lista,App,Continuar viendo
I003429,U01220,C0381,2025-10-22 23:49:35,Me gusta,App,Búsqueda
I003430,U01220,C0410,2025-06-18 18:56:31,Me gusta,App,Inicio
I003431,U01220,C0275,2025-08-30 19:16:19,Compartir,App,Recomendados
I003432,U01220,C0037,2025-12-14 10:54:50,Clic recomendación,App,Recomendados
I003433,U01220,C0104,2025-08-10 13:56:55,Clic recomendación,App,Recomendados
I003434,U00243,C0408,2025-02-24 00:38:58,Clic recomendación,App,Recomendados
I003435,U00243,C0243,2025-08-11 19:14:54,Descarga,App,Búsqueda
I003436,U00243,C0117,2025-12-17 21:36:10,Me gusta,App,Búsqueda
I003437,U00243,C0250,2025-07-31 22:32:18,Clic recomendación,App,Inicio
I003438,U00452,C0065,2025-11-16 20:36:44,Me gusta,App,Recomendados
I003439,U00452,C0183,2025-07-11 18:45:11,No me gusta,App,Inicio
I003440,U00452,C0253,2025-10-20 00:57:34,Descarga,App,Búsqueda
I003441,U00452,C0328,2025-11-15 21:03:05,Clic recomendación,App,Inicio
I003442,U00452,C0068,2025-04-15 19:50:05,Agregar a mi lista,App,Recomendados
I003443,U00452,C0406,2025-07-17 11:39:00,Agregar a mi lista,App,Recomendados
I003444,U00452,C0403,2025-05-07 15:56:28,Me gusta,App,Búsqueda
I003445,U00452,C0185,2025-03-25 13:05:22,Agregar a mi lista,App,Continuar viendo
I003446,U00452,C0018,2025-10-16 19:07:31,Me gusta,App,Tendencias
I003447,U00452,C0402,2025-03-30 20:03:15,Clic recomendación,App,Recomendados
I003448,U00155,C0338,2025-05-28 08:54:12,Descarga,App,Tendencias
I003449,U00155,C0076,2025-06-06 18:17:23,Quitar de mi lista,Web,Tendencias
I003450,U00155,C0418,2025-11-07 23:21:54,Clic recomendación,App,Recomendados
I003451,U00289,C0204,2025-01-30 16:24:05,Clic recomendación,App,Inicio
I003452,U00289,C0140,2025-05-01 22:03:46,Clic recomendación,App,Recomendados
I003453,U00289,C0276,2025-10-13 22:05:46,Me gusta,App,Inicio
I003454,U00289,C0281,2025-07-08 18:06:53,Compartir,App,Búsqueda
I003455,U00672,C0048,2025-12-25 21:49:41,Me gusta,Web,Búsqueda
I003456,U00672,C0084,2025-11-15 13:53:56,Clic recomendación,Web,Tendencias
I003457,U00672,C0362,2025-11-19 17:49:53,Agregar a mi lista,Web,Inicio
I003458,U00672,C0019,2025-10-15 14:30:21,Clic recomendación,Web,Recomendados
I003459,U00672,C0281,2025-11-11 17:56:16,Clic recomendación,Web,Inicio
I003460,U00672,C0375,2025-12-07 16:16:43,Clic recomendación,App,Recomendados
I003461,U00776,C0267,2025-07-20 13:21:26,Me gusta,App,Recomendados
I003462,U00776,C0080,2025-05-26 07:41:03,Agregar a mi lista,App,Recomendados
I003463,U00776,C0362,2025-06-17 20:30:07,Agregar a mi lista,App,Continuar viendo
I003464,U00776,C0046,2025-11-29 22:20:05,Agregar a mi lista,Web,Búsqueda
I003465,U00776,C0101,2025-11-11 21:18:49,Agregar a mi lista,App,Continuar viendo
I003466,U00776,C0241,2025-03-31 21:11:12,Clic recomendación,Web,Recomendados
I003467,U00776,C0107,2025-10-08 19:45:43,Compartir,App,Recomendados
I003468,U00776,C0233,2025-07-23 01:45:56,Clic recomendación,App,Recomendados
I003469,U00776,C0009,2025-10-08 14:19:46,Clic recomendación,App,Inicio
I003470,U00776,C0368,2025-02-13 06:41:03,Agregar a mi lista,App,Recomendados
I003471,U00122,C0086,2025-06-10 00:37:13,Descarga,App,Tendencias
I003472,U00122,C0011,2025-04-15 10:55:28,Me gusta,Web,Búsqueda
I003473,U00122,C0265,2025-04-17 22:19:33,Clic recomendación,App,Tendencias
I003474,U01307,C0407,2025-11-14 12:38:15,No me gusta,App,Inicio
I003475,U01307,C0030,2025-10-23 19:49:33,Agregar a mi lista,App,Búsqueda
I003476,U01307,C0173,2025-11-25 19:50:09,Clic recomendación,App,Recomendados
I003477,U01307,C0136,2025-10-18 20:50:49,Clic recomendación,App,Inicio
I003478,U01307,C0414,2025-10-06 12:54:24,Clic recomendación,App,Recomendados
I003479,U01307,C0163,2025-06-28 22:52:22,Clic recomendación,App,Inicio
I003480,U01307,C0418,2025-07-11 18:39:53,Compartir,App,Inicio
I003481,U01307,C0183,2025-10-18 19:00:05,Clic recomendación,App,Recomendados
I003482,U01307,C0413,2025-09-02 23:19:36,Clic recomendación,App,Inicio
I003483,U01307,C0387,2025-09-04 01:00:36,Agregar a mi lista,App,Recomendados
I003484,U00771,C0115,2025-03-14 07:02:56,Agregar a mi lista,App,Recomendados
I003485,U00771,C0303,2025-02-01 01:38:47,Clic recomendación,App,Recomendados
I003486,U00771,C0051,2025-06-29 22:53:43,Quitar de mi lista,Web,Inicio
I003487,U00858,C0212,2025-01-03 11:56:52,Agregar a mi lista,App,Inicio
I003488,U00858,C0342,2025-08-17 22:14:09,Me gusta,App,Recomendados
I003489,U00858,C0185,2025-11-29 10:01:25,Agregar a mi lista,App,Continuar viendo
I003490,U00851,C0024,2025-05-11 22:22:18,Me gusta,Web,Tendencias
I003491,U00851,C0103,2025-10-22 21:23:02,Me gusta,Web,Recomendados
I003492,U00662,C0061,2025-07-19 19:40:22,Agregar a mi lista,App,Tendencias
I003493,U00662,C0116,2025-05-04 22:01:20,Clic recomendación,App,Recomendados
I003494,U00662,C0300,2025-06-20 02:13:39,Me gusta,App,Inicio
I003495,U00662,C0196,2025-04-30 20:02:29,Clic recomendación,App,Recomendados
I003496,U01299,C0061,2025-12-15 21:34:33,Compartir,App,Recomendados
I003497,U01299,C0161,2025-12-18 19:57:22,Quitar de mi lista,App,Búsqueda
I003498,U01299,C0248,2025-10-27 22:24:10,Me gusta,App,Recomendados
I003499,U01299,C0027,2025-02-19 22:04:37,Compartir,App,Inicio
I003500,U01274,C0412,2025-11-17 21:08:04,Clic recomendación,App,Recomendados
I003501,U01274,C0309,2025-01-02 10:39:11,Descarga,App,Tendencias
I003502,U01274,C0315,2025-04-13 08:14:25,Descarga,App,Inicio
I003503,U01274,C0146,2025-01-01 18:10:55,Me gusta,App,Inicio
I003504,U01274,C0073,2025-09-26 22:00:04,Compartir,App,Recomendados
I003505,U01274,C0136,2025-06-02 11:01:54,Me gusta,App,Tendencias
I003506,U01274,C0419,2025-04-02 23:11:07,Clic recomendación,App,Recomendados
I003507,U01274,C0034,2025-05-06 20:08:01,Me gusta,App,Inicio
I003508,U00164,C0337,2025-07-06 13:36:59,Clic recomendación,App,Recomendados
I003509,U00164,C0215,2025-01-24 13:31:12,No me gusta,App,Inicio
I003510,U00164,C0325,2025-03-31 09:20:45,Clic recomendación,App,Inicio
I003511,U00164,C0281,2025-01-23 20:47:03,Agregar a mi lista,App,Recomendados
I003512,U00164,C0373,2025-01-20 19:48:21,Clic recomendación,App,Recomendados
I003513,U00164,C0065,2025-01-18 16:58:26,Me gusta,App,Recomendados
I003514,U00164,C0042,2025-02-19 23:03:24,Agregar a mi lista,App,Búsqueda
I003515,U00164,C0091,2025-06-19 14:10:25,Compartir,App,Tendencias
I003516,U00251,C0399,2025-10-11 00:19:07,Me gusta,App,Recomendados
I003517,U00251,C0324,2025-08-08 19:44:46,No me gusta,App,Continuar viendo
I003518,U00251,C0086,2025-12-03 12:35:32,Agregar a mi lista,App,Tendencias
I003519,U00251,C0106,2025-02-12 20:42:15,Compartir,App,Recomendados
I003520,U00528,C0109,2025-02-16 13:07:38,Quitar de mi lista,App,Recomendados
I003521,U00528,C0375,2025-01-12 22:48:39,Compartir,App,Continuar viendo
I003522,U00528,C0294,2025-09-26 05:30:41,Descarga,App,Búsqueda
I003523,U00528,C0395,2025-07-02 00:41:48,Agregar a mi lista,App,Tendencias
I003524,U00528,C0122,2025-08-18 21:49:54,Agregar a mi lista,App,Continuar viendo
I003525,U00528,C0250,2025-03-08 22:59:50,Clic recomendación,App,Inicio
I003526,U01018,C0378,2025-08-02 20:44:33,Descarga,App,Recomendados
I003527,U01018,C0153,2025-10-08 22:31:45,Descarga,App,Recomendados
I003528,U01018,C0259,2025-12-05 12:59:59,Agregar a mi lista,App,Recomendados
I003529,U01018,C0062,2025-07-15 18:17:45,Me gusta,App,Búsqueda
I003530,U01018,C0033,2025-12-15 19:49:27,Agregar a mi lista,App,Recomendados
I003531,U01498,C0414,2025-12-20 21:10:16,Me gusta,Web,Búsqueda
I003532,U01498,C0212,2025-12-29 19:33:23,Clic recomendación,Web,Inicio
I003533,U01498,C0121,2025-12-27 15:17:59,Quitar de mi lista,App,Continuar viendo
I003534,U01107,C0308,2025-10-18 15:23:06,Clic recomendación,Web,Recomendados
I003535,U01107,C0023,2025-11-03 21:38:32,Me gusta,App,Tendencias
I003536,U00207,C0318,2025-09-07 12:34:39,Clic recomendación,Web,Recomendados
I003537,U00207,C0097,2025-10-12 15:55:56,Me gusta,App,Recomendados
I003538,U00939,C0102,2025-07-25 10:38:39,Me gusta,App,Tendencias
I003539,U00939,C0258,2025-11-02 22:05:45,Clic recomendación,App,Inicio
I003540,U00939,C0226,2025-09-29 12:28:05,Agregar a mi lista,App,Recomendados
I003541,U00939,C0351,2025-03-29 21:11:22,Clic recomendación,App,Inicio
I003542,U00939,C0201,2025-01-24 19:43:24,Compartir,App,Continuar viendo
I003543,U00372,C0303,2025-02-06 21:27:26,Descarga,Web,Continuar viendo
I003544,U00372,C0209,2025-09-07 20:32:02,Me gusta,Web,Continuar viendo
I003545,U00372,C0003,2025-10-09 13:44:16,Agregar a mi lista,App,Continuar viendo
I003546,U00372,C0147,2025-02-22 22:54:20,Me gusta,Web,Tendencias
I003547,U00372,C0063,2025-09-07 20:52:42,Agregar a mi lista,Web,Búsqueda
I003548,U00372,C0150,2025-08-16 19:04:08,Me gusta,App,Tendencias
I003549,U00372,C0165,2025-02-26 19:56:28,Agregar a mi lista,App,Búsqueda
I003550,U00372,C0245,2025-05-17 18:08:54,Clic recomendación,Web,Recomendados
I003551,U00752,C0329,2025-07-05 20:36:48,Agregar a mi lista,App,Tendencias
I003552,U00752,C0156,2025-10-13 14:24:55,Me gusta,App,Recomendados
I003553,U00752,C0150,2025-11-09 00:27:13,Compartir,App,Búsqueda
I003554,U00752,C0419,2025-01-28 03:24:50,Agregar a mi lista,App,Continuar viendo
I003555,U00752,C0152,2025-08-26 20:36:07,Me gusta,App,Recomendados
I003556,U00752,C0246,2025-05-07 23:51:40,Descarga,App,Búsqueda
I003557,U00752,C0352,2025-01-27 18:00:15,Me gusta,App,Recomendados
I003558,U00752,C0335,2025-10-02 14:47:38,Clic recomendación,App,Recomendados
I003559,U00752,C0048,2025-08-16 20:47:31,Compartir,App,Continuar viendo
I003560,U00752,C0313,2025-08-12 14:25:50,Quitar de mi lista,App,Inicio
I003561,U00752,C0369,2025-03-22 18:36:54,Quitar de mi lista,App,Búsqueda
I003562,U00752,C0161,2025-05-30 13:13:00,No me gusta,App,Inicio
I003563,U01468,C0054,2025-10-14 22:13:43,Agregar a mi lista,App,Continuar viendo
I003564,U01468,C0144,2025-07-20 19:50:49,Compartir,App,Inicio
I003565,U01468,C0268,2025-09-09 12:04:07,Agregar a mi lista,App,Búsqueda
I003566,U01468,C0414,2025-12-30 07:43:13,Clic recomendación,App,Recomendados
I003567,U01468,C0223,2025-10-15 18:04:42,Clic recomendación,App,Recomendados
I003568,U01468,C0403,2025-07-06 18:02:24,Compartir,App,Inicio
I003569,U01468,C0131,2025-07-18 12:26:25,Clic recomendación,App,Inicio
I003570,U01468,C0315,2025-10-14 20:43:30,Compartir,App,Inicio
I003571,U00798,C0218,2025-07-27 23:13:03,Compartir,App,Recomendados
I003572,U00798,C0095,2025-09-28 20:56:24,No me gusta,App,Búsqueda
I003573,U00798,C0336,2025-08-10 18:42:05,Agregar a mi lista,App,Búsqueda
I003574,U00798,C0187,2025-08-26 00:37:47,No me gusta,App,Inicio
I003575,U00798,C0030,2025-08-05 01:18:09,Clic recomendación,App,Tendencias
I003576,U00798,C0246,2025-08-04 12:19:28,Me gusta,App,Búsqueda
I003577,U00798,C0003,2025-12-19 19:47:51,Clic recomendación,App,Recomendados
I003578,U00798,C0030,2025-11-07 16:56:36,Quitar de mi lista,App,Continuar viendo
I003579,U00798,C0282,2025-12-17 05:10:28,Agregar a mi lista,App,Tendencias
I003580,U00798,C0349,2025-09-06 18:38:22,Compartir,App,Inicio
I003581,U00798,C0184,2025-09-24 17:31:16,Compartir,App,Búsqueda
I003582,U00798,C0257,2025-12-23 13:02:30,No me gusta,App,Continuar viendo
I003583,U01192,C0214,2025-08-07 00:03:45,Agregar a mi lista,App,Inicio
I003584,U00852,C0291,2025-05-27 22:29:21,Clic recomendación,App,Inicio
I003585,U00852,C0338,2025-06-28 15:13:39,No me gusta,Web,Recomendados
I003586,U00852,C0306,2025-09-19 19:55:03,Clic recomendación,App,Recomendados
I003587,U00852,C0241,2025-06-22 22:58:44,Quitar de mi lista,Web,Inicio
I003588,U00852,C0380,2025-05-15 15:18:36,Clic recomendación,App,Recomendados
I003589,U00852,C0276,2025-10-30 19:15:37,Agregar a mi lista,App,Recomendados
I003590,U00852,C0289,2025-05-29 22:54:43,Me gusta,Web,Recomendados
I003591,U00852,C0325,2025-01-07 00:11:48,Compartir,Web,Recomendados
I003592,U00852,C0311,2025-10-09 18:58:55,Me gusta,Web,Inicio
I003593,U00852,C0343,2025-09-26 19:14:41,Me gusta,App,Inicio
I003594,U00852,C0292,2025-11-22 23:07:59,Clic recomendación,Web,Recomendados
I003595,U00852,C0034,2025-01-12 19:51:04,Agregar a mi lista,Web,Continuar viendo
I003596,U01302,C0239,2025-09-11 11:49:42,Me gusta,Web,Continuar viendo
I003597,U01302,C0327,2025-12-12 20:23:29,Agregar a mi lista,Web,Recomendados
I003598,U01302,C0025,2025-12-08 18:38:38,Agregar a mi lista,Web,Recomendados
I003599,U01302,C0014,2025-08-26 17:07:01,Clic recomendación,App,Recomendados
I003600,U01302,C0244,2025-09-11 15:14:54,Agregar a mi lista,Web,Continuar viendo
I003601,U01302,C0101,2025-08-24 14:10:31,Me gusta,Web,Inicio
I003602,U01302,C0194,2025-12-19 21:22:58,Clic recomendación,App,Inicio
I003603,U01302,C0007,2025-07-17 07:07:39,Me gusta,App,Tendencias
I003604,U01302,C0010,2025-06-25 22:30:40,Clic recomendación,App,Tendencias
I003605,U01302,C0111,2025-06-01 22:25:00,Me gusta,App,Recomendados
I003606,U01302,C0138,2025-07-18 20:29:59,Agregar a mi lista,App,Recomendados
I003607,U01302,C0157,2025-11-16 23:20:56,Agregar a mi lista,App,Búsqueda
I003608,U00876,C0239,2025-07-04 22:12:46,Agregar a mi lista,App,Continuar viendo
I003609,U00876,C0043,2025-07-20 19:38:06,Clic recomendación,App,Recomendados
I003610,U00876,C0027,2025-09-10 15:39:01,Me gusta,App,Recomendados
I003611,U00876,C0277,2025-10-12 21:30:47,Clic recomendación,App,Recomendados
I003612,U00876,C0413,2025-05-04 10:11:26,Clic recomendación,App,Recomendados
I003613,U00876,C0063,2025-05-03 18:01:38,Agregar a mi lista,App,Inicio
I003614,U01384,C0154,2025-04-29 21:16:11,Compartir,App,Recomendados
I003615,U01384,C0162,2025-04-05 13:44:47,Me gusta,App,Continuar viendo
I003616,U00663,C0004,2025-01-31 19:15:49,Agregar a mi lista,App,Recomendados
I003617,U00236,C0267,2025-09-29 02:16:54,Me gusta,App,Búsqueda
I003618,U00236,C0024,2025-10-16 16:08:37,Clic recomendación,App,Recomendados
I003619,U00236,C0360,2025-11-15 11:53:26,Me gusta,App,Tendencias
I003620,U00236,C0023,2025-11-04 00:40:28,Clic recomendación,App,Recomendados
I003621,U00236,C0302,2025-12-15 16:13:51,Agregar a mi lista,App,Tendencias
I003622,U00236,C0100,2025-11-17 22:32:22,Agregar a mi lista,App,Búsqueda
I003623,U00236,C0032,2025-09-10 21:34:45,Clic recomendación,App,Recomendados
I003624,U00236,C0111,2025-12-23 16:30:03,Clic recomendación,App,Recomendados
I003625,U00236,C0259,2025-09-11 04:24:36,Clic recomendación,App,Inicio
I003626,U00236,C0325,2025-12-19 22:28:51,Me gusta,App,Tendencias
I003627,U00236,C0161,2025-09-13 17:14:37,Descarga,App,Inicio
I003628,U00236,C0094,2025-10-29 15:22:19,Clic recomendación,App,Inicio
I003629,U00597,C0412,2025-09-14 21:12:40,Me gusta,App,Tendencias
I003630,U00597,C0085,2025-11-22 20:32:29,Me gusta,App,Inicio
I003631,U00597,C0327,2025-11-04 22:34:38,Clic recomendación,App,Recomendados
I003632,U00427,C0420,2025-02-11 23:43:48,Agregar a mi lista,App,Recomendados
I003633,U00427,C0392,2025-02-28 20:35:03,Clic recomendación,App,Recomendados
I003634,U00427,C0100,2025-04-22 22:46:23,Agregar a mi lista,App,Inicio
I003635,U00427,C0089,2025-06-21 00:37:14,Me gusta,App,Recomendados
I003636,U00427,C0420,2025-06-15 09:24:15,Clic recomendación,App,Recomendados
I003637,U00427,C0051,2025-04-04 21:24:23,Agregar a mi lista,App,Búsqueda
I003638,U00427,C0249,2025-07-03 21:54:43,Me gusta,App,Inicio
I003639,U00427,C0310,2025-03-20 23:15:53,Clic recomendación,App,Inicio
I003640,U00427,C0240,2025-06-01 15:43:24,Compartir,App,Recomendados
I003641,U00427,C0287,2025-06-13 21:28:14,No me gusta,App,Continuar viendo
I003642,U00813,C0194,2025-07-02 07:07:24,Compartir,App,Tendencias
I003643,U00813,C0081,2025-06-20 00:17:52,Me gusta,App,Búsqueda
I003644,U00813,C0190,2025-04-21 04:13:33,Agregar a mi lista,App,Recomendados
I003645,U00813,C0353,2025-06-02 18:45:04,Me gusta,App,Recomendados
I003646,U00813,C0049,2025-07-06 14:23:01,Me gusta,App,Tendencias
I003647,U00813,C0399,2025-07-29 12:42:22,Agregar a mi lista,App,Recomendados
I003648,U00813,C0041,2025-03-10 21:10:47,Clic recomendación,App,Recomendados
I003649,U00813,C0073,2025-02-10 21:20:22,Me gusta,App,Continuar viendo
I003650,U00163,C0178,2025-12-03 20:39:44,Clic recomendación,Web,Recomendados
I003651,U00163,C0375,2025-12-03 19:39:39,Agregar a mi lista,Web,Continuar viendo
I003652,U00163,C0348,2025-12-14 17:28:05,Clic recomendación,Web,Recomendados
I003653,U00163,C0019,2025-11-13 18:21:46,Descarga,Web,Inicio
I003654,U00163,C0257,2025-12-27 11:22:22,Me gusta,Web,Continuar viendo
I003655,U00163,C0399,2025-11-08 23:48:31,Agregar a mi lista,Web,Recomendados
I003656,U00165,C0133,2025-09-02 07:23:03,Clic recomendación,Web,Recomendados
I003657,U00536,C0225,2025-03-29 21:07:32,Descarga,Web,Recomendados
I003658,U00536,C0145,2025-03-21 18:31:38,Compartir,Web,Inicio
I003659,U00536,C0266,2025-07-07 20:45:49,Quitar de mi lista,Web,Recomendados
I003660,U00536,C0007,2025-10-21 10:58:06,Clic recomendación,Web,Inicio
I003661,U00570,C0158,2025-10-13 01:48:30,Clic recomendación,App,Recomendados
I003662,U00570,C0062,2025-08-31 12:47:06,Me gusta,App,Búsqueda
I003663,U00570,C0032,2025-08-21 16:16:52,Me gusta,App,Continuar viendo
I003664,U00570,C0254,2025-09-11 23:31:05,Descarga,App,Recomendados
I003665,U00570,C0144,2025-07-07 01:12:51,Quitar de mi lista,App,Recomendados
I003666,U00142,C0030,2025-12-07 23:57:32,Compartir,Web,Recomendados
I003667,U00142,C0001,2025-11-21 17:36:01,Agregar a mi lista,Web,Búsqueda
I003668,U00142,C0226,2025-10-15 10:37:24,Me gusta,Web,Inicio
I003669,U00142,C0418,2025-07-17 18:57:57,Agregar a mi lista,Web,Recomendados
I003670,U00142,C0379,2025-08-04 20:07:09,Compartir,Web,Recomendados
I003671,U00142,C0176,2025-08-24 17:27:23,Clic recomendación,Web,Inicio
I003672,U00142,C0238,2025-11-24 18:08:49,Me gusta,Web,Búsqueda
I003673,U00142,C0030,2025-07-13 18:30:41,Compartir,Web,Inicio
I003674,U00142,C0418,2025-07-25 13:03:04,Compartir,Web,Continuar viendo
I003675,U00142,C0244,2025-07-06 19:09:32,Clic recomendación,Web,Recomendados
I003676,U00832,C0141,2025-07-03 17:29:57,Clic recomendación,App,Tendencias
I003677,U00832,C0171,2025-12-03 22:07:52,Clic recomendación,App,Recomendados
I003678,U00340,C0102,2025-09-18 17:29:30,Me gusta,App,Búsqueda
I003679,U00340,C0182,2025-09-09 17:54:14,Quitar de mi lista,App,Continuar viendo
I003680,U00340,C0045,2025-08-13 21:39:58,Compartir,App,Continuar viendo
I003681,U00340,C0077,2025-10-21 14:05:20,Clic recomendación,App,Tendencias
I003682,U00340,C0129,2025-03-26 20:25:45,Clic recomendación,App,Inicio
I003683,U00340,C0046,2025-09-22 17:23:46,Descarga,App,Inicio
I003684,U00340,C0127,2025-09-28 10:28:49,Descarga,App,Inicio
I003685,U00340,C0003,2025-09-15 22:30:26,Agregar a mi lista,App,Tendencias
I003686,U01051,C0324,2025-10-25 22:37:05,Clic recomendación,App,Recomendados
I003687,U01051,C0045,2025-11-17 22:01:55,Agregar a mi lista,App,Tendencias
I003688,U00076,C0210,2025-07-15 08:07:19,Clic recomendación,App,Recomendados
I003689,U00076,C0367,2025-10-24 18:17:34,Me gusta,App,Tendencias
I003690,U00076,C0219,2025-07-09 10:36:04,Me gusta,App,Recomendados
I003691,U00076,C0043,2025-01-17 23:35:35,Clic recomendación,App,Recomendados
I003692,U00076,C0241,2025-10-21 23:27:28,Me gusta,App,Inicio
I003693,U00076,C0076,2025-07-14 16:08:02,Agregar a mi lista,App,Búsqueda
I003694,U00728,C0250,2025-07-23 19:11:33,Agregar a mi lista,App,Continuar viendo
I003695,U00728,C0205,2025-06-13 01:03:30,Agregar a mi lista,App,Inicio
I003696,U00728,C0150,2025-09-14 00:18:24,Descarga,App,Continuar viendo
I003697,U00728,C0055,2025-05-07 19:56:23,Clic recomendación,App,Inicio
I003698,U00721,C0310,2025-12-05 17:46:27,Agregar a mi lista,Web,Tendencias
I003699,U00721,C0236,2025-09-22 21:52:26,Clic recomendación,Web,Tendencias
I003700,U00721,C0264,2025-10-29 18:19:31,Quitar de mi lista,Web,Recomendados
I003701,U00721,C0076,2025-12-30 01:37:17,Agregar a mi lista,Web,Continuar viendo
I003702,U01370,C0022,2025-11-19 12:53:28,Agregar a mi lista,Web,Recomendados
I003703,U01370,C0005,2025-11-08 22:41:19,Compartir,Web,Continuar viendo
I003704,U01370,C0219,2025-10-26 23:04:15,Clic recomendación,Web,Recomendados
I003705,U01370,C0193,2025-10-22 16:56:00,Me gusta,Web,Tendencias
I003706,U01370,C0418,2025-10-27 00:53:22,Me gusta,Web,Continuar viendo
I003707,U01370,C0349,2025-12-03 14:47:45,Compartir,Web,Inicio
I003708,U00192,C0384,2025-12-05 20:14:46,Agregar a mi lista,App,Recomendados
I003709,U00192,C0077,2025-09-25 11:56:07,Agregar a mi lista,App,Inicio
I003710,U00192,C0353,2025-12-12 20:59:29,Descarga,App,Continuar viendo
I003711,U00394,C0092,2025-01-05 23:14:01,Clic recomendación,App,Recomendados
I003712,U00394,C0251,2025-01-20 12:00:26,Agregar a mi lista,App,Recomendados
I003713,U01079,C0261,2025-10-12 21:45:27,Compartir,Web,Búsqueda
I003714,U01079,C0353,2025-11-14 21:31:49,Quitar de mi lista,Web,Recomendados
I003715,U01079,C0184,2025-05-31 01:40:09,Me gusta,Web,Búsqueda
I003716,U01257,C0201,2025-11-07 19:55:20,Agregar a mi lista,Web,Búsqueda
I003717,U01257,C0175,2025-11-26 21:14:09,Clic recomendación,Web,Inicio
I003718,U01257,C0063,2025-01-16 16:02:14,Agregar a mi lista,Web,Inicio
I003719,U01257,C0103,2025-02-10 13:41:41,Agregar a mi lista,Web,Inicio
I003720,U01042,C0055,2025-12-24 16:46:49,Clic recomendación,App,Recomendados
I003721,U01042,C0307,2025-03-11 21:46:03,Clic recomendación,App,Recomendados
I003722,U01042,C0317,2025-04-24 12:32:11,Agregar a mi lista,App,Recomendados
I003723,U01042,C0107,2025-11-15 22:32:08,No me gusta,App,Búsqueda
I003724,U01042,C0191,2025-08-24 14:23:33,Me gusta,App,Inicio
I003725,U01042,C0032,2025-11-08 21:22:20,Agregar a mi lista,App,Inicio
I003726,U01042,C0295,2025-04-23 13:19:46,Clic recomendación,App,Recomendados
I003727,U01042,C0092,2025-12-07 06:37:49,Clic recomendación,App,Inicio
I003728,U01337,C0071,2025-10-09 17:00:28,Me gusta,App,Recomendados
I003729,U00829,C0174,2025-02-09 20:51:01,Agregar a mi lista,App,Recomendados
I003730,U00829,C0324,2025-02-26 22:21:24,Me gusta,App,Recomendados
I003731,U00829,C0091,2025-06-15 00:54:00,Me gusta,App,Recomendados
I003732,U00829,C0262,2025-06-24 11:12:37,Compartir,App,Búsqueda
I003733,U00829,C0191,2025-06-02 22:01:25,No me gusta,App,Inicio
I003734,U00829,C0414,2025-01-16 18:57:03,Agregar a mi lista,App,Continuar viendo
I003735,U00836,C0354,2025-03-13 22:23:07,Descarga,App,Recomendados
I003736,U00836,C0177,2025-08-18 11:55:49,Clic recomendación,App,Inicio
I003737,U00836,C0145,2025-09-25 03:53:31,Me gusta,App,Inicio
I003738,U00188,C0067,2025-09-26 16:20:55,Agregar a mi lista,App,Inicio
I003739,U00188,C0180,2025-03-23 09:03:19,Agregar a mi lista,App,Tendencias
I003740,U00188,C0381,2025-08-30 10:33:39,Agregar a mi lista,App,Búsqueda
I003741,U00188,C0037,2025-05-17 09:50:20,Me gusta,App,Búsqueda
I003742,U00188,C0028,2025-06-10 11:19:21,Quitar de mi lista,Web,Continuar viendo
I003743,U00188,C0304,2025-09-09 23:38:49,Agregar a mi lista,App,Inicio
I003744,U00188,C0285,2025-01-09 19:24:40,Clic recomendación,App,Recomendados
I003745,U00188,C0249,2025-03-07 17:04:33,Compartir,App,Tendencias
I003746,U00188,C0380,2025-04-01 14:43:33,Clic recomendación,Web,Tendencias
I003747,U00188,C0106,2025-10-23 23:11:04,Clic recomendación,App,Inicio
I003748,U00188,C0123,2025-08-25 21:53:37,Me gusta,App,Búsqueda
I003749,U00980,C0217,2025-09-02 00:00:37,Agregar a mi lista,App,Inicio
I003750,U00980,C0245,2025-09-01 05:34:25,Clic recomendación,App,Recomendados
I003751,U01180,C0133,2025-08-05 12:13:21,Agregar a mi lista,Web,Tendencias
I003752,U01180,C0333,2025-03-01 16:14:47,Me gusta,App,Continuar viendo
I003753,U01180,C0348,2025-05-21 22:46:38,Me gusta,App,Inicio
I003754,U01180,C0252,2025-09-21 19:01:00,Clic recomendación,App,Recomendados
I003755,U01180,C0192,2025-01-21 18:44:59,No me gusta,Web,Recomendados
I003756,U01180,C0220,2025-09-04 21:33:17,Quitar de mi lista,App,Búsqueda
I003757,U01180,C0249,2025-04-19 19:34:00,Me gusta,Web,Recomendados
I003758,U01180,C0105,2025-02-23 20:51:48,Me gusta,App,Recomendados
I003759,U00734,C0013,2025-02-03 20:35:00,Clic recomendación,App,Recomendados
I003760,U00734,C0008,2025-05-06 23:38:16,Me gusta,Web,Recomendados
I003761,U00715,C0276,2025-08-31 18:47:46,Compartir,App,Inicio
I003762,U00715,C0256,2025-02-12 23:39:19,Clic recomendación,App,Inicio
I003763,U00715,C0225,2025-05-17 10:48:25,Clic recomendación,App,Recomendados
I003764,U00715,C0350,2025-10-27 14:16:48,Clic recomendación,App,Recomendados
I003765,U00715,C0064,2025-06-17 10:43:35,Clic recomendación,App,Recomendados
I003766,U00715,C0176,2025-05-26 11:25:36,Agregar a mi lista,App,Inicio
I003767,U00715,C0416,2025-06-13 17:01:13,Me gusta,App,Recomendados
I003768,U00715,C0167,2025-05-19 20:50:37,Me gusta,App,Tendencias
I003769,U00715,C0412,2025-04-15 20:18:11,Agregar a mi lista,App,Inicio
I003770,U00715,C0071,2025-06-02 20:15:14,Me gusta,App,Búsqueda
I003771,U00439,C0349,2025-10-11 20:18:17,Clic recomendación,App,Recomendados
I003772,U00439,C0183,2025-06-22 14:11:05,Agregar a mi lista,App,Tendencias
I003773,U00439,C0125,2025-06-13 23:13:25,Agregar a mi lista,App,Búsqueda
I003774,U00439,C0278,2025-11-03 21:51:11,Me gusta,Web,Inicio
I003775,U00670,C0293,2025-03-27 15:01:24,Me gusta,App,Recomendados
I003776,U00670,C0286,2025-09-02 21:45:28,Me gusta,App,Recomendados
I003777,U00670,C0159,2025-02-09 09:15:03,Compartir,App,Continuar viendo
I003778,U00670,C0259,2025-02-10 01:08:05,Agregar a mi lista,App,Inicio
I003779,U00670,C0090,2025-03-01 23:16:17,Agregar a mi lista,App,Inicio
I003780,U00670,C0152,2025-04-20 22:28:27,Me gusta,App,Continuar viendo
I003781,U00670,C0290,2025-01-24 21:46:17,Me gusta,App,Búsqueda
I003782,U00670,C0289,2025-04-17 11:42:33,No me gusta,App,Recomendados
I003783,U00632,C0019,2025-10-16 22:28:10,Agregar a mi lista,App,Tendencias
I003784,U00632,C0345,2025-08-31 19:55:59,Clic recomendación,App,Inicio
I003785,U00632,C0087,2025-10-06 19:35:51,Me gusta,App,Continuar viendo
I003786,U00632,C0367,2025-09-12 22:59:39,Me gusta,App,Recomendados
I003787,U00632,C0169,2025-10-12 11:16:40,Agregar a mi lista,App,Continuar viendo
I003788,U00690,C0229,2025-12-24 22:53:17,Clic recomendación,App,Recomendados
I003789,U00690,C0297,2025-06-11 16:35:56,No me gusta,App,Inicio
I003790,U00929,C0176,2025-09-02 20:11:03,Me gusta,App,Recomendados
I003791,U00929,C0358,2025-12-11 12:17:34,No me gusta,App,Recomendados
I003792,U00929,C0388,2025-07-19 22:22:38,Agregar a mi lista,App,Recomendados
I003793,U00929,C0364,2025-07-25 00:07:54,Compartir,App,Tendencias
I003794,U00929,C0183,2025-11-17 21:36:54,Clic recomendación,App,Recomendados
I003795,U00929,C0091,2025-11-14 12:12:10,Me gusta,App,Inicio
I003796,U00908,C0007,2025-11-25 14:20:56,Clic recomendación,App,Inicio
I003797,U00908,C0126,2025-01-25 13:49:31,Clic recomendación,App,Recomendados
I003798,U00908,C0381,2025-03-04 22:43:04,Me gusta,App,Inicio
I003799,U00908,C0128,2025-04-07 18:41:52,Quitar de mi lista,App,Inicio
I003800,U00908,C0065,2025-06-07 02:30:40,Agregar a mi lista,App,Inicio
I003801,U01059,C0198,2025-03-13 22:22:03,No me gusta,App,Recomendados
I003802,U01059,C0380,2025-07-05 22:51:52,Clic recomendación,App,Recomendados
I003803,U01059,C0186,2025-02-20 00:05:13,Me gusta,App,Búsqueda
I003804,U01185,C0211,2025-02-28 20:17:40,Clic recomendación,Web,Recomendados
I003805,U01185,C0274,2025-10-02 16:36:46,Compartir,App,Continuar viendo
I003806,U01185,C0394,2025-01-19 00:22:43,Me gusta,Web,Recomendados
I003807,U01185,C0152,2025-01-02 18:25:52,Me gusta,App,Continuar viendo
I003808,U01185,C0180,2025-05-05 21:32:55,Clic recomendación,App,Tendencias
I003809,U01185,C0301,2025-06-15 17:12:07,No me gusta,Web,Recomendados
I003810,U01185,C0101,2025-08-03 21:48:58,Me gusta,Web,Recomendados
I003811,U01185,C0162,2025-03-11 14:03:04,Me gusta,Web,Recomendados
I003812,U01185,C0148,2025-06-24 18:59:12,Me gusta,Web,Inicio
I003813,U01185,C0348,2025-03-08 05:54:01,Me gusta,App,Continuar viendo
I003814,U00844,C0174,2025-05-26 00:39:37,Agregar a mi lista,App,Tendencias
I003815,U00844,C0228,2025-11-02 00:32:12,Agregar a mi lista,App,Inicio
I003816,U00844,C0238,2025-12-08 22:57:12,Compartir,App,Recomendados
I003817,U00844,C0032,2025-10-23 22:42:18,Compartir,App,Continuar viendo
I003818,U01061,C0414,2025-07-13 14:47:12,Agregar a mi lista,App,Continuar viendo
I003819,U01061,C0068,2025-07-15 23:36:59,Agregar a mi lista,App,Continuar viendo
I003820,U01061,C0145,2025-04-12 00:10:42,Compartir,App,Inicio
I003821,U01061,C0244,2025-03-16 17:49:33,Me gusta,App,Continuar viendo
I003822,U01061,C0160,2025-10-07 19:15:35,Me gusta,App,Inicio
I003823,U01061,C0316,2025-04-22 16:36:04,Descarga,App,Búsqueda
I003824,U00017,C0417,2025-01-23 08:48:10,No me gusta,App,Inicio
I003825,U00017,C0033,2025-04-04 23:24:36,Descarga,App,Inicio
I003826,U00017,C0088,2025-03-23 11:35:13,Clic recomendación,App,Tendencias
I003827,U00017,C0178,2025-01-25 08:43:13,Me gusta,App,Recomendados
I003828,U00017,C0266,2025-05-07 08:18:19,Clic recomendación,App,Recomendados
I003829,U01494,C0320,2025-06-06 15:54:38,Agregar a mi lista,App,Recomendados
I003830,U01494,C0357,2025-11-15 15:38:33,Agregar a mi lista,App,Continuar viendo
I003831,U01494,C0214,2025-10-16 23:54:01,Clic recomendación,App,Recomendados
I003832,U01494,C0294,2025-11-06 18:06:37,Clic recomendación,App,Tendencias
I003833,U01494,C0283,2025-06-04 22:49:55,Clic recomendación,App,Recomendados
I003834,U01494,C0097,2025-01-31 23:46:37,Clic recomendación,App,Inicio
I003835,U01217,C0071,2025-06-22 16:51:12,Clic recomendación,App,Tendencias
I003836,U01217,C0152,2025-01-08 18:02:07,Compartir,App,Continuar viendo
I003837,U01217,C0257,2025-12-05 11:40:37,Clic recomendación,App,Recomendados
I003838,U01217,C0341,2025-03-12 17:17:32,Clic recomendación,Web,Inicio
I003839,U01217,C0250,2025-11-19 22:16:14,Clic recomendación,App,Inicio
I003840,U01217,C0197,2025-05-23 14:03:10,Compartir,App,Búsqueda
I003841,U01201,C0160,2025-05-09 19:42:56,Quitar de mi lista,App,Búsqueda
I003842,U01201,C0300,2025-05-28 09:28:23,Me gusta,App,Búsqueda
I003843,U01201,C0237,2025-01-26 21:11:47,No me gusta,App,Búsqueda
I003844,U01182,C0384,2025-03-01 22:53:04,Agregar a mi lista,App,Inicio
I003845,U01182,C0152,2025-03-27 02:02:48,Agregar a mi lista,App,Tendencias
I003846,U01182,C0413,2025-02-02 12:25:25,Clic recomendación,App,Inicio
I003847,U01182,C0325,2025-11-20 13:33:46,Me gusta,App,Recomendados
I003848,U01182,C0157,2025-07-22 22:55:39,Agregar a mi lista,App,Inicio
I003849,U01182,C0060,2025-03-25 23:15:32,Descarga,App,Recomendados
I003850,U01182,C0306,2025-05-27 12:18:36,Me gusta,App,Tendencias
I003851,U01182,C0206,2025-09-02 20:23:24,Compartir,App,Búsqueda
I003852,U01182,C0087,2025-03-20 20:21:04,Me gusta,App,Recomendados
I003853,U01182,C0371,2025-01-23 23:44:22,Clic recomendación,App,Recomendados
I003854,U01182,C0365,2025-12-04 03:56:36,Clic recomendación,App,Inicio
I003855,U01182,C0195,2025-01-12 10:48:50,Agregar a mi lista,App,Recomendados
I003856,U00764,C0399,2025-03-20 17:21:49,Compartir,App,Búsqueda
I003857,U00764,C0407,2025-04-21 23:40:26,Agregar a mi lista,App,Inicio
I003858,U00712,C0278,2025-06-14 23:21:29,Me gusta,App,Recomendados
I003859,U00712,C0059,2025-04-21 20:20:26,Compartir,App,Inicio
I003860,U00712,C0012,2025-11-22 19:15:00,Clic recomendación,App,Inicio
I003861,U01021,C0061,2025-07-16 18:47:17,Agregar a mi lista,App,Recomendados
I003862,U01021,C0281,2025-01-07 12:00:19,Clic recomendación,App,Recomendados
I003863,U01021,C0304,2025-08-28 14:33:30,Clic recomendación,App,Inicio
I003864,U01021,C0018,2025-03-30 21:24:10,Clic recomendación,App,Recomendados
I003865,U00044,C0040,2025-10-18 13:43:30,Me gusta,App,Inicio
I003866,U00044,C0196,2025-04-07 20:43:20,Clic recomendación,App,Recomendados
I003867,U00044,C0247,2025-11-05 19:11:10,Clic recomendación,App,Recomendados
I003868,U00044,C0092,2025-12-28 18:06:13,Quitar de mi lista,App,Inicio
I003869,U00044,C0062,2025-05-21 21:59:08,Clic recomendación,App,Recomendados
I003870,U00044,C0149,2025-06-13 18:02:33,Clic recomendación,App,Recomendados
I003871,U00044,C0229,2025-07-27 18:04:55,Clic recomendación,App,Tendencias
I003872,U00044,C0262,2025-06-27 00:27:00,Me gusta,App,Recomendados
I003873,U00044,C0380,2025-08-13 22:17:33,Clic recomendación,App,Recomendados
I003874,U00044,C0204,2025-03-07 09:03:51,Me gusta,App,Recomendados
I003875,U00044,C0244,2025-10-11 19:58:10,Compartir,App,Tendencias
I003876,U01143,C0322,2025-07-14 22:24:58,Me gusta,Web,Búsqueda
I003877,U01143,C0057,2025-08-05 12:02:11,Clic recomendación,Web,Inicio
I003878,U01143,C0343,2025-11-01 18:26:58,Agregar a mi lista,Web,Recomendados
I003879,U01143,C0024,2025-02-11 19:25:02,Me gusta,Web,Recomendados
I003880,U01143,C0152,2025-03-24 23:50:44,Clic recomendación,Web,Tendencias
I003881,U01143,C0360,2025-07-12 20:48:34,Agregar a mi lista,Web,Búsqueda
I003882,U00461,C0077,2025-04-24 15:52:05,Me gusta,App,Búsqueda
I003883,U00461,C0218,2025-04-22 18:50:10,Clic recomendación,App,Inicio
I003884,U00795,C0053,2025-03-05 11:11:19,Clic recomendación,App,Inicio
I003885,U00795,C0207,2025-01-24 07:29:21,Compartir,Web,Inicio
I003886,U00224,C0138,2025-03-04 21:40:48,Me gusta,App,Recomendados
I003887,U00224,C0029,2025-02-10 23:45:19,Me gusta,App,Búsqueda
I003888,U00224,C0393,2025-01-05 23:01:22,Clic recomendación,App,Recomendados
I003889,U00224,C0259,2025-01-17 22:18:21,Me gusta,App,Continuar viendo
I003890,U01168,C0074,2025-04-02 21:22:47,Descarga,App,Recomendados
I003891,U01168,C0022,2025-06-21 21:26:21,Agregar a mi lista,App,Continuar viendo
I003892,U01168,C0361,2025-01-15 00:18:50,Compartir,App,Continuar viendo
I003893,U01168,C0246,2025-11-05 20:24:44,Clic recomendación,App,Inicio
I003894,U01168,C0190,2025-02-05 20:07:05,Me gusta,App,Búsqueda
I003895,U01168,C0034,2025-11-23 22:38:49,No me gusta,App,Tendencias
I003896,U01168,C0386,2025-04-29 22:26:21,Compartir,App,Inicio
I003897,U01168,C0074,2025-07-05 20:19:47,Descarga,App,Recomendados
I003898,U00607,C0368,2025-04-25 20:51:10,Me gusta,App,Continuar viendo
I003899,U00607,C0148,2025-02-05 22:35:36,No me gusta,App,Continuar viendo
I003900,U00607,C0056,2025-01-29 21:58:28,Me gusta,App,Búsqueda
I003901,U01113,C0169,2025-08-19 23:34:57,Agregar a mi lista,Web,Recomendados
I003902,U01113,C0173,2025-01-16 17:02:13,Agregar a mi lista,Web,Búsqueda
I003903,U01113,C0207,2025-10-27 22:58:52,Descarga,App,Inicio
I003904,U01113,C0058,2025-03-01 02:04:45,Me gusta,Web,Recomendados
I003905,U01113,C0381,2025-01-02 15:07:04,Descarga,Web,Recomendados
I003906,U01113,C0074,2025-11-04 20:48:23,Clic recomendación,Web,Recomendados
I003907,U01113,C0249,2025-05-04 07:33:37,Agregar a mi lista,App,Búsqueda
I003908,U01113,C0164,2025-04-07 23:11:47,Clic recomendación,App,Recomendados
I003909,U01113,C0163,2025-09-14 07:34:46,Agregar a mi lista,Web,Inicio
I003910,U01113,C0062,2025-02-03 09:38:57,Agregar a mi lista,App,Búsqueda
I003911,U00250,C0220,2025-07-30 22:38:35,Clic recomendación,App,Recomendados
I003912,U00250,C0246,2025-09-08 00:46:41,Quitar de mi lista,App,Recomendados
I003913,U00250,C0006,2025-06-22 21:50:58,Compartir,App,Continuar viendo
I003914,U00250,C0277,2025-06-05 22:44:41,Clic recomendación,App,Recomendados
I003915,U00376,C0167,2025-07-23 21:27:33,Agregar a mi lista,App,Búsqueda
I003916,U00376,C0339,2025-07-12 23:39:43,Clic recomendación,App,Recomendados
I003917,U00376,C0261,2025-02-24 17:17:13,Me gusta,App,Inicio
I003918,U00376,C0196,2025-10-09 19:57:23,Clic recomendación,App,Recomendados
I003919,U00376,C0086,2025-11-23 10:17:52,Me gusta,App,Tendencias
I003920,U00533,C0267,2025-08-27 19:57:23,Clic recomendación,Web,Recomendados
I003921,U00533,C0251,2025-10-25 11:42:34,Agregar a mi lista,Web,Tendencias
I003922,U00117,C0208,2025-10-15 00:42:33,Clic recomendación,App,Recomendados
I003923,U00117,C0157,2025-11-18 19:02:00,Clic recomendación,App,Recomendados
I003924,U00117,C0243,2025-12-24 18:11:27,Agregar a mi lista,App,Recomendados
I003925,U00117,C0041,2025-12-07 18:20:53,Me gusta,App,Inicio
I003926,U00117,C0111,2025-09-04 21:36:30,Me gusta,App,Inicio
I003927,U00117,C0220,2025-12-15 20:32:50,Agregar a mi lista,App,Tendencias
I003928,U01262,C0076,2025-01-06 10:07:48,Agregar a mi lista,App,Recomendados
I003929,U01262,C0271,2025-12-05 19:50:28,Clic recomendación,App,Inicio
I003930,U01211,C0248,2025-04-10 23:19:52,Me gusta,App,Tendencias
I003931,U01211,C0108,2025-02-22 18:13:10,Clic recomendación,App,Recomendados
I003932,U01211,C0027,2025-12-21 19:48:29,Agregar a mi lista,App,Tendencias
I003933,U00802,C0034,2025-11-05 19:29:14,Descarga,App,Inicio
I003934,U00802,C0227,2025-08-24 23:56:54,Clic recomendación,Web,Recomendados
I003935,U00802,C0174,2025-11-15 09:23:03,Compartir,App,Recomendados
I003936,U00915,C0167,2025-06-29 20:14:26,Me gusta,App,Tendencias
I003937,U00915,C0260,2025-04-07 08:44:02,Me gusta,App,Recomendados
I003938,U00915,C0403,2025-05-16 15:01:02,Agregar a mi lista,App,Continuar viendo
I003939,U00915,C0048,2025-03-27 20:55:43,Agregar a mi lista,App,Inicio
I003940,U00915,C0019,2025-04-26 21:07:01,Clic recomendación,App,Recomendados
I003941,U01203,C0252,2025-11-06 04:41:07,Agregar a mi lista,App,Continuar viendo
I003942,U01203,C0097,2025-01-04 11:12:38,Clic recomendación,App,Recomendados
I003943,U01203,C0126,2025-03-29 17:33:39,No me gusta,App,Búsqueda
I003944,U01203,C0075,2025-06-07 23:35:05,Clic recomendación,App,Inicio
I003945,U01203,C0283,2025-02-01 19:45:08,Clic recomendación,App,Inicio
I003946,U01203,C0204,2025-07-23 22:08:45,Clic recomendación,App,Tendencias
I003947,U00938,C0373,2025-10-14 18:24:14,Clic recomendación,App,Recomendados
I003948,U00938,C0301,2025-04-26 19:50:50,Me gusta,App,Búsqueda
I003949,U00938,C0112,2025-01-02 22:56:21,Agregar a mi lista,App,Inicio
I003950,U00938,C0161,2025-12-19 22:05:15,Clic recomendación,App,Recomendados
I003951,U00938,C0371,2025-11-15 22:55:47,Clic recomendación,App,Recomendados
I003952,U01197,C0091,2025-04-14 00:24:00,Clic recomendación,Web,Recomendados
I003953,U01197,C0038,2025-07-18 23:04:05,Agregar a mi lista,Web,Recomendados
I003954,U01197,C0347,2025-05-27 14:34:11,Clic recomendación,App,Recomendados
I003955,U01197,C0362,2025-05-11 19:08:10,Clic recomendación,Web,Recomendados
I003956,U01197,C0117,2025-07-21 21:55:20,Quitar de mi lista,App,Inicio
I003957,U01197,C0388,2025-12-28 20:45:51,Compartir,Web,Búsqueda
I003958,U01197,C0223,2025-11-17 22:07:17,Agregar a mi lista,App,Inicio
I003959,U01197,C0257,2025-05-04 05:50:45,No me gusta,App,Tendencias
I003960,U00875,C0229,2025-10-16 20:31:27,Me gusta,Web,Inicio
I003961,U00875,C0023,2025-04-16 20:16:13,Clic recomendación,Web,Inicio
I003962,U00875,C0192,2025-12-29 17:23:09,No me gusta,Web,Búsqueda
I003963,U00875,C0384,2025-09-12 12:37:06,Quitar de mi lista,Web,Continuar viendo
I003964,U00206,C0380,2025-11-27 19:59:09,Agregar a mi lista,Web,Recomendados
I003965,U00206,C0194,2025-05-27 13:54:47,Me gusta,Web,Búsqueda
I003966,U00206,C0330,2025-09-08 23:00:05,Me gusta,App,Inicio
I003967,U00206,C0354,2025-11-26 09:02:24,Descarga,App,Continuar viendo
I003968,U00206,C0094,2025-10-13 23:53:00,Me gusta,Web,Recomendados
I003969,U00595,C0112,2025-09-17 18:16:56,Me gusta,Web,Recomendados
I003970,U00595,C0143,2025-12-17 13:23:30,Descarga,Web,Búsqueda
I003971,U00595,C0238,2025-10-12 14:28:21,Me gusta,Web,Inicio
I003972,U00595,C0218,2025-11-04 12:10:29,Me gusta,Web,Continuar viendo
I003973,U00595,C0225,2025-05-17 23:31:10,Me gusta,Web,Continuar viendo
I003974,U00930,C0001,2025-12-10 19:33:11,Me gusta,App,Recomendados
I003975,U00930,C0170,2025-11-05 08:20:22,Me gusta,App,Inicio
I003976,U00930,C0172,2025-12-23 19:05:23,Compartir,App,Tendencias
I003977,U00950,C0112,2025-01-09 05:04:26,Clic recomendación,App,Recomendados
I003978,U00950,C0267,2025-01-11 22:32:39,Clic recomendación,App,Recomendados
I003979,U01149,C0128,2025-03-09 00:11:50,Agregar a mi lista,Web,Continuar viendo
I003980,U01149,C0103,2025-02-14 17:09:06,Quitar de mi lista,App,Continuar viendo
I003981,U01149,C0027,2025-10-27 16:56:04,Agregar a mi lista,App,Continuar viendo
I003982,U01149,C0178,2025-04-11 18:21:32,Clic recomendación,App,Recomendados
I003983,U01149,C0392,2025-07-16 14:59:39,Agregar a mi lista,Web,Continuar viendo
I003984,U01149,C0044,2025-08-15 16:13:48,Clic recomendación,Web,Recomendados
I003985,U01149,C0035,2025-08-10 21:45:32,Descarga,App,Búsqueda
I003986,U01149,C0182,2025-09-09 12:58:01,Quitar de mi lista,App,Búsqueda
I003987,U01149,C0012,2025-11-12 17:40:10,Descarga,Web,Tendencias
I003988,U01149,C0044,2025-06-08 23:01:24,Clic recomendación,Web,Recomendados
I003989,U01149,C0180,2025-03-27 20:20:32,Agregar a mi lista,Web,Recomendados
I003990,U01149,C0305,2025-09-08 18:55:37,Agregar a mi lista,App,Recomendados
I003991,U00648,C0226,2025-11-07 01:24:27,Me gusta,App,Tendencias
I003992,U00529,C0031,2025-06-01 19:26:44,Quitar de mi lista,Web,Continuar viendo
I003993,U00529,C0030,2025-08-10 00:58:49,Agregar a mi lista,Web,Inicio
I003994,U00529,C0044,2025-12-13 10:12:11,Quitar de mi lista,Web,Inicio
I003995,U00695,C0300,2025-11-08 20:38:45,Agregar a mi lista,Web,Búsqueda
I003996,U00695,C0273,2025-12-25 22:04:52,Me gusta,Web,Continuar viendo
I003997,U00695,C0169,2025-10-06 20:05:10,Compartir,Web,Inicio
I003998,U00695,C0209,2025-09-19 19:52:21,Clic recomendación,Web,Inicio
I003999,U00695,C0300,2025-09-12 13:20:36,Agregar a mi lista,Web,Recomendados
I004000,U00695,C0066,2025-12-11 02:33:13,Descarga,Web,Inicio
I004001,U00695,C0321,2025-12-25 23:48:04,Clic recomendación,Web,Recomendados
I004002,U00695,C0332,2025-12-30 21:55:30,Clic recomendación,Web,Recomendados
I004003,U00695,C0197,2025-09-25 20:23:42,No me gusta,Web,Búsqueda
I004004,U00695,C0153,2025-11-01 16:58:23,Clic recomendación,Web,Inicio
I004005,U01084,C0158,2025-09-14 13:45:28,Quitar de mi lista,App,Recomendados
I004006,U01084,C0408,2025-10-08 18:42:19,Agregar a mi lista,App,Continuar viendo
I004007,U01084,C0102,2025-11-16 09:55:05,Me gusta,App,Continuar viendo
I004008,U01317,C0011,2025-10-31 13:21:37,Clic recomendación,App,Recomendados
I004009,U01317,C0020,2025-11-07 11:17:18,Clic recomendación,App,Recomendados
I004010,U01317,C0215,2025-11-06 16:16:13,Me gusta,App,Recomendados
I004011,U01317,C0236,2025-11-10 16:21:33,Compartir,App,Inicio
I004012,U01317,C0399,2025-11-17 08:44:57,Me gusta,App,Búsqueda
I004013,U01317,C0229,2025-10-26 17:29:00,Me gusta,App,Recomendados
I004014,U01317,C0141,2025-10-28 16:16:02,Me gusta,App,Búsqueda
I004015,U01317,C0128,2025-11-09 20:40:24,Me gusta,App,Continuar viendo
I004016,U01317,C0190,2025-12-29 15:16:07,Compartir,App,Recomendados
I004017,U01317,C0232,2025-10-21 08:44:50,Agregar a mi lista,App,Tendencias
I004018,U00534,C0095,2025-01-14 17:28:51,Me gusta,App,Recomendados
I004019,U00534,C0070,2025-05-05 21:17:28,Agregar a mi lista,App,Continuar viendo
I004020,U00534,C0078,2025-01-02 17:04:15,Me gusta,App,Recomendados
I004021,U00534,C0380,2025-04-07 21:46:12,Agregar a mi lista,App,Recomendados
I004022,U00534,C0348,2025-03-31 12:50:18,Agregar a mi lista,App,Inicio
I004023,U00492,C0352,2025-11-08 19:15:11,Me gusta,App,Tendencias
I004024,U00492,C0176,2025-06-10 10:34:59,Me gusta,App,Recomendados
I004025,U00492,C0245,2025-10-03 14:28:27,Me gusta,App,Recomendados
I004026,U00492,C0402,2025-05-19 14:08:15,Clic recomendación,App,Inicio
I004027,U01391,C0271,2025-08-10 18:11:01,Clic recomendación,App,Recomendados
I004028,U01391,C0097,2025-11-24 23:33:52,Me gusta,App,Inicio
I004029,U01391,C0080,2025-11-24 16:51:49,Me gusta,App,Continuar viendo
I004030,U01391,C0281,2025-06-14 10:00:24,Clic recomendación,App,Tendencias
I004031,U01391,C0341,2025-10-08 18:47:34,Descarga,App,Recomendados
I004032,U01272,C0252,2025-02-26 00:23:41,Me gusta,App,Recomendados
I004033,U01272,C0279,2025-05-15 22:38:42,Descarga,App,Continuar viendo
I004034,U01272,C0374,2025-03-11 22:11:22,Clic recomendación,Web,Recomendados
I004035,U00523,C0357,2025-05-19 21:40:31,Descarga,App,Continuar viendo
I004036,U00523,C0135,2025-11-28 17:46:41,Agregar a mi lista,Web,Recomendados
I004037,U00523,C0031,2025-07-09 21:05:39,Clic recomendación,Web,Recomendados
I004038,U00523,C0361,2025-05-11 12:57:23,Clic recomendación,Web,Recomendados
I004039,U01425,C0177,2025-07-13 09:55:14,Descarga,App,Continuar viendo
I004040,U01425,C0396,2025-04-17 18:27:41,Compartir,App,Búsqueda
I004041,U01425,C0318,2025-04-03 23:09:56,Me gusta,Web,Continuar viendo
I004042,U01425,C0180,2025-01-29 22:12:11,Clic recomendación,App,Inicio
I004043,U00898,C0116,2025-05-13 20:00:10,No me gusta,App,Tendencias
I004044,U00898,C0236,2025-05-19 00:57:57,Clic recomendación,App,Inicio
I004045,U00898,C0415,2025-07-25 01:26:09,Me gusta,Web,Búsqueda
I004046,U00898,C0170,2025-03-27 20:50:28,Agregar a mi lista,App,Inicio
I004047,U00898,C0251,2025-06-14 18:24:20,Clic recomendación,Web,Recomendados
I004048,U00898,C0144,2025-08-31 17:21:48,No me gusta,Web,Inicio
I004049,U00846,C0143,2025-03-30 23:20:45,Quitar de mi lista,App,Recomendados
I004050,U00846,C0357,2025-05-26 18:47:05,No me gusta,App,Recomendados
I004051,U00846,C0179,2025-05-13 12:46:22,Me gusta,App,Tendencias
I004052,U00846,C0118,2025-08-31 09:50:18,Descarga,App,Búsqueda
I004053,U00594,C0154,2025-04-06 15:43:26,Agregar a mi lista,App,Búsqueda
I004054,U00594,C0126,2025-08-13 18:05:45,Descarga,App,Recomendados
I004055,U00594,C0045,2025-12-28 00:37:56,Clic recomendación,App,Inicio
I004056,U00594,C0042,2025-06-05 22:27:02,Clic recomendación,App,Tendencias
I004057,U00594,C0129,2025-09-15 19:25:34,Compartir,App,Tendencias
I004058,U01030,C0373,2025-01-20 22:50:54,No me gusta,App,Recomendados
I004059,U01030,C0076,2025-02-05 13:44:04,Agregar a mi lista,App,Recomendados
I004060,U01030,C0417,2025-04-16 16:21:45,Me gusta,App,Inicio
I004061,U01030,C0274,2025-04-08 18:22:43,Agregar a mi lista,App,Recomendados
I004062,U01228,C0098,2025-03-11 09:49:55,Me gusta,App,Recomendados
I004063,U01228,C0066,2025-09-09 16:24:52,Me gusta,App,Continuar viendo
I004064,U01228,C0083,2025-05-22 06:19:43,Clic recomendación,Web,Recomendados
I004065,U01472,C0293,2025-07-22 20:28:02,Clic recomendación,App,Inicio
I004066,U01472,C0207,2025-06-11 16:35:38,No me gusta,App,Inicio
I004067,U01472,C0098,2025-10-05 00:04:14,Agregar a mi lista,App,Búsqueda
I004068,U01472,C0157,2025-03-27 20:51:39,Clic recomendación,App,Recomendados
I004069,U01472,C0054,2025-03-29 17:56:11,Clic recomendación,App,Recomendados
I004070,U00605,C0285,2025-12-23 21:57:01,Agregar a mi lista,Web,Búsqueda
I004071,U00605,C0134,2025-11-18 21:23:55,Clic recomendación,Web,Recomendados
I004072,U00605,C0385,2025-09-17 11:03:46,No me gusta,App,Recomendados
I004073,U00605,C0400,2025-12-28 02:59:17,Me gusta,Web,Inicio
I004074,U00605,C0175,2025-11-06 20:28:51,Clic recomendación,Web,Recomendados
I004075,U00605,C0010,2025-07-02 00:44:25,Me gusta,Web,Recomendados
I004076,U00605,C0243,2025-06-27 20:28:54,Clic recomendación,Web,Recomendados
I004077,U00605,C0013,2025-10-30 18:45:19,Clic recomendación,Web,Recomendados
I004078,U01161,C0207,2025-10-18 05:53:44,Me gusta,App,Inicio
I004079,U01161,C0393,2025-12-23 22:53:43,Compartir,App,Búsqueda
I004080,U01161,C0396,2025-01-09 16:36:37,Clic recomendación,App,Tendencias
I004081,U01161,C0140,2025-10-26 18:34:32,Compartir,App,Recomendados
I004082,U01161,C0304,2025-12-15 21:22:12,No me gusta,App,Recomendados
I004083,U01161,C0377,2025-09-26 13:42:55,Descarga,App,Inicio
I004084,U01161,C0045,2025-03-18 20:18:57,Clic recomendación,App,Tendencias
I004085,U01161,C0308,2025-06-07 21:28:26,Agregar a mi lista,App,Inicio
I004086,U00909,C0313,2025-10-11 12:56:04,Me gusta,App,Recomendados
I004087,U01050,C0093,2025-07-22 12:35:29,Agregar a mi lista,App,Recomendados
I004088,U01013,C0106,2025-12-14 13:47:29,Agregar a mi lista,App,Recomendados
I004089,U01013,C0277,2025-07-01 22:02:11,Descarga,App,Recomendados
I004090,U01013,C0315,2025-06-11 21:02:37,Clic recomendación,Web,Recomendados
I004091,U01013,C0202,2025-06-09 16:52:06,Agregar a mi lista,Web,Tendencias
I004092,U01013,C0383,2025-10-05 20:13:25,Agregar a mi lista,Web,Búsqueda
I004093,U01013,C0097,2025-10-19 23:38:48,Compartir,App,Inicio
I004094,U00588,C0007,2025-12-06 00:52:17,Clic recomendación,App,Inicio
I004095,U00588,C0280,2025-11-30 01:03:37,Clic recomendación,App,Recomendados
I004096,U00588,C0359,2025-12-09 18:51:10,Descarga,App,Tendencias
I004097,U00588,C0105,2025-11-27 13:18:42,Me gusta,App,Recomendados
I004098,U00588,C0165,2025-11-30 23:42:56,Agregar a mi lista,App,Inicio
I004099,U00588,C0188,2025-11-23 08:11:32,Descarga,App,Inicio
I004100,U00588,C0372,2025-11-14 20:49:42,Descarga,App,Tendencias
I004101,U00588,C0232,2025-12-25 05:29:06,Agregar a mi lista,App,Recomendados
I004102,U00588,C0224,2025-11-29 08:55:43,Me gusta,App,Tendencias
I004103,U00588,C0118,2025-12-28 21:04:19,Clic recomendación,App,Recomendados
I004104,U00588,C0290,2025-12-27 00:12:36,Me gusta,App,Continuar viendo
I004105,U00588,C0343,2025-12-27 19:33:00,Quitar de mi lista,App,Recomendados
I004106,U00147,C0279,2025-01-17 16:35:13,Me gusta,App,Recomendados
I004107,U00147,C0070,2025-03-22 20:17:18,Me gusta,App,Inicio
I004108,U00147,C0024,2025-07-02 19:39:11,Clic recomendación,App,Inicio
I004109,U01184,C0383,2025-07-05 20:03:27,Clic recomendación,App,Inicio
I004110,U01184,C0203,2025-08-28 18:26:50,Clic recomendación,App,Inicio
I004111,U01184,C0340,2025-03-09 19:30:02,Clic recomendación,App,Inicio
I004112,U01184,C0006,2025-10-20 18:27:18,Compartir,App,Inicio
I004113,U00239,C0313,2025-05-27 00:29:17,Me gusta,Web,Recomendados
I004114,U00239,C0283,2025-05-22 22:05:24,Clic recomendación,Web,Tendencias
I004115,U00239,C0409,2025-05-14 13:02:30,Clic recomendación,Web,Tendencias
I004116,U00280,C0053,2025-01-15 14:05:58,Clic recomendación,App,Recomendados
I004117,U00280,C0075,2025-02-21 00:13:47,Quitar de mi lista,App,Búsqueda
I004118,U00280,C0368,2025-02-08 19:43:37,Clic recomendación,App,Recomendados
I004119,U00280,C0080,2025-01-08 15:12:00,Me gusta,App,Continuar viendo
I004120,U00280,C0319,2025-05-15 12:17:35,Clic recomendación,App,Inicio
I004121,U00445,C0310,2025-08-10 18:35:07,Descarga,App,Búsqueda
I004122,U00445,C0083,2025-02-26 14:08:29,Me gusta,App,Recomendados
I004123,U01003,C0032,2025-05-12 23:32:02,Agregar a mi lista,App,Recomendados
I004124,U01003,C0142,2025-05-08 11:34:08,Quitar de mi lista,App,Recomendados
I004125,U00917,C0310,2025-03-10 10:59:00,Descarga,App,Búsqueda
I004126,U00343,C0090,2025-09-07 22:47:27,Agregar a mi lista,Web,Búsqueda
I004127,U00343,C0197,2025-08-23 05:27:58,Clic recomendación,Web,Recomendados
I004128,U00343,C0245,2025-09-17 09:40:04,No me gusta,Web,Búsqueda
I004129,U00343,C0056,2025-08-09 20:33:29,Agregar a mi lista,Web,Continuar viendo
I004130,U00343,C0284,2025-08-12 20:48:52,Me gusta,Web,Recomendados
I004131,U00343,C0090,2025-08-28 14:34:29,Compartir,Web,Recomendados
I004132,U00343,C0099,2025-10-06 20:56:01,Agregar a mi lista,Web,Continuar viendo
I004133,U00343,C0309,2025-07-29 08:39:00,Descarga,Web,Recomendados
I004134,U00343,C0245,2025-09-11 02:17:54,Clic recomendación,Web,Inicio
I004135,U00343,C0029,2025-09-24 14:28:06,Clic recomendación,Web,Recomendados
I004136,U00806,C0361,2025-06-30 03:28:28,Me gusta,App,Tendencias
I004137,U00806,C0284,2025-11-03 23:07:31,Clic recomendación,App,Recomendados
I004138,U00806,C0351,2025-10-28 22:12:57,Me gusta,App,Recomendados
I004139,U00806,C0158,2025-07-08 08:50:39,Descarga,App,Recomendados
I004140,U00806,C0245,2025-05-20 19:41:46,Agregar a mi lista,App,Recomendados
I004141,U01144,C0396,2025-05-09 23:18:08,Agregar a mi lista,App,Continuar viendo
I004142,U01144,C0295,2025-07-27 00:42:23,Quitar de mi lista,App,Búsqueda
I004143,U01144,C0251,2025-03-01 16:08:42,Me gusta,App,Tendencias
I004144,U01144,C0028,2025-03-18 12:05:22,Compartir,App,Búsqueda
I004145,U01144,C0220,2025-03-03 22:00:08,Clic recomendación,Web,Recomendados
I004146,U01418,C0055,2025-07-01 21:42:04,Clic recomendación,App,Recomendados
I004147,U01418,C0025,2025-04-21 22:18:13,Agregar a mi lista,App,Recomendados
I004148,U01241,C0100,2025-01-07 16:16:04,Me gusta,App,Inicio
I004149,U01241,C0068,2025-10-11 08:28:08,Descarga,Web,Recomendados
I004150,U01241,C0363,2025-12-19 18:11:17,Descarga,App,Recomendados
I004151,U01241,C0230,2025-11-15 23:22:17,No me gusta,Web,Búsqueda
I004152,U01241,C0291,2025-10-15 21:55:46,Quitar de mi lista,Web,Búsqueda
I004153,U00183,C0076,2025-02-24 22:04:14,Compartir,App,Inicio
I004154,U00183,C0388,2025-01-07 21:14:58,Clic recomendación,Web,Inicio
I004155,U00183,C0402,2025-01-28 12:41:13,Compartir,Web,Inicio
I004156,U01002,C0196,2025-06-23 04:47:21,No me gusta,App,Tendencias
I004157,U01002,C0369,2025-05-16 18:59:08,Agregar a mi lista,App,Inicio
I004158,U01002,C0274,2025-07-19 21:22:15,Me gusta,App,Recomendados
I004159,U01002,C0411,2025-05-25 23:25:11,Me gusta,App,Tendencias
I004160,U01002,C0017,2025-06-12 22:15:52,Clic recomendación,App,Recomendados
I004161,U00649,C0258,2025-12-03 21:44:09,Clic recomendación,Web,Recomendados
I004162,U00649,C0379,2025-11-13 20:13:46,Agregar a mi lista,App,Recomendados
I004163,U00649,C0200,2025-05-23 22:46:53,Quitar de mi lista,Web,Búsqueda
I004164,U00649,C0196,2025-08-22 23:34:43,Descarga,Web,Continuar viendo
I004165,U00649,C0376,2025-06-03 00:44:29,Me gusta,App,Continuar viendo
I004166,U00989,C0172,2025-08-22 18:45:21,Clic recomendación,App,Inicio
I004167,U00989,C0215,2025-11-20 00:10:10,Clic recomendación,App,Inicio
I004168,U00989,C0305,2025-08-20 22:04:11,Me gusta,App,Inicio
I004169,U00989,C0065,2025-09-29 00:47:06,Agregar a mi lista,App,Recomendados
I004170,U00989,C0198,2025-07-02 06:52:09,Agregar a mi lista,App,Inicio
I004171,U00767,C0076,2025-12-17 17:11:58,Agregar a mi lista,Web,Recomendados
I004172,U00767,C0241,2025-07-10 22:59:34,Clic recomendación,App,Recomendados
I004173,U00767,C0210,2025-01-19 14:59:10,Clic recomendación,App,Recomendados
I004174,U00767,C0193,2025-05-24 20:05:32,Me gusta,App,Recomendados
I004175,U00767,C0106,2025-02-01 22:33:58,No me gusta,Web,Inicio
I004176,U00767,C0148,2025-12-14 21:41:20,Quitar de mi lista,App,Continuar viendo
I004177,U00509,C0299,2025-08-03 16:41:21,Me gusta,App,Inicio
I004178,U00509,C0193,2025-06-05 18:58:03,Me gusta,App,Inicio
I004179,U00509,C0279,2025-09-04 19:41:58,Clic recomendación,App,Inicio
I004180,U01490,C0364,2025-07-04 00:36:44,Agregar a mi lista,App,Tendencias
I004181,U01490,C0378,2025-04-01 16:47:15,Me gusta,App,Recomendados
I004182,U01490,C0348,2025-06-12 10:56:47,No me gusta,App,Continuar viendo
I004183,U01490,C0140,2025-05-11 15:10:58,Clic recomendación,App,Inicio
I004184,U01490,C0086,2025-04-05 22:43:44,Descarga,App,Continuar viendo
I004185,U01490,C0411,2025-03-29 23:45:26,Quitar de mi lista,App,Inicio
I004186,U01243,C0371,2025-12-27 11:14:15,Clic recomendación,App,Recomendados
I004187,U01243,C0388,2025-12-22 18:08:32,No me gusta,App,Recomendados
I004188,U01243,C0311,2025-11-15 10:56:34,Agregar a mi lista,App,Recomendados
I004189,U00825,C0180,2025-03-03 08:49:17,Quitar de mi lista,App,Inicio
I004190,U00825,C0249,2025-05-25 21:40:24,Me gusta,App,Continuar viendo
I004191,U00825,C0131,2025-08-09 15:31:35,Descarga,App,Tendencias
I004192,U00825,C0378,2025-08-02 20:14:43,Me gusta,App,Inicio
I004193,U01237,C0170,2025-08-03 20:30:50,Me gusta,App,Tendencias
I004194,U01237,C0120,2025-04-21 00:04:35,Agregar a mi lista,App,Recomendados
I004195,U01237,C0349,2025-11-09 21:39:44,Agregar a mi lista,App,Tendencias
I004196,U01237,C0318,2025-07-01 15:57:02,Me gusta,App,Recomendados
I004197,U01237,C0375,2025-10-31 18:44:33,Clic recomendación,App,Inicio
I004198,U01237,C0414,2025-07-05 22:54:57,Me gusta,App,Tendencias
I004199,U01163,C0043,2025-06-16 19:24:07,Me gusta,Web,Búsqueda
I004200,U01163,C0135,2025-02-20 23:23:26,No me gusta,App,Continuar viendo
I004201,U01163,C0180,2025-07-21 16:32:25,Clic recomendación,App,Inicio
I004202,U01163,C0379,2025-11-03 23:06:16,Me gusta,Web,Búsqueda
I004203,U01163,C0367,2025-06-13 17:29:58,Clic recomendación,Web,Recomendados
I004204,U00626,C0359,2025-10-02 12:10:21,Clic recomendación,App,Recomendados
I004205,U00626,C0098,2025-10-19 20:35:55,Me gusta,App,Tendencias
I004206,U00220,C0366,2025-02-17 07:53:20,Agregar a mi lista,Web,Inicio
I004207,U00220,C0323,2025-10-24 21:28:43,Agregar a mi lista,Web,Continuar viendo
I004208,U00220,C0376,2025-09-30 11:37:59,Agregar a mi lista,Web,Inicio
I004209,U00220,C0327,2025-11-27 11:12:03,Me gusta,Web,Inicio
I004210,U00220,C0170,2025-08-04 19:36:01,Clic recomendación,Web,Recomendados
I004211,U00220,C0258,2025-09-16 23:54:08,Agregar a mi lista,Web,Recomendados
I004212,U01340,C0293,2025-06-16 23:34:53,No me gusta,App,Recomendados
I004213,U01340,C0157,2025-01-15 14:49:41,Descarga,App,Tendencias
I004214,U00045,C0210,2025-01-27 12:53:09,Me gusta,App,Inicio
I004215,U00045,C0091,2025-01-17 19:17:44,Clic recomendación,App,Recomendados
I004216,U00045,C0323,2025-01-19 23:20:13,Agregar a mi lista,App,Recomendados
I004217,U00045,C0408,2025-01-20 17:36:19,Agregar a mi lista,App,Búsqueda
I004218,U00045,C0387,2025-01-24 12:10:53,Descarga,App,Recomendados
I004219,U00045,C0393,2025-01-24 13:54:32,Clic recomendación,App,Recomendados
I004220,U00173,C0162,2025-03-10 00:08:35,Me gusta,App,Recomendados
I004221,U00232,C0130,2025-10-20 22:27:49,Agregar a mi lista,App,Continuar viendo
I004222,U00232,C0080,2025-08-16 22:05:38,Clic recomendación,Web,Recomendados
I004223,U00232,C0308,2025-02-03 11:07:51,Clic recomendación,Web,Inicio
I004224,U00232,C0051,2025-08-30 15:14:45,Me gusta,Web,Recomendados
I004225,U00232,C0336,2025-05-17 11:42:47,Clic recomendación,App,Inicio
I004226,U00232,C0247,2025-11-02 19:32:10,Me gusta,Web,Inicio
I004227,U00232,C0187,2025-12-25 14:37:44,Me gusta,Web,Búsqueda
I004228,U00232,C0108,2025-05-18 20:49:33,Descarga,App,Recomendados
I004229,U01096,C0191,2025-10-09 23:22:07,Agregar a mi lista,App,Recomendados
I004230,U01096,C0076,2025-12-12 20:20:38,Compartir,App,Continuar viendo
I004231,U01096,C0215,2025-09-18 15:25:35,Compartir,App,Continuar viendo
I004232,U01096,C0133,2025-10-14 12:11:56,Agregar a mi lista,App,Inicio
I004233,U01096,C0323,2025-11-02 18:52:22,Clic recomendación,App,Inicio
I004234,U01096,C0140,2025-09-05 21:15:30,Agregar a mi lista,App,Continuar viendo
I004235,U01096,C0402,2025-10-17 17:54:19,Agregar a mi lista,App,Búsqueda
I004236,U01096,C0410,2025-12-20 19:30:32,Clic recomendación,App,Inicio
I004237,U01096,C0102,2025-09-06 08:51:39,Me gusta,App,Tendencias
I004238,U01096,C0373,2025-12-15 22:58:24,Clic recomendación,App,Recomendados
I004239,U01096,C0011,2025-11-03 22:04:28,Agregar a mi lista,App,Recomendados
I004240,U01096,C0122,2025-09-07 12:26:52,Descarga,App,Tendencias
I004241,U00040,C0233,2025-10-08 16:41:18,Clic recomendación,App,Recomendados
I004242,U00040,C0113,2025-05-24 19:41:54,Quitar de mi lista,App,Búsqueda
I004243,U00040,C0219,2025-03-19 00:46:15,Clic recomendación,App,Inicio
I004244,U00040,C0335,2025-04-11 20:17:43,Me gusta,App,Inicio
I004245,U00040,C0060,2025-09-30 21:46:06,Clic recomendación,App,Recomendados
I004246,U00040,C0120,2025-09-14 18:31:34,Clic recomendación,App,Inicio
I004247,U00318,C0277,2025-10-10 19:07:30,Me gusta,App,Continuar viendo
I004248,U00318,C0271,2025-05-18 09:37:03,Clic recomendación,App,Inicio
I004249,U00550,C0347,2025-03-23 19:35:13,Compartir,Web,Recomendados
I004250,U00550,C0249,2025-03-30 22:24:25,Clic recomendación,App,Recomendados
I004251,U00550,C0368,2025-07-01 20:21:40,Clic recomendación,App,Recomendados
I004252,U00550,C0411,2025-11-05 15:21:53,Compartir,App,Búsqueda
I004253,U00550,C0337,2025-02-18 20:23:17,Agregar a mi lista,App,Búsqueda
I004254,U01134,C0141,2025-01-14 07:22:30,Clic recomendación,Web,Inicio
I004255,U01134,C0237,2025-03-04 10:04:23,Me gusta,App,Continuar viendo
I004256,U01134,C0284,2025-02-20 13:53:50,Agregar a mi lista,App,Continuar viendo
I004257,U01134,C0025,2025-03-10 12:20:54,Me gusta,App,Recomendados
I004258,U00052,C0293,2025-02-17 18:09:26,Me gusta,App,Recomendados
I004259,U00052,C0164,2025-06-22 16:48:08,Clic recomendación,App,Recomendados
I004260,U00052,C0072,2025-09-24 20:01:39,Clic recomendación,App,Recomendados
I004261,U00052,C0196,2025-01-22 18:37:10,Clic recomendación,App,Recomendados
I004262,U00052,C0399,2025-06-27 23:16:59,Clic recomendación,App,Recomendados
I004263,U01154,C0156,2025-01-22 23:13:13,Clic recomendación,App,Inicio
I004264,U01154,C0211,2025-08-11 05:11:43,Clic recomendación,App,Recomendados
I004265,U01154,C0269,2025-01-04 22:55:58,Clic recomendación,App,Recomendados
I004266,U01154,C0049,2025-11-11 01:25:53,Agregar a mi lista,App,Continuar viendo
I004267,U01154,C0275,2025-12-17 07:31:44,Me gusta,App,Tendencias
I004268,U01154,C0270,2025-12-02 21:11:48,Clic recomendación,App,Recomendados
I004269,U00689,C0170,2025-06-08 11:39:27,Agregar a mi lista,App,Recomendados
I004270,U00689,C0132,2025-08-05 21:27:08,Agregar a mi lista,App,Inicio
I004271,U00689,C0103,2025-02-15 18:16:08,Quitar de mi lista,App,Inicio
I004272,U00689,C0307,2025-06-15 13:01:14,Clic recomendación,App,Recomendados
I004273,U00689,C0373,2025-02-28 01:24:02,Agregar a mi lista,App,Inicio
I004274,U01246,C0075,2025-01-27 17:44:18,Agregar a mi lista,App,Inicio
I004275,U01246,C0318,2025-11-04 01:15:17,Clic recomendación,App,Recomendados
I004276,U01246,C0418,2025-02-22 20:37:44,Descarga,App,Continuar viendo
I004277,U01438,C0088,2025-12-21 21:13:27,Compartir,App,Continuar viendo
I004278,U01438,C0312,2025-10-21 00:18:17,Clic recomendación,App,Recomendados
I004279,U01438,C0115,2025-10-10 20:13:33,Quitar de mi lista,App,Inicio
I004280,U01438,C0202,2025-11-04 21:02:53,Agregar a mi lista,App,Inicio
I004281,U00149,C0012,2025-08-01 21:14:15,Me gusta,Web,Recomendados
I004282,U00149,C0209,2025-07-06 18:11:35,Clic recomendación,App,Recomendados
I004283,U01383,C0118,2025-08-19 22:34:29,Me gusta,App,Inicio
I004284,U01383,C0202,2025-03-11 07:33:36,Clic recomendación,App,Inicio
I004285,U01383,C0333,2025-07-26 23:02:30,Agregar a mi lista,App,Inicio
I004286,U00870,C0325,2025-07-16 22:11:00,Clic recomendación,App,Recomendados
I004287,U00870,C0047,2025-08-21 19:02:16,Agregar a mi lista,App,Continuar viendo
I004288,U00870,C0195,2025-11-05 17:58:55,Clic recomendación,App,Recomendados
I004289,U00870,C0332,2025-07-03 10:56:51,Agregar a mi lista,App,Recomendados
I004290,U00870,C0149,2025-05-24 12:05:15,Agregar a mi lista,App,Inicio
I004291,U00870,C0315,2025-08-10 21:05:45,Clic recomendación,App,Recomendados
I004292,U00870,C0147,2025-09-02 17:39:52,Me gusta,App,Tendencias
I004293,U00870,C0248,2025-09-19 23:49:49,Me gusta,App,Tendencias
I004294,U00299,C0272,2025-12-08 16:57:52,Clic recomendación,Web,Inicio
I004295,U00299,C0088,2025-10-24 00:37:20,No me gusta,Web,Recomendados
I004296,U00299,C0296,2025-12-27 18:20:40,Quitar de mi lista,Web,Tendencias
I004297,U00299,C0328,2025-12-12 00:27:47,Me gusta,Web,Tendencias
I004298,U00299,C0054,2025-12-22 13:37:05,Clic recomendación,Web,Recomendados
I004299,U00299,C0111,2025-11-29 01:55:35,Me gusta,Web,Tendencias
I004300,U00299,C0009,2025-12-12 07:25:06,Agregar a mi lista,Web,Búsqueda
I004301,U00299,C0264,2025-11-18 23:16:12,Quitar de mi lista,Web,Recomendados
I004302,U00299,C0377,2025-11-13 19:17:41,No me gusta,Web,Búsqueda
I004303,U00299,C0213,2025-11-23 23:18:56,Me gusta,Web,Inicio
I004304,U00299,C0396,2025-11-17 22:57:26,Clic recomendación,Web,Recomendados
I004305,U00299,C0411,2025-11-20 05:59:04,No me gusta,Web,Inicio
I004306,U00325,C0108,2025-12-22 18:39:30,Clic recomendación,App,Recomendados
I004307,U00325,C0047,2025-08-01 11:01:51,Agregar a mi lista,Web,Búsqueda
I004308,U00325,C0055,2025-07-22 22:52:19,Clic recomendación,Web,Recomendados
I004309,U00979,C0117,2025-11-17 22:26:10,Compartir,App,Recomendados
I004310,U00979,C0044,2025-12-03 20:09:36,Clic recomendación,App,Recomendados
I004311,U00979,C0262,2025-12-24 22:30:35,Me gusta,App,Búsqueda
I004312,U00979,C0133,2025-11-20 22:02:34,Agregar a mi lista,App,Búsqueda
I004313,U00979,C0039,2025-12-01 14:34:47,Descarga,App,Recomendados
I004314,U00979,C0366,2025-11-23 23:21:39,Me gusta,App,Continuar viendo
I004315,U00979,C0373,2025-11-28 00:43:11,Me gusta,App,Búsqueda
I004316,U00979,C0013,2025-11-07 21:02:44,Me gusta,App,Inicio
I004317,U00259,C0090,2025-05-17 19:57:50,Clic recomendación,App,Recomendados
I004318,U00259,C0253,2025-11-19 20:41:11,Quitar de mi lista,App,Búsqueda
I004319,U00259,C0188,2025-01-08 12:36:23,Agregar a mi lista,App,Búsqueda
I004320,U00259,C0280,2025-11-11 01:26:17,Compartir,App,Tendencias
I004321,U00259,C0360,2025-08-19 01:18:23,Clic recomendación,App,Recomendados
I004322,U01291,C0369,2025-11-22 18:50:19,Quitar de mi lista,App,Continuar viendo
I004323,U01291,C0420,2025-12-04 23:52:06,Agregar a mi lista,App,Inicio
I004324,U01291,C0219,2025-12-15 11:15:44,Agregar a mi lista,App,Inicio
I004325,U01291,C0124,2025-12-19 18:44:25,Me gusta,App,Búsqueda
I004326,U01291,C0199,2025-11-29 20:57:11,Clic recomendación,App,Recomendados
I004327,U01291,C0309,2025-12-17 00:52:26,Agregar a mi lista,App,Recomendados
I004328,U01358,C0166,2025-09-18 22:10:13,Agregar a mi lista,App,Inicio
I004329,U01358,C0004,2025-11-09 11:23:21,Clic recomendación,Web,Inicio
I004330,U01358,C0170,2025-11-15 02:17:48,Clic recomendación,App,Recomendados
I004331,U01358,C0229,2025-11-22 19:55:59,Agregar a mi lista,Web,Inicio
I004332,U00100,C0402,2025-06-19 20:01:03,Compartir,App,Continuar viendo
I004333,U00100,C0199,2025-06-07 15:06:26,Clic recomendación,App,Inicio
I004334,U00100,C0210,2025-04-30 14:15:15,Me gusta,App,Búsqueda
I004335,U00100,C0165,2025-02-09 20:47:14,Compartir,App,Recomendados
I004336,U00100,C0269,2025-07-12 22:19:54,Quitar de mi lista,App,Recomendados
I004337,U00100,C0302,2025-08-23 04:56:18,No me gusta,App,Recomendados
I004338,U00100,C0080,2025-05-21 12:01:22,Clic recomendación,App,Recomendados
I004339,U00100,C0140,2025-01-10 18:19:25,Me gusta,App,Búsqueda
I004340,U00100,C0243,2025-03-05 00:48:42,Me gusta,App,Búsqueda
I004341,U00100,C0374,2025-10-24 10:05:34,Clic recomendación,App,Inicio
I004342,U01345,C0124,2025-11-29 21:23:35,Descarga,App,Inicio
I004343,U01345,C0054,2025-11-30 20:37:53,Clic recomendación,App,Recomendados
I004344,U01345,C0167,2025-12-17 16:36:14,Agregar a mi lista,App,Tendencias
I004345,U01345,C0235,2025-12-30 22:47:02,Agregar a mi lista,App,Tendencias
I004346,U01345,C0041,2025-12-31 14:10:09,Descarga,App,Inicio
I004347,U01345,C0046,2025-12-09 21:33:50,Quitar de mi lista,App,Búsqueda
I004348,U00687,C0271,2025-05-03 20:38:13,Compartir,App,Búsqueda
I004349,U00687,C0161,2025-08-04 00:14:26,Me gusta,App,Inicio
I004350,U00687,C0017,2025-08-28 16:14:52,Quitar de mi lista,App,Búsqueda
I004351,U00687,C0373,2025-03-17 21:57:19,Quitar de mi lista,App,Continuar viendo
I004352,U01379,C0359,2025-06-16 22:15:06,No me gusta,App,Continuar viendo
I004353,U01379,C0224,2025-05-04 23:46:55,Agregar a mi lista,App,Recomendados
I004354,U00539,C0244,2025-06-18 08:25:59,No me gusta,App,Búsqueda
I004355,U00539,C0190,2025-08-28 23:05:09,Clic recomendación,App,Inicio
I004356,U00539,C0293,2025-06-25 11:03:51,Clic recomendación,App,Recomendados
I004357,U01414,C0172,2025-11-13 20:28:24,Clic recomendación,App,Tendencias
I004358,U01414,C0348,2025-12-15 13:12:53,Compartir,App,Búsqueda
I004359,U01001,C0245,2025-12-23 17:09:32,Me gusta,App,Búsqueda
I004360,U01001,C0356,2025-10-04 20:17:46,Me gusta,App,Recomendados
I004361,U01001,C0209,2025-11-21 22:43:20,Clic recomendación,App,Recomendados
I004362,U01001,C0126,2025-08-17 20:04:26,Clic recomendación,App,Recomendados
I004363,U01001,C0346,2025-10-23 21:26:04,Me gusta,Web,Inicio
I004364,U01001,C0319,2025-11-16 16:34:08,Me gusta,Web,Recomendados
I004365,U01001,C0360,2025-09-24 19:07:25,Compartir,Web,Recomendados
I004366,U01001,C0348,2025-09-07 20:34:46,Agregar a mi lista,App,Recomendados
I004367,U00077,C0288,2025-06-15 21:35:53,Compartir,Web,Continuar viendo
I004368,U00077,C0229,2025-07-16 17:13:35,Me gusta,App,Recomendados
I004369,U00077,C0157,2025-03-02 19:17:43,Agregar a mi lista,Web,Continuar viendo
I004370,U00077,C0066,2025-04-14 19:03:34,Me gusta,Web,Continuar viendo
I004371,U00077,C0392,2025-09-02 23:17:32,Clic recomendación,App,Recomendados
I004372,U00077,C0344,2025-03-04 21:47:23,No me gusta,App,Continuar viendo
I004373,U00077,C0033,2025-07-20 22:11:21,Agregar a mi lista,Web,Tendencias
I004374,U00077,C0033,2025-11-01 00:34:26,Clic recomendación,App,Recomendados
I004375,U00879,C0197,2025-01-16 18:05:26,Quitar de mi lista,Web,Búsqueda
I004376,U00879,C0221,2025-02-14 14:35:48,Agregar a mi lista,Web,Continuar viendo
I004377,U00879,C0126,2025-01-29 20:38:19,Descarga,Web,Inicio
I004378,U00879,C0274,2025-01-11 19:52:45,Me gusta,App,Inicio
I004379,U00879,C0117,2025-02-08 13:38:23,Me gusta,App,Recomendados
I004380,U00096,C0155,2025-10-12 23:35:16,Me gusta,App,Búsqueda
I004381,U00096,C0377,2025-12-23 17:32:21,Agregar a mi lista,App,Recomendados
I004382,U00096,C0258,2025-03-30 14:32:24,Quitar de mi lista,App,Recomendados
I004383,U00096,C0098,2025-03-29 16:21:39,Clic recomendación,App,Recomendados
I004384,U00364,C0221,2025-04-21 12:24:09,Agregar a mi lista,App,Recomendados
I004385,U00364,C0057,2025-04-17 20:35:49,Agregar a mi lista,App,Continuar viendo
I004386,U00364,C0316,2025-03-01 17:35:19,Me gusta,App,Búsqueda
I004387,U01157,C0118,2025-01-10 16:05:17,Clic recomendación,App,Inicio
I004388,U01157,C0236,2025-08-12 19:18:19,Clic recomendación,Web,Inicio
I004389,U01157,C0230,2025-02-19 01:08:00,Compartir,App,Recomendados
I004390,U01157,C0221,2025-06-27 21:00:29,Descarga,App,Búsqueda
I004391,U01157,C0091,2025-09-20 16:28:50,Clic recomendación,Web,Recomendados
I004392,U01157,C0034,2025-09-05 09:40:42,Agregar a mi lista,Web,Continuar viendo
I004393,U01157,C0266,2025-08-20 21:53:13,Clic recomendación,Web,Recomendados
I004394,U01157,C0140,2025-03-14 18:49:05,Agregar a mi lista,App,Inicio
I004395,U01040,C0368,2025-08-04 22:10:41,Me gusta,App,Inicio
I004396,U01040,C0086,2025-06-12 20:09:03,Quitar de mi lista,App,Continuar viendo
I004397,U01040,C0063,2025-08-10 19:47:17,Me gusta,App,Tendencias
I004398,U01040,C0191,2025-11-06 19:47:49,Agregar a mi lista,App,Recomendados
I004399,U01040,C0276,2025-06-02 10:08:53,Clic recomendación,App,Tendencias
I004400,U01115,C0144,2025-01-04 23:35:48,Clic recomendación,App,Recomendados
I004401,U01115,C0270,2025-03-23 21:41:53,Me gusta,App,Inicio
I004402,U01115,C0238,2025-03-03 18:13:20,Agregar a mi lista,App,Continuar viendo
I004403,U01115,C0095,2025-01-20 00:55:22,Descarga,App,Tendencias
I004404,U01115,C0235,2025-03-08 13:19:28,Agregar a mi lista,App,Búsqueda
I004405,U01419,C0110,2025-03-23 14:13:00,Clic recomendación,App,Tendencias
I004406,U01419,C0150,2025-08-23 19:21:55,Me gusta,App,Continuar viendo
I004407,U01251,C0275,2025-06-04 19:08:07,Agregar a mi lista,App,Búsqueda
I004408,U01251,C0346,2025-07-18 18:22:09,Me gusta,App,Inicio
I004409,U01251,C0333,2025-08-03 23:15:44,Me gusta,App,Inicio
I004410,U00322,C0289,2025-01-05 17:26:18,Me gusta,App,Continuar viendo
I004411,U01127,C0012,2025-09-07 23:05:51,Descarga,App,Búsqueda
I004412,U01127,C0169,2025-11-02 09:29:57,Compartir,App,Búsqueda
I004413,U01127,C0325,2025-10-12 23:32:12,Clic recomendación,Web,Recomendados
I004414,U01127,C0129,2025-08-07 13:58:42,Agregar a mi lista,App,Recomendados
I004415,U01133,C0107,2025-07-07 22:08:14,Clic recomendación,App,Inicio
I004416,U01133,C0276,2025-04-18 18:56:11,Clic recomendación,App,Recomendados
I004417,U01133,C0273,2025-07-01 07:51:06,Agregar a mi lista,App,Tendencias
I004418,U01133,C0286,2025-12-31 15:07:28,Clic recomendación,App,Inicio
I004419,U01133,C0246,2025-07-06 23:51:33,Agregar a mi lista,App,Inicio
I004420,U01133,C0350,2025-06-25 16:08:27,Clic recomendación,App,Recomendados
I004421,U01133,C0403,2025-10-07 07:05:40,Agregar a mi lista,App,Inicio
I004422,U01133,C0239,2025-08-18 01:23:35,Me gusta,App,Tendencias
I004423,U00710,C0130,2025-09-13 19:46:56,Me gusta,App,Recomendados
I004424,U00710,C0046,2025-10-01 17:54:05,Me gusta,App,Recomendados
I004425,U00710,C0076,2025-08-24 22:20:35,Agregar a mi lista,App,Búsqueda
I004426,U00710,C0235,2025-09-24 20:20:44,Quitar de mi lista,App,Búsqueda
I004427,U00710,C0042,2025-08-22 21:20:06,Clic recomendación,App,Recomendados
I004428,U00710,C0070,2025-12-26 13:48:43,No me gusta,App,Búsqueda
I004429,U00699,C0046,2025-02-12 21:01:25,Me gusta,Web,Inicio
I004430,U00699,C0410,2025-06-01 17:27:13,Agregar a mi lista,Web,Inicio
I004431,U00699,C0003,2025-07-25 20:45:19,Clic recomendación,Web,Recomendados
I004432,U00699,C0132,2025-05-27 20:15:52,No me gusta,Web,Inicio
I004433,U00255,C0255,2025-01-20 20:55:50,Clic recomendación,App,Recomendados
I004434,U00255,C0396,2025-02-21 12:24:08,Descarga,App,Tendencias
I004435,U00255,C0409,2025-01-17 10:04:47,Me gusta,App,Recomendados
I004436,U00255,C0082,2025-01-16 00:10:00,Clic recomendación,App,Inicio
I004437,U00255,C0285,2025-01-24 21:12:49,Clic recomendación,App,Recomendados
I004438,U00255,C0384,2025-02-17 03:26:54,Descarga,App,Búsqueda
I004439,U00255,C0290,2025-02-28 19:39:42,Agregar a mi lista,App,Continuar viendo
I004440,U00255,C0346,2025-01-16 20:46:25,Descarga,App,Recomendados
I004441,U00255,C0364,2025-02-23 23:10:28,Clic recomendación,App,Recomendados
I004442,U00255,C0260,2025-01-18 23:55:47,Clic recomendación,App,Tendencias
I004443,U00048,C0364,2025-11-29 21:45:58,Agregar a mi lista,App,Recomendados
I004444,U00048,C0042,2025-10-15 23:25:24,Clic recomendación,App,Recomendados
I004445,U00048,C0106,2025-08-24 22:17:26,Clic recomendación,App,Recomendados
I004446,U00048,C0161,2025-10-19 07:07:50,Clic recomendación,App,Tendencias
I004447,U00048,C0178,2025-09-26 00:29:23,Agregar a mi lista,App,Búsqueda
I004448,U00048,C0360,2025-12-06 15:28:35,Clic recomendación,App,Inicio
I004449,U00048,C0379,2025-09-01 23:09:38,Me gusta,App,Continuar viendo
I004450,U00048,C0118,2025-08-11 19:01:22,Descarga,App,Continuar viendo
I004451,U00048,C0230,2025-10-14 21:59:48,Clic recomendación,App,Recomendados
I004452,U00048,C0383,2025-09-19 20:33:55,Clic recomendación,App,Recomendados
I004453,U00048,C0335,2025-09-12 20:51:50,Me gusta,App,Inicio
I004454,U00048,C0374,2025-09-27 23:48:07,Me gusta,App,Continuar viendo
I004455,U01397,C0121,2025-07-15 19:57:28,Me gusta,App,Recomendados
I004456,U01397,C0277,2025-06-08 09:15:55,Clic recomendación,App,Inicio
I004457,U01460,C0095,2025-10-28 19:16:29,Agregar a mi lista,Web,Recomendados
I004458,U01460,C0078,2025-09-18 16:39:06,Agregar a mi lista,Web,Recomendados
I004459,U01460,C0290,2025-09-14 17:58:44,Agregar a mi lista,App,Tendencias
I004460,U01460,C0036,2025-10-03 09:13:17,Clic recomendación,App,Inicio
I004461,U01460,C0042,2025-08-24 09:45:18,Descarga,App,Inicio
I004462,U01460,C0068,2025-08-20 12:38:23,Descarga,Web,Recomendados
I004463,U01460,C0029,2025-09-12 18:36:32,Clic recomendación,App,Recomendados
I004464,U01460,C0038,2025-10-01 02:30:29,Clic recomendación,App,Recomendados
I004465,U01460,C0274,2025-09-05 16:42:33,Compartir,Web,Recomendados
I004466,U01460,C0189,2025-09-13 21:04:51,Agregar a mi lista,Web,Búsqueda
I004467,U00065,C0066,2025-03-22 20:21:33,Clic recomendación,App,Recomendados
I004468,U00065,C0281,2025-04-18 16:15:53,Agregar a mi lista,App,Continuar viendo
I004469,U00065,C0179,2025-05-01 23:04:27,Compartir,App,Tendencias
I004470,U00065,C0402,2025-07-17 20:01:34,Compartir,App,Búsqueda
I004471,U01198,C0272,2025-07-21 20:48:53,Descarga,App,Recomendados
I004472,U01198,C0102,2025-12-12 20:09:32,Me gusta,App,Búsqueda
I004473,U01198,C0320,2025-07-13 19:19:10,Agregar a mi lista,App,Búsqueda
I004474,U01198,C0300,2025-08-16 20:13:06,Clic recomendación,App,Inicio
I004475,U00160,C0415,2025-11-13 23:02:11,Compartir,App,Inicio
I004476,U00160,C0406,2025-08-03 11:38:23,Clic recomendación,App,Inicio
I004477,U00160,C0100,2025-09-16 02:58:01,Clic recomendación,App,Inicio
I004478,U00160,C0233,2025-06-24 11:52:02,Clic recomendación,App,Recomendados
I004479,U00160,C0095,2025-11-01 21:47:50,No me gusta,App,Búsqueda
I004480,U00160,C0245,2025-11-04 22:04:38,Agregar a mi lista,App,Inicio
I004481,U00991,C0015,2025-05-10 18:55:10,Me gusta,App,Inicio
I004482,U00991,C0268,2025-08-26 19:51:47,Me gusta,App,Tendencias
I004483,U00991,C0224,2025-09-04 13:22:51,Clic recomendación,App,Recomendados
I004484,U00991,C0298,2025-09-27 01:19:34,Agregar a mi lista,App,Continuar viendo
I004485,U00991,C0029,2025-09-23 18:37:59,Clic recomendación,App,Recomendados
I004486,U00991,C0348,2025-06-25 21:17:27,Me gusta,App,Continuar viendo
I004487,U00686,C0286,2025-06-01 20:32:41,Me gusta,App,Recomendados
I004488,U00686,C0098,2025-02-26 22:41:27,Agregar a mi lista,App,Búsqueda
I004489,U00686,C0284,2025-04-01 23:24:51,Descarga,App,Inicio
I004490,U00686,C0386,2025-11-30 21:21:50,Me gusta,App,Tendencias
I004491,U00686,C0055,2025-04-26 09:03:18,Compartir,App,Inicio
I004492,U01014,C0110,2025-03-31 22:33:47,Descarga,App,Inicio
I004493,U01014,C0001,2025-08-21 23:54:27,Compartir,App,Tendencias
I004494,U01014,C0266,2025-08-07 20:22:30,Descarga,App,Continuar viendo
I004495,U01014,C0371,2025-06-21 01:10:49,Compartir,App,Recomendados
I004496,U00059,C0063,2025-02-09 15:52:25,Clic recomendación,Web,Inicio
I004497,U00059,C0272,2025-04-01 17:52:48,Me gusta,App,Continuar viendo
I004498,U00059,C0155,2025-07-16 20:36:29,Quitar de mi lista,Web,Tendencias
I004499,U00059,C0326,2025-08-25 22:46:19,Clic recomendación,Web,Recomendados
I004500,U00059,C0109,2025-10-26 00:52:09,No me gusta,Web,Búsqueda
I004501,U00059,C0237,2025-04-01 19:27:42,Me gusta,Web,Continuar viendo
I004502,U00067,C0168,2025-03-01 22:05:03,Compartir,App,Inicio
I004503,U00067,C0318,2025-06-03 20:18:53,Me gusta,App,Recomendados
I004504,U00067,C0176,2025-03-01 20:24:29,Clic recomendación,App,Recomendados
I004505,U00067,C0315,2025-05-05 20:50:30,Me gusta,App,Inicio
I004506,U00067,C0151,2025-12-16 17:33:34,Clic recomendación,App,Recomendados
I004507,U00067,C0085,2025-12-18 09:36:42,Agregar a mi lista,App,Recomendados
I004508,U00067,C0356,2025-08-11 00:56:32,Agregar a mi lista,App,Recomendados
I004509,U00067,C0314,2025-06-22 22:10:24,Clic recomendación,App,Inicio
I004510,U00321,C0353,2025-01-14 06:30:03,Agregar a mi lista,App,Continuar viendo
I004511,U00321,C0164,2025-04-04 15:02:34,Me gusta,App,Inicio
I004512,U00321,C0153,2025-05-13 22:11:09,Clic recomendación,App,Recomendados
I004513,U00321,C0231,2025-05-31 18:28:41,Clic recomendación,App,Recomendados
I004514,U00321,C0185,2025-03-11 21:47:55,Clic recomendación,App,Recomendados
I004515,U00725,C0182,2025-01-17 11:07:20,Agregar a mi lista,App,Tendencias
I004516,U00725,C0417,2025-02-28 10:59:17,Me gusta,App,Recomendados
I004517,U00725,C0144,2025-12-29 19:10:17,Agregar a mi lista,App,Inicio
I004518,U00725,C0155,2025-07-30 23:00:36,Me gusta,App,Continuar viendo
I004519,U01476,C0174,2025-07-11 21:40:01,Clic recomendación,App,Recomendados
I004520,U01476,C0358,2025-11-17 14:48:29,Me gusta,App,Búsqueda
I004521,U01476,C0040,2025-08-31 08:16:05,Me gusta,App,Inicio
I004522,U01476,C0214,2025-04-03 17:48:19,Agregar a mi lista,App,Recomendados
I004523,U01476,C0259,2025-10-15 18:16:54,Agregar a mi lista,App,Inicio
I004524,U01476,C0120,2025-09-11 19:48:09,Me gusta,App,Inicio
I004525,U00349,C0102,2025-02-26 12:28:11,Compartir,App,Continuar viendo
I004526,U00349,C0134,2025-04-18 19:23:22,Agregar a mi lista,App,Recomendados
I004527,U00349,C0163,2025-05-01 19:49:58,Agregar a mi lista,App,Inicio
I004528,U00792,C0052,2025-12-24 19:25:42,Agregar a mi lista,Web,Recomendados
I004529,U00792,C0120,2025-12-13 20:14:08,Me gusta,App,Inicio
I004530,U00792,C0158,2025-11-20 21:40:46,Compartir,Web,Inicio
I004531,U00792,C0169,2025-12-02 20:34:34,Descarga,App,Continuar viendo
I004532,U00792,C0293,2025-09-13 18:21:41,Quitar de mi lista,Web,Continuar viendo
I004533,U00792,C0277,2025-09-27 21:37:03,Clic recomendación,Web,Recomendados
I004534,U00894,C0020,2025-09-04 19:23:43,Clic recomendación,App,Inicio
I004535,U00894,C0293,2025-09-02 19:38:45,Agregar a mi lista,App,Continuar viendo
I004536,U00894,C0224,2025-08-09 16:43:05,Clic recomendación,App,Recomendados
I004537,U00894,C0111,2025-01-29 22:47:28,Clic recomendación,App,Inicio
I004538,U00894,C0047,2025-12-09 23:27:33,Clic recomendación,App,Recomendados
I004539,U00894,C0363,2025-03-31 20:27:11,Agregar a mi lista,App,Inicio
I004540,U00368,C0019,2025-08-13 21:51:15,No me gusta,Web,Recomendados
I004541,U00368,C0320,2025-11-08 21:53:25,Clic recomendación,Web,Inicio
I004542,U00368,C0182,2025-05-31 20:31:14,Me gusta,Web,Búsqueda
I004543,U00653,C0193,2025-02-13 20:06:02,Me gusta,Web,Tendencias
I004544,U00653,C0094,2025-01-23 18:05:39,Clic recomendación,App,Recomendados
I004545,U01311,C0091,2025-08-27 23:05:39,Clic recomendación,App,Recomendados
I004546,U01311,C0055,2025-08-03 00:17:34,Agregar a mi lista,App,Recomendados
I004547,U01311,C0365,2025-08-03 19:40:43,Clic recomendación,App,Inicio
I004548,U01481,C0120,2025-03-20 12:24:25,Compartir,App,Recomendados
I004549,U01481,C0137,2025-12-05 18:09:35,Me gusta,App,Recomendados
I004550,U01481,C0101,2025-02-12 21:46:33,Agregar a mi lista,App,Continuar viendo
I004551,U01481,C0160,2025-03-31 17:08:07,Compartir,App,Búsqueda
I004552,U00877,C0106,2025-04-20 22:24:38,Agregar a mi lista,Web,Recomendados
I004553,U00877,C0061,2025-05-10 21:59:34,Descarga,Web,Recomendados
I004554,U00877,C0415,2025-04-11 23:18:26,Descarga,Web,Recomendados
I004555,U00877,C0058,2025-05-19 21:19:27,Clic recomendación,Web,Inicio
I004556,U00877,C0299,2025-05-23 10:54:25,No me gusta,Web,Recomendados
I004557,U01458,C0151,2025-11-17 22:43:31,Descarga,App,Recomendados
I004558,U01458,C0263,2025-10-23 17:39:38,Agregar a mi lista,App,Inicio
I004559,U01458,C0415,2025-11-22 00:36:23,Clic recomendación,App,Tendencias
I004560,U01458,C0346,2025-11-05 18:05:14,Agregar a mi lista,App,Recomendados
I004561,U01458,C0199,2025-11-10 20:50:11,Clic recomendación,App,Recomendados
I004562,U01458,C0301,2025-10-24 00:41:23,Me gusta,App,Inicio
I004563,U01178,C0355,2025-04-10 18:56:55,Me gusta,App,Recomendados
I004564,U01178,C0057,2025-07-04 12:48:22,Agregar a mi lista,App,Inicio
I004565,U01178,C0024,2025-07-05 20:52:03,Me gusta,App,Recomendados
I004566,U01178,C0397,2025-01-08 21:05:43,Me gusta,App,Recomendados
I004567,U01178,C0030,2025-08-10 20:53:29,Clic recomendación,App,Recomendados
I004568,U01178,C0371,2025-07-16 20:17:17,Me gusta,App,Búsqueda
I004569,U01178,C0412,2025-07-20 19:37:17,Agregar a mi lista,App,Tendencias
I004570,U01178,C0251,2025-01-06 12:26:35,Quitar de mi lista,App,Recomendados
I004571,U00438,C0030,2025-01-22 12:41:05,Quitar de mi lista,App,Tendencias
I004572,U00438,C0353,2025-06-22 18:08:44,Clic recomendación,Web,Recomendados
I004573,U00627,C0300,2025-08-05 23:53:16,Clic recomendación,App,Inicio
I004574,U00627,C0187,2025-08-01 22:14:47,Descarga,Web,Inicio
I004575,U00627,C0408,2025-08-14 21:48:05,Clic recomendación,App,Recomendados
I004576,U00511,C0054,2025-07-05 14:17:09,Clic recomendación,App,Tendencias
I004577,U00840,C0407,2025-11-14 20:03:45,Agregar a mi lista,App,Tendencias
I004578,U00247,C0272,2025-07-19 18:17:06,Agregar a mi lista,Web,Tendencias
I004579,U00247,C0133,2025-08-18 16:09:53,Clic recomendación,Web,Recomendados
I004580,U00247,C0194,2025-05-15 10:29:00,Clic recomendación,Web,Recomendados
I004581,U00247,C0184,2025-05-29 18:33:50,Me gusta,Web,Búsqueda
I004582,U00247,C0309,2025-03-20 12:47:59,Me gusta,Web,Búsqueda
I004583,U00247,C0095,2025-06-18 00:02:40,Clic recomendación,Web,Tendencias
I004584,U00247,C0115,2025-05-06 22:24:43,Compartir,Web,Recomendados
I004585,U00247,C0291,2025-01-21 20:15:13,Me gusta,Web,Recomendados
I004586,U00247,C0286,2025-03-31 20:38:27,Me gusta,Web,Recomendados
I004587,U00247,C0204,2025-01-04 15:38:10,Agregar a mi lista,Web,Inicio
I004588,U00240,C0079,2025-08-04 19:07:08,Compartir,App,Tendencias
I004589,U00240,C0379,2025-10-13 22:13:37,No me gusta,App,Recomendados
I004590,U00240,C0039,2025-05-13 21:04:39,Me gusta,Web,Búsqueda
I004591,U00240,C0127,2025-10-01 16:34:19,Clic recomendación,Web,Recomendados
I004592,U00240,C0020,2025-10-07 09:56:12,Me gusta,App,Recomendados
I004593,U00240,C0181,2025-09-09 21:39:25,Me gusta,Web,Inicio
I004594,U00240,C0265,2025-07-06 22:20:59,Clic recomendación,Web,Tendencias
I004595,U00240,C0348,2025-12-30 11:07:50,Agregar a mi lista,App,Búsqueda
I004596,U00240,C0228,2025-07-18 00:41:06,Agregar a mi lista,App,Recomendados
I004597,U00240,C0088,2025-12-05 22:26:43,No me gusta,App,Continuar viendo
I004598,U00780,C0327,2025-03-26 13:52:57,Compartir,Web,Inicio
I004599,U00780,C0346,2025-03-10 21:44:08,Clic recomendación,App,Inicio
I004600,U00780,C0416,2025-10-22 15:26:32,Clic recomendación,App,Tendencias
I004601,U00780,C0139,2025-09-12 10:46:12,Clic recomendación,App,Inicio
I004602,U00780,C0355,2025-12-09 19:12:26,Descarga,App,Tendencias
I004603,U00780,C0041,2025-07-15 20:01:56,Agregar a mi lista,App,Búsqueda
I004604,U00780,C0090,2025-02-11 10:29:06,Me gusta,Web,Recomendados
I004605,U00780,C0027,2025-01-17 22:25:06,Clic recomendación,App,Recomendados
I004606,U00419,C0028,2025-04-11 23:23:37,Clic recomendación,App,Recomendados
I004607,U00419,C0408,2025-06-25 20:19:19,Clic recomendación,App,Tendencias
I004608,U00419,C0318,2025-04-24 21:49:39,Clic recomendación,App,Recomendados
I004609,U00419,C0300,2025-02-10 00:04:24,Me gusta,App,Continuar viendo
I004610,U00440,C0373,2025-04-09 22:47:23,Descarga,App,Continuar viendo
I004611,U00440,C0275,2025-07-15 14:58:18,Compartir,App,Continuar viendo
I004612,U00440,C0028,2025-01-24 20:24:15,Descarga,App,Inicio
I004613,U00440,C0308,2025-01-26 17:45:00,Clic recomendación,App,Recomendados
I004614,U00440,C0032,2025-05-21 20:08:45,Clic recomendación,App,Recomendados
I004615,U00440,C0143,2025-04-23 19:06:58,Descarga,App,Inicio
I004616,U00744,C0317,2025-03-01 23:17:10,Clic recomendación,App,Recomendados
I004617,U00744,C0237,2025-08-15 21:37:30,Quitar de mi lista,App,Búsqueda
I004618,U00744,C0086,2025-12-23 21:21:49,Me gusta,App,Recomendados
I004619,U01497,C0294,2025-10-11 18:34:11,Quitar de mi lista,App,Tendencias
I004620,U01497,C0358,2025-07-10 16:17:07,Clic recomendación,App,Recomendados
I004621,U01497,C0415,2025-11-17 21:37:45,Compartir,App,Inicio
I004622,U01497,C0098,2025-09-15 21:04:48,Me gusta,App,Recomendados
I004623,U01497,C0110,2025-07-08 08:27:28,Quitar de mi lista,Web,Inicio
I004624,U01497,C0409,2025-08-04 13:39:10,Agregar a mi lista,Web,Recomendados
I004625,U01497,C0171,2025-09-22 11:46:43,Clic recomendación,App,Tendencias
I004626,U01497,C0364,2025-08-23 22:58:21,Quitar de mi lista,Web,Recomendados
I004627,U01497,C0249,2025-10-07 01:24:55,Clic recomendación,App,Recomendados
I004628,U01497,C0186,2025-07-04 16:09:15,Descarga,App,Continuar viendo
I004629,U01497,C0320,2025-12-02 14:18:09,Clic recomendación,App,Tendencias
I004630,U01497,C0388,2025-08-16 22:55:50,Compartir,App,Inicio
I004631,U01415,C0080,2025-11-30 12:34:17,Clic recomendación,Web,Tendencias
I004632,U01415,C0267,2025-02-08 14:59:35,Agregar a mi lista,App,Inicio
I004633,U01415,C0185,2025-07-23 16:27:20,Agregar a mi lista,App,Continuar viendo
I004634,U01415,C0354,2025-02-12 18:39:03,Me gusta,Web,Tendencias
I004635,U00123,C0107,2025-04-30 20:28:00,Me gusta,Web,Búsqueda
I004636,U00123,C0062,2025-02-03 22:13:29,Descarga,Web,Búsqueda
I004637,U00123,C0385,2025-01-14 19:34:37,Clic recomendación,App,Recomendados
I004638,U00123,C0306,2025-03-09 23:00:37,Clic recomendación,App,Inicio
I004639,U00123,C0259,2025-04-18 18:41:37,Clic recomendación,App,Recomendados
I004640,U00123,C0121,2025-03-24 15:39:10,Compartir,App,Inicio
I004641,U00446,C0143,2025-01-16 06:39:41,Clic recomendación,App,Recomendados
I004642,U00446,C0171,2025-02-07 08:22:36,Clic recomendación,App,Recomendados
I004643,U00446,C0285,2025-01-02 11:06:15,Clic recomendación,App,Tendencias
I004644,U00446,C0006,2025-08-05 11:20:15,Agregar a mi lista,App,Recomendados
I004645,U00446,C0264,2025-03-29 19:56:26,Clic recomendación,App,Inicio
I004646,U00446,C0082,2025-03-22 23:12:04,Quitar de mi lista,App,Inicio
I004647,U00527,C0387,2025-09-21 00:18:29,Agregar a mi lista,App,Recomendados
I004648,U00527,C0033,2025-06-22 16:35:03,Clic recomendación,App,Recomendados
I004649,U00527,C0265,2025-03-22 01:55:51,Me gusta,App,Búsqueda
I004650,U00527,C0119,2025-04-05 22:32:38,No me gusta,App,Continuar viendo
I004651,U00527,C0412,2025-11-15 19:08:43,Clic recomendación,App,Recomendados
I004652,U00527,C0387,2025-03-26 15:34:26,Agregar a mi lista,App,Tendencias
I004653,U01017,C0279,2025-03-29 04:54:37,Agregar a mi lista,Web,Búsqueda
I004654,U01017,C0021,2025-09-06 15:24:12,Agregar a mi lista,Web,Búsqueda
I004655,U01017,C0065,2025-02-12 12:44:59,Agregar a mi lista,App,Inicio
I004656,U01017,C0063,2025-03-02 11:18:46,Me gusta,Web,Búsqueda
I004657,U01259,C0171,2025-06-04 17:20:47,Clic recomendación,App,Tendencias
I004658,U01259,C0160,2025-01-24 13:09:10,Descarga,App,Tendencias
I004659,U01259,C0153,2025-04-02 15:32:57,Clic recomendación,App,Tendencias
I004660,U01259,C0210,2025-10-14 18:34:24,Agregar a mi lista,App,Continuar viendo
I004661,U01259,C0382,2025-08-02 23:27:14,Clic recomendación,App,Inicio
I004662,U01259,C0098,2025-07-01 22:54:28,Clic recomendación,App,Tendencias
I004663,U01259,C0164,2025-03-23 00:17:41,Clic recomendación,App,Inicio
I004664,U01259,C0332,2025-10-01 16:39:34,Agregar a mi lista,App,Recomendados
I004665,U01259,C0046,2025-12-13 00:24:32,Agregar a mi lista,App,Recomendados
I004666,U01259,C0032,2025-05-16 12:41:52,Me gusta,App,Búsqueda
I004667,U00945,C0180,2025-11-15 22:25:46,Me gusta,App,Tendencias
I004668,U00945,C0243,2025-11-10 09:24:05,Clic recomendación,App,Tendencias
I004669,U00945,C0032,2025-09-16 23:19:20,Clic recomendación,App,Recomendados
I004670,U00945,C0389,2025-12-16 22:58:24,Me gusta,App,Recomendados
I004671,U00945,C0001,2025-11-26 14:55:06,Me gusta,App,Recomendados
I004672,U00945,C0101,2025-11-01 17:52:11,Compartir,App,Búsqueda
I004673,U01025,C0325,2025-11-24 18:11:03,Quitar de mi lista,App,Búsqueda
I004674,U01025,C0265,2025-01-12 15:22:28,Clic recomendación,App,Recomendados
I004675,U01025,C0107,2025-09-10 02:22:14,Compartir,App,Inicio
I004676,U01025,C0048,2025-08-17 20:06:45,Me gusta,App,Inicio
I004677,U01025,C0276,2025-04-09 21:20:15,Clic recomendación,App,Recomendados
I004678,U01025,C0403,2025-03-17 17:51:10,Compartir,App,Búsqueda
I004679,U00978,C0351,2025-07-08 09:20:23,Me gusta,App,Recomendados
I004680,U00978,C0238,2025-04-20 10:38:16,Me gusta,App,Inicio
I004681,U00978,C0199,2025-05-10 23:09:59,Agregar a mi lista,App,Recomendados
I004682,U00978,C0310,2025-12-06 09:16:06,Me gusta,App,Tendencias
I004683,U00978,C0351,2025-11-10 17:51:25,Me gusta,App,Recomendados
I004684,U00978,C0353,2025-09-19 23:37:09,Quitar de mi lista,App,Recomendados
I004685,U00942,C0049,2025-11-10 17:51:13,Agregar a mi lista,App,Continuar viendo
I004686,U00942,C0265,2025-09-20 20:36:11,Clic recomendación,App,Recomendados
I004687,U00942,C0087,2025-08-24 12:45:59,Clic recomendación,App,Recomendados
I004688,U00942,C0164,2025-02-04 18:34:46,Clic recomendación,App,Tendencias
I004689,U00942,C0105,2025-01-04 00:23:47,Clic recomendación,App,Recomendados
I004690,U00942,C0057,2025-12-25 17:11:08,Agregar a mi lista,App,Recomendados
I004691,U00942,C0367,2025-10-28 19:29:56,Agregar a mi lista,App,Búsqueda
I004692,U00942,C0379,2025-12-16 10:41:34,No me gusta,App,Recomendados
I004693,U00942,C0002,2025-06-06 21:03:16,Clic recomendación,App,Recomendados
I004694,U00942,C0369,2025-02-17 15:56:03,Agregar a mi lista,App,Inicio
I004695,U00942,C0106,2025-04-14 21:37:20,Clic recomendación,App,Recomendados
I004696,U00942,C0308,2025-06-29 06:59:40,Agregar a mi lista,App,Búsqueda
I004697,U01236,C0185,2025-06-28 23:08:33,Agregar a mi lista,App,Continuar viendo
I004698,U01236,C0005,2025-04-24 15:28:27,Quitar de mi lista,App,Recomendados
I004699,U01236,C0110,2025-03-28 19:19:50,Descarga,App,Continuar viendo
I004700,U01236,C0276,2025-10-06 22:23:30,Clic recomendación,App,Recomendados
I004701,U01236,C0375,2025-12-21 19:44:45,Agregar a mi lista,App,Inicio
I004702,U01387,C0189,2025-11-09 00:21:35,Agregar a mi lista,App,Continuar viendo
I004703,U01387,C0279,2025-10-07 17:28:35,Clic recomendación,App,Recomendados
I004704,U00742,C0021,2025-05-25 21:00:43,Descarga,App,Recomendados
I004705,U00742,C0115,2025-06-01 11:43:02,Clic recomendación,App,Recomendados
I004706,U00742,C0194,2025-05-10 20:02:23,Clic recomendación,App,Tendencias
I004707,U00742,C0186,2025-03-15 12:14:14,Me gusta,App,Búsqueda
I004708,U00742,C0412,2025-04-06 22:49:03,Me gusta,App,Continuar viendo
I004709,U00742,C0406,2025-05-24 10:49:00,Clic recomendación,App,Recomendados
I004710,U00742,C0195,2025-06-13 21:06:30,Clic recomendación,App,Recomendados
I004711,U00742,C0313,2025-05-10 19:36:20,Me gusta,App,Continuar viendo
I004712,U00742,C0260,2025-01-15 22:15:37,Agregar a mi lista,App,Tendencias
I004713,U00742,C0079,2025-03-17 18:36:17,Me gusta,App,Tendencias
I004714,U00624,C0290,2025-06-17 13:10:42,Clic recomendación,App,Recomendados
I004715,U00624,C0018,2025-03-30 23:10:00,Me gusta,App,Tendencias
I004716,U00624,C0084,2025-03-27 16:56:54,Agregar a mi lista,App,Inicio
I004717,U00624,C0413,2025-05-06 22:40:42,Agregar a mi lista,App,Recomendados
I004718,U00624,C0403,2025-04-06 12:18:30,Descarga,App,Búsqueda
I004719,U00624,C0025,2025-06-08 15:17:23,Descarga,App,Recomendados
I004720,U01295,C0260,2025-05-22 01:04:32,Me gusta,App,Inicio
I004721,U01295,C0202,2025-09-16 23:53:38,Clic recomendación,App,Recomendados
I004722,U01295,C0008,2025-04-14 20:31:20,Me gusta,App,Tendencias
I004723,U01295,C0331,2025-03-19 20:02:56,Clic recomendación,App,Inicio
I004724,U01295,C0145,2025-03-23 05:12:30,Me gusta,App,Inicio
I004725,U01295,C0081,2025-09-10 23:59:29,Me gusta,App,Búsqueda
I004726,U01089,C0372,2025-09-27 23:15:05,Quitar de mi lista,App,Búsqueda
I004727,U01122,C0070,2025-09-23 20:01:15,Agregar a mi lista,App,Inicio
I004728,U01122,C0157,2025-12-04 09:37:37,Clic recomendación,App,Inicio
I004729,U01122,C0393,2025-08-17 09:53:54,Clic recomendación,App,Recomendados
I004730,U00423,C0192,2025-02-28 08:09:46,Agregar a mi lista,App,Recomendados
I004731,U00423,C0331,2025-04-28 07:36:15,Clic recomendación,App,Inicio
I004732,U00423,C0294,2025-06-08 08:32:10,Clic recomendación,App,Recomendados
I004733,U00423,C0141,2025-03-22 18:58:54,Me gusta,App,Recomendados
I004734,U01335,C0363,2025-05-31 20:30:04,Agregar a mi lista,App,Tendencias
I004735,U01335,C0208,2025-01-10 23:18:54,Me gusta,App,Recomendados
I004736,U01335,C0051,2025-03-15 23:11:56,Me gusta,App,Recomendados
I004737,U01335,C0250,2025-08-26 22:13:23,Quitar de mi lista,App,Tendencias
I004738,U01335,C0023,2025-09-29 22:15:13,No me gusta,App,Tendencias
I004739,U01020,C0301,2025-08-30 13:41:42,Agregar a mi lista,App,Recomendados
I004740,U01020,C0019,2025-01-20 23:31:03,Agregar a mi lista,Web,Recomendados
I004741,U01020,C0182,2025-05-08 14:31:14,Agregar a mi lista,Web,Recomendados
I004742,U01020,C0107,2025-07-08 21:27:26,Descarga,App,Inicio
I004743,U01020,C0333,2025-06-10 21:14:16,Me gusta,App,Recomendados
I004744,U01020,C0286,2025-02-11 20:48:29,Descarga,App,Recomendados
I004745,U00310,C0057,2025-07-18 23:24:21,Me gusta,Web,Recomendados
I004746,U00310,C0358,2025-09-23 18:24:44,Agregar a mi lista,App,Recomendados
I004747,U00310,C0273,2025-12-31 15:51:06,Me gusta,App,Inicio
I004748,U00291,C0149,2025-04-11 23:37:22,Me gusta,App,Inicio
I004749,U00291,C0362,2025-12-06 16:06:24,Agregar a mi lista,App,Continuar viendo
I004750,U00291,C0324,2025-08-04 10:31:51,Clic recomendación,App,Recomendados
I004751,U00291,C0338,2025-12-01 23:59:00,Clic recomendación,App,Recomendados
I004752,U00158,C0135,2025-02-21 12:56:55,Agregar a mi lista,App,Búsqueda
I004753,U00158,C0177,2025-04-11 20:43:09,Me gusta,App,Continuar viendo
I004754,U00158,C0026,2025-04-24 20:46:25,Clic recomendación,App,Inicio
I004755,U00158,C0231,2025-04-08 21:18:06,Clic recomendación,App,Inicio
I004756,U01437,C0036,2025-05-26 11:37:17,Clic recomendación,App,Inicio
I004757,U01437,C0109,2025-07-29 21:54:34,Clic recomendación,App,Recomendados
I004758,U01437,C0110,2025-07-05 21:29:26,Clic recomendación,Web,Recomendados
I004759,U01437,C0030,2025-07-09 22:58:24,Me gusta,Web,Inicio
I004760,U01437,C0216,2025-06-22 20:45:34,Me gusta,Web,Búsqueda
I004761,U01437,C0228,2025-02-22 13:56:03,Me gusta,App,Continuar viendo
I004762,U01437,C0153,2025-07-17 21:02:09,Clic recomendación,Web,Tendencias
I004763,U01437,C0306,2025-05-03 19:08:59,Quitar de mi lista,Web,Recomendados
I004764,U00895,C0392,2025-12-08 00:31:14,Clic recomendación,App,Recomendados
I004765,U00691,C0084,2025-12-23 23:45:39,Agregar a mi lista,App,Inicio
I004766,U00691,C0031,2025-12-18 15:23:11,Me gusta,App,Continuar viendo
I004767,U00691,C0339,2025-11-28 16:37:07,Clic recomendación,App,Recomendados
I004768,U00691,C0111,2025-11-25 23:42:30,Me gusta,App,Inicio
I004769,U00691,C0203,2025-12-21 19:30:26,Descarga,App,Continuar viendo
I004770,U00691,C0075,2025-12-12 03:02:18,Clic recomendación,App,Recomendados
I004771,U00691,C0259,2025-12-21 19:57:36,Agregar a mi lista,App,Inicio
I004772,U00691,C0359,2025-12-07 23:24:54,Me gusta,App,Continuar viendo
I004773,U01346,C0032,2025-11-20 11:40:02,Clic recomendación,App,Recomendados
I004774,U01088,C0247,2025-10-23 14:24:22,Clic recomendación,App,Recomendados
I004775,U01088,C0037,2025-11-15 21:55:35,Agregar a mi lista,App,Búsqueda
I004776,U01088,C0011,2025-11-20 13:36:08,Me gusta,App,Inicio
I004777,U00018,C0217,2025-08-04 21:08:19,Me gusta,Web,Recomendados
I004778,U00018,C0284,2025-08-08 21:17:56,Me gusta,Web,Recomendados
I004779,U00018,C0290,2025-03-21 01:34:38,Me gusta,App,Inicio
I004780,U00358,C0203,2025-10-14 14:12:20,Agregar a mi lista,App,Tendencias
I004781,U00358,C0185,2025-02-06 12:30:49,Clic recomendación,App,Recomendados
I004782,U00618,C0307,2025-11-16 03:15:23,Descarga,App,Recomendados
I004783,U00618,C0249,2025-06-22 12:13:00,Me gusta,App,Continuar viendo
I004784,U00618,C0003,2025-06-15 16:17:12,Agregar a mi lista,App,Inicio
I004785,U00618,C0038,2025-11-08 19:35:59,Compartir,App,Continuar viendo
I004786,U00618,C0161,2025-11-02 02:05:54,Quitar de mi lista,App,Continuar viendo
I004787,U00618,C0192,2025-05-31 21:57:59,Agregar a mi lista,App,Inicio
I004788,U00618,C0011,2025-07-28 12:31:31,Compartir,App,Búsqueda
I004789,U00618,C0135,2025-11-20 14:25:07,Agregar a mi lista,App,Inicio
I004790,U00618,C0155,2025-12-19 18:51:26,Clic recomendación,App,Recomendados
I004791,U00618,C0184,2025-06-11 21:56:04,Clic recomendación,App,Tendencias
I004792,U00618,C0337,2025-11-21 17:48:17,Clic recomendación,App,Inicio
I004793,U00618,C0063,2025-12-31 21:33:04,Agregar a mi lista,App,Continuar viendo
I004794,U00457,C0007,2025-08-10 21:41:00,Clic recomendación,App,Recomendados
I004795,U00457,C0266,2025-09-11 23:03:52,Clic recomendación,App,Inicio
I004796,U00457,C0074,2025-09-03 18:56:57,Me gusta,App,Inicio
I004797,U00457,C0049,2025-09-20 20:30:28,Me gusta,App,Continuar viendo
I004798,U01496,C0288,2025-04-21 19:52:01,No me gusta,App,Recomendados
I004799,U01496,C0198,2025-07-04 22:13:32,Agregar a mi lista,App,Tendencias
I004800,U01496,C0039,2025-12-15 08:17:36,Me gusta,App,Recomendados
I004801,U01496,C0305,2025-08-02 11:28:08,Clic recomendación,App,Recomendados
I004802,U01496,C0284,2025-04-09 13:51:37,Clic recomendación,App,Recomendados
I004803,U00770,C0123,2025-08-18 17:16:16,Clic recomendación,App,Inicio
I004804,U00770,C0251,2025-06-18 12:39:27,Agregar a mi lista,Web,Búsqueda
I004805,U00770,C0067,2025-02-11 15:34:29,No me gusta,Web,Recomendados
I004806,U00770,C0303,2025-02-22 08:35:55,Clic recomendación,Web,Inicio
I004807,U00770,C0236,2025-09-23 20:16:47,Descarga,Web,Tendencias
I004808,U00770,C0184,2025-04-07 13:24:43,Quitar de mi lista,App,Búsqueda
I004809,U00770,C0207,2025-04-04 22:45:50,Clic recomendación,Web,Recomendados
I004810,U00770,C0083,2025-07-26 07:01:23,Me gusta,Web,Recomendados
I004811,U00770,C0249,2025-09-21 22:38:06,Me gusta,Web,Inicio
I004812,U00770,C0243,2025-06-16 20:54:46,Clic recomendación,Web,Inicio
I004813,U01060,C0294,2025-07-28 23:04:28,Agregar a mi lista,App,Búsqueda
I004814,U01060,C0344,2025-02-03 22:05:20,Agregar a mi lista,App,Recomendados
I004815,U01060,C0397,2025-03-28 14:10:12,Me gusta,App,Inicio
I004816,U01060,C0150,2025-03-29 17:58:52,Me gusta,App,Continuar viendo
I004817,U01060,C0245,2025-02-09 20:49:08,No me gusta,App,Recomendados
I004818,U00260,C0067,2025-04-26 11:59:51,Me gusta,Web,Continuar viendo
I004819,U01033,C0270,2025-09-12 16:32:08,Me gusta,Web,Recomendados
I004820,U01033,C0402,2025-09-01 13:12:26,Clic recomendación,Web,Tendencias
I004821,U01033,C0101,2025-08-25 20:32:15,Quitar de mi lista,App,Tendencias
I004822,U01033,C0013,2025-09-29 16:54:22,Me gusta,Web,Continuar viendo
I004823,U01033,C0097,2025-09-12 03:44:16,Agregar a mi lista,App,Inicio
I004824,U01033,C0248,2025-09-27 23:14:11,Clic recomendación,App,Recomendados
I004825,U01033,C0116,2025-09-25 21:49:20,Clic recomendación,App,Inicio
I004826,U01033,C0339,2025-08-21 23:25:35,Clic recomendación,Web,Recomendados
I004827,U01033,C0370,2025-08-16 17:11:24,Me gusta,Web,Recomendados
I004828,U01033,C0193,2025-08-16 18:11:09,Clic recomendación,App,Recomendados
I004829,U00601,C0176,2025-02-24 17:16:46,Agregar a mi lista,App,Recomendados
I004830,U00601,C0159,2025-10-22 00:41:42,Me gusta,App,Continuar viendo
I004831,U00601,C0015,2025-09-11 17:12:20,No me gusta,App,Continuar viendo
I004832,U00601,C0075,2025-05-28 22:14:07,Me gusta,App,Búsqueda
I004833,U00601,C0371,2025-07-24 21:20:09,Agregar a mi lista,App,Inicio
I004834,U00601,C0208,2025-07-09 12:52:42,Clic recomendación,App,Tendencias
I004835,U00601,C0396,2025-01-17 19:26:09,Descarga,App,Inicio
I004836,U00601,C0037,2025-10-19 00:01:02,Agregar a mi lista,App,Recomendados
I004837,U00354,C0418,2025-06-03 19:47:09,Agregar a mi lista,App,Continuar viendo
I004838,U00354,C0287,2025-03-14 15:22:31,Me gusta,App,Búsqueda
I004839,U00354,C0211,2025-10-07 18:33:24,Me gusta,App,Inicio
I004840,U01382,C0389,2025-12-09 20:32:43,Agregar a mi lista,App,Recomendados
I004841,U01382,C0412,2025-03-08 00:02:58,Agregar a mi lista,Web,Recomendados
I004842,U01382,C0238,2025-01-17 12:34:03,Clic recomendación,App,Inicio
I004843,U01382,C0380,2025-04-03 16:49:43,Me gusta,App,Tendencias
I004844,U01382,C0311,2025-06-03 19:52:55,Clic recomendación,App,Recomendados
I004845,U01382,C0329,2025-12-30 22:17:41,Clic recomendación,Web,Recomendados
I004846,U01354,C0051,2025-06-02 21:46:48,Clic recomendación,App,Recomendados
I004847,U01354,C0129,2025-11-08 20:38:16,Descarga,Web,Inicio
I004848,U01354,C0188,2025-08-16 20:50:46,Clic recomendación,App,Recomendados
I004849,U01354,C0418,2025-12-15 22:50:01,Clic recomendación,App,Recomendados
I004850,U01354,C0290,2025-12-08 12:11:58,Me gusta,App,Recomendados
I004851,U01354,C0277,2025-08-11 18:25:10,Me gusta,App,Búsqueda
I004852,U01354,C0025,2025-11-09 13:10:17,Me gusta,Web,Continuar viendo
I004853,U01354,C0356,2025-02-08 20:00:00,No me gusta,App,Recomendados
I004854,U01354,C0327,2025-07-23 16:46:14,Clic recomendación,App,Recomendados
I004855,U01354,C0292,2025-01-11 20:46:09,Clic recomendación,App,Tendencias
I004856,U01354,C0110,2025-05-30 23:07:37,Agregar a mi lista,Web,Tendencias
I004857,U01354,C0336,2025-12-21 20:22:35,Clic recomendación,App,Recomendados
I004858,U01493,C0065,2025-03-18 20:31:55,Clic recomendación,App,Recomendados
I004859,U01493,C0315,2025-03-01 14:59:04,Me gusta,App,Continuar viendo
I004860,U01493,C0133,2025-01-03 23:41:46,Clic recomendación,App,Recomendados
I004861,U00766,C0197,2025-10-16 12:48:22,Clic recomendación,App,Recomendados
I004862,U00766,C0082,2025-10-18 20:26:49,Compartir,App,Continuar viendo
I004863,U00766,C0167,2025-11-04 00:07:09,Clic recomendación,Web,Tendencias
I004864,U00766,C0076,2025-11-29 22:50:59,Clic recomendación,Web,Inicio
I004865,U00766,C0134,2025-11-08 21:26:48,Agregar a mi lista,App,Búsqueda
I004866,U00766,C0194,2025-10-13 17:40:05,Agregar a mi lista,Web,Búsqueda
I004867,U00766,C0115,2025-11-09 18:23:04,Agregar a mi lista,App,Búsqueda
I004868,U00766,C0038,2025-10-22 06:16:25,Me gusta,App,Búsqueda
I004869,U00766,C0190,2025-11-18 18:37:24,Agregar a mi lista,Web,Recomendados
I004870,U00766,C0025,2025-10-25 12:03:28,Me gusta,Web,Recomendados
I004871,U00766,C0404,2025-11-21 14:14:30,Me gusta,Web,Recomendados
I004872,U00766,C0096,2025-10-14 19:38:01,Agregar a mi lista,App,Recomendados
I004873,U00097,C0105,2025-03-05 12:48:26,Quitar de mi lista,App,Inicio
I004874,U00097,C0100,2025-10-23 16:12:38,Clic recomendación,App,Recomendados
I004875,U00097,C0236,2025-05-08 19:02:48,Clic recomendación,App,Recomendados
I004876,U00097,C0101,2025-09-16 22:45:46,Me gusta,App,Inicio
I004877,U00097,C0068,2025-03-10 07:00:34,Clic recomendación,App,Recomendados
I004878,U00097,C0308,2025-09-27 07:24:12,Agregar a mi lista,App,Búsqueda
I004879,U00097,C0151,2025-04-19 20:51:46,No me gusta,App,Recomendados
I004880,U00097,C0309,2025-04-08 19:10:35,Agregar a mi lista,App,Continuar viendo
I004881,U00097,C0204,2025-01-06 18:56:57,Agregar a mi lista,App,Inicio
I004882,U00097,C0173,2025-02-23 22:50:58,Clic recomendación,App,Tendencias
I004883,U00397,C0145,2025-07-04 07:21:25,Agregar a mi lista,App,Búsqueda
I004884,U00397,C0089,2025-06-09 19:17:07,Agregar a mi lista,App,Búsqueda
I004885,U00397,C0032,2025-12-04 17:12:39,Descarga,App,Tendencias
I004886,U00397,C0398,2025-06-30 20:45:06,Agregar a mi lista,App,Búsqueda
I004887,U00397,C0235,2025-07-11 18:11:08,Agregar a mi lista,App,Búsqueda
I004888,U00397,C0131,2025-09-08 18:23:44,Me gusta,App,Continuar viendo
I004889,U01141,C0342,2025-05-24 13:05:29,Descarga,Web,Búsqueda
I004890,U01389,C0304,2025-03-19 17:58:15,Agregar a mi lista,App,Continuar viendo
I004891,U01389,C0358,2025-01-30 07:35:25,Agregar a mi lista,App,Recomendados
I004892,U01389,C0249,2025-05-20 19:54:49,Compartir,App,Búsqueda
I004893,U01389,C0207,2025-05-24 22:07:45,Agregar a mi lista,App,Recomendados
I004894,U01389,C0120,2025-03-07 15:50:22,Descarga,App,Búsqueda
I004895,U01389,C0113,2025-02-08 16:42:12,Me gusta,App,Recomendados
I004896,U01389,C0331,2025-05-02 11:22:32,Agregar a mi lista,App,Inicio
I004897,U01389,C0369,2025-01-04 10:59:59,No me gusta,App,Inicio
I004898,U01389,C0133,2025-05-17 18:36:48,Agregar a mi lista,App,Continuar viendo
I004899,U01389,C0327,2025-02-24 22:32:54,Agregar a mi lista,App,Inicio
I004900,U01389,C0082,2025-04-28 15:29:21,Me gusta,App,Inicio
I004901,U01389,C0030,2025-01-24 15:01:56,Clic recomendación,App,Recomendados
I004902,U00567,C0135,2025-10-13 20:59:02,Me gusta,Web,Inicio
I004903,U00567,C0054,2025-03-11 20:34:10,Me gusta,Web,Búsqueda
I004904,U00567,C0341,2025-10-23 23:51:21,Agregar a mi lista,Web,Continuar viendo
I004905,U00567,C0266,2025-10-27 21:09:53,Compartir,Web,Recomendados
I004906,U00567,C0226,2025-04-20 11:31:52,Me gusta,Web,Recomendados
I004907,U00379,C0103,2025-03-21 22:50:16,Me gusta,Web,Búsqueda
I004908,U01421,C0384,2025-12-11 23:22:49,Me gusta,App,Recomendados
I004909,U01421,C0114,2025-10-01 15:56:03,Compartir,App,Continuar viendo
I004910,U01421,C0051,2025-11-26 17:19:44,Compartir,App,Inicio
I004911,U00724,C0413,2025-04-25 14:41:58,Clic recomendación,Web,Recomendados
I004912,U00724,C0398,2025-05-31 08:24:17,No me gusta,Web,Continuar viendo
I004913,U00724,C0147,2025-02-07 20:33:28,Me gusta,Web,Inicio
I004914,U00724,C0333,2025-03-11 08:09:55,Clic recomendación,App,Recomendados
I004915,U00610,C0345,2025-06-11 17:13:04,Compartir,App,Recomendados
I004916,U00610,C0245,2025-09-25 22:13:05,Descarga,App,Recomendados
I004917,U00049,C0003,2025-03-11 09:41:24,Me gusta,App,Recomendados
I004918,U00049,C0068,2025-05-15 17:25:54,Agregar a mi lista,App,Tendencias
I004919,U00049,C0295,2025-03-22 15:39:35,Clic recomendación,App,Tendencias
I004920,U00049,C0237,2025-04-03 14:18:57,Clic recomendación,Web,Recomendados
I004921,U00049,C0260,2025-09-27 15:16:02,Clic recomendación,App,Recomendados
I004922,U00049,C0353,2025-08-06 20:57:58,Me gusta,App,Inicio
I004923,U00510,C0227,2025-05-17 06:41:12,Compartir,App,Continuar viendo
I004924,U00510,C0284,2025-07-21 19:51:26,Agregar a mi lista,App,Recomendados
I004925,U00510,C0032,2025-08-19 00:37:55,Agregar a mi lista,App,Inicio
I004926,U00189,C0082,2025-11-26 11:50:17,Agregar a mi lista,App,Continuar viendo
I004927,U00189,C0132,2025-12-09 20:43:04,Descarga,App,Recomendados
I004928,U00189,C0151,2025-10-26 18:43:34,Clic recomendación,App,Recomendados
I004929,U00189,C0350,2025-11-08 19:56:47,Agregar a mi lista,App,Inicio
I004930,U00189,C0326,2025-12-09 01:45:25,Clic recomendación,App,Inicio
I004931,U01286,C0333,2025-11-19 21:40:42,No me gusta,Web,Inicio
I004932,U01286,C0281,2025-07-15 10:50:49,Me gusta,Web,Continuar viendo
I004933,U00346,C0049,2025-12-02 23:57:13,Clic recomendación,App,Recomendados
I004934,U00346,C0309,2025-06-28 19:43:58,Clic recomendación,App,Recomendados
I004935,U00346,C0055,2025-07-13 17:14:43,Clic recomendación,App,Recomendados
I004936,U00346,C0098,2025-02-24 21:59:18,Compartir,App,Continuar viendo
I004937,U01313,C0132,2025-02-28 21:32:05,Me gusta,App,Inicio
I004938,U01313,C0330,2025-12-12 14:05:54,Clic recomendación,App,Recomendados
I004939,U01313,C0308,2025-04-30 23:03:07,Descarga,App,Continuar viendo
I004940,U00130,C0174,2025-09-29 14:24:27,Clic recomendación,App,Recomendados
I004941,U00130,C0211,2025-10-02 00:50:27,Compartir,App,Recomendados
I004942,U00130,C0252,2025-12-13 19:14:39,Clic recomendación,App,Recomendados
I004943,U00130,C0338,2025-11-17 22:19:45,Agregar a mi lista,App,Tendencias
I004944,U00130,C0015,2025-08-18 17:47:09,Clic recomendación,App,Inicio
I004945,U00130,C0227,2025-11-27 04:30:19,Quitar de mi lista,App,Inicio
I004946,U01314,C0281,2025-01-10 19:10:45,Clic recomendación,App,Inicio
I004947,U01314,C0164,2025-01-19 21:20:41,Clic recomendación,App,Recomendados
I004948,U01314,C0164,2025-01-21 19:19:55,Compartir,App,Búsqueda
I004949,U00298,C0257,2025-07-10 14:22:33,Clic recomendación,Web,Recomendados
I004950,U00298,C0330,2025-06-15 12:24:04,Descarga,App,Continuar viendo
I004951,U00298,C0323,2025-09-02 23:10:02,Me gusta,Web,Recomendados
I004952,U00298,C0227,2025-07-19 21:00:24,Clic recomendación,Web,Inicio
I004953,U00298,C0253,2025-06-10 22:35:06,Agregar a mi lista,App,Recomendados
I004954,U00998,C0286,2025-11-11 20:02:36,Me gusta,App,Recomendados
I004955,U00043,C0025,2025-10-04 20:17:18,Quitar de mi lista,App,Recomendados
I004956,U00043,C0147,2025-08-03 18:16:45,Me gusta,App,Tendencias
I004957,U00043,C0316,2025-05-26 20:42:51,Clic recomendación,App,Recomendados
I004958,U00118,C0012,2025-08-10 00:47:43,Descarga,App,Recomendados
I004959,U00118,C0181,2025-02-12 10:40:57,Agregar a mi lista,App,Inicio
I004960,U00118,C0073,2025-03-25 09:00:06,Me gusta,App,Inicio
I004961,U00118,C0075,2025-07-29 11:00:19,Compartir,App,Inicio
I004962,U00590,C0021,2025-11-10 23:32:19,Descarga,App,Recomendados
I004963,U00115,C0205,2025-09-27 22:11:29,Agregar a mi lista,App,Recomendados
I004964,U00115,C0389,2025-10-02 23:28:51,Quitar de mi lista,Web,Inicio
I004965,U00115,C0205,2025-06-22 20:25:42,No me gusta,App,Recomendados
I004966,U00115,C0054,2025-10-12 21:14:24,Agregar a mi lista,Web,Continuar viendo
I004967,U00115,C0121,2025-08-07 22:45:21,Clic recomendación,Web,Recomendados
I004968,U00115,C0182,2025-10-04 21:57:13,Me gusta,App,Recomendados
I004969,U00115,C0046,2025-12-20 18:12:33,Compartir,App,Inicio
I004970,U00115,C0358,2025-12-01 18:12:26,Agregar a mi lista,Web,Recomendados
I004971,U00711,C0016,2025-11-08 15:43:33,Agregar a mi lista,App,Recomendados
I004972,U00711,C0032,2025-06-18 15:37:19,Clic recomendación,App,Recomendados
I004973,U00711,C0184,2025-06-27 02:17:38,Descarga,App,Recomendados
I004974,U00711,C0335,2025-12-02 08:52:42,Me gusta,App,Continuar viendo
I004975,U00711,C0205,2025-12-04 18:43:13,Descarga,App,Búsqueda
I004976,U00711,C0312,2025-07-22 21:21:44,Me gusta,App,Inicio
I004977,U00711,C0302,2025-06-21 21:08:08,Compartir,App,Continuar viendo
I004978,U00711,C0409,2025-12-09 15:05:43,Agregar a mi lista,App,Recomendados
I004979,U01093,C0283,2025-01-09 23:21:13,Agregar a mi lista,App,Tendencias
I004980,U01093,C0271,2025-04-16 15:56:04,Me gusta,App,Tendencias
I004981,U01155,C0208,2025-09-10 23:21:00,Agregar a mi lista,App,Inicio
I004982,U01155,C0244,2025-09-26 11:02:49,Clic recomendación,App,Recomendados
I004983,U01155,C0002,2025-12-30 21:22:37,Clic recomendación,App,Recomendados
I004984,U01155,C0225,2025-06-06 12:41:30,Agregar a mi lista,App,Inicio
I004985,U01155,C0331,2025-05-21 21:08:13,Agregar a mi lista,App,Inicio
I004986,U01155,C0241,2025-10-15 21:30:23,Compartir,App,Continuar viendo
I004987,U01155,C0310,2025-11-17 23:54:55,No me gusta,App,Inicio
I004988,U01155,C0167,2025-04-09 23:23:43,Agregar a mi lista,App,Búsqueda
I004989,U01155,C0243,2025-06-13 22:29:01,Clic recomendación,App,Recomendados
I004990,U01155,C0147,2025-04-14 18:11:33,Quitar de mi lista,App,Recomendados
I004991,U00910,C0369,2025-05-11 19:27:49,Quitar de mi lista,Web,Tendencias
I004992,U00910,C0228,2025-07-06 22:35:24,Descarga,Web,Tendencias
I004993,U00910,C0398,2025-03-01 21:45:09,Agregar a mi lista,Web,Recomendados
I004994,U00910,C0329,2025-03-24 22:21:11,Me gusta,Web,Tendencias
I004995,U00910,C0310,2025-10-12 13:41:07,Agregar a mi lista,Web,Continuar viendo
I004996,U00910,C0105,2025-09-06 13:30:19,Descarga,Web,Búsqueda
I004997,U00910,C0220,2025-03-24 16:41:52,Clic recomendación,Web,Recomendados
I004998,U00910,C0404,2025-06-10 22:43:44,Descarga,Web,Recomendados
I004999,U00910,C0032,2025-05-22 19:36:54,Me gusta,Web,Continuar viendo
I005000,U00910,C0180,2025-04-09 20:43:00,Agregar a mi lista,Web,Búsqueda
I005001,U00990,C0402,2025-11-20 21:30:49,Agregar a mi lista,App,Continuar viendo
I005002,U00990,C0146,2025-12-07 22:05:16,Quitar de mi lista,App,Inicio
I005003,U00990,C0326,2025-11-11 09:53:48,Me gusta,App,Inicio
I005004,U00223,C0412,2025-09-12 22:08:26,Me gusta,Web,Recomendados
I005005,U00223,C0012,2025-07-21 18:36:02,Agregar a mi lista,Web,Recomendados
I005006,U00223,C0166,2025-03-05 22:06:44,Me gusta,Web,Tendencias
I005007,U00223,C0116,2025-02-17 01:19:58,Clic recomendación,Web,Recomendados
I005008,U00223,C0222,2025-12-22 13:29:59,Descarga,Web,Recomendados
I005009,U00223,C0193,2025-06-29 09:06:13,Clic recomendación,Web,Recomendados
I005010,U01338,C0304,2025-09-22 15:37:48,Agregar a mi lista,App,Continuar viendo
I005011,U01338,C0097,2025-03-29 13:21:14,Clic recomendación,App,Inicio
I005012,U01338,C0291,2025-08-08 23:27:55,Clic recomendación,Web,Recomendados
I005013,U01338,C0048,2025-05-08 22:17:37,Clic recomendación,App,Recomendados
I005014,U01338,C0402,2025-06-10 01:11:04,Clic recomendación,App,Inicio
I005015,U01338,C0137,2025-09-04 12:20:10,Clic recomendación,App,Tendencias
I005016,U01250,C0212,2025-02-22 22:26:04,Me gusta,App,Continuar viendo
I005017,U01250,C0047,2025-11-20 10:01:38,Me gusta,App,Recomendados
I005018,U01250,C0304,2025-02-07 21:13:29,Clic recomendación,App,Inicio
I005019,U01250,C0281,2025-07-04 14:45:58,Clic recomendación,App,Recomendados
I005020,U01250,C0103,2025-03-17 21:10:49,Me gusta,App,Búsqueda
I005021,U01250,C0151,2025-08-03 09:17:31,Clic recomendación,App,Recomendados
I005022,U00437,C0374,2025-05-04 15:59:37,Agregar a mi lista,App,Recomendados
I005023,U00437,C0023,2025-05-03 19:02:57,Clic recomendación,App,Recomendados
I005024,U00437,C0069,2025-05-14 22:04:27,Me gusta,App,Búsqueda
I005025,U00437,C0264,2025-02-14 19:20:17,Descarga,App,Inicio
I005026,U00437,C0150,2025-02-23 15:52:23,No me gusta,App,Continuar viendo
I005027,U00215,C0120,2025-12-24 00:48:54,Clic recomendación,App,Recomendados
I005028,U00215,C0066,2025-12-13 11:10:26,Clic recomendación,App,Recomendados
I005029,U00639,C0247,2025-05-16 14:54:09,Me gusta,App,Continuar viendo
I005030,U00639,C0129,2025-09-17 01:04:11,Compartir,App,Recomendados
I005031,U00639,C0184,2025-05-14 22:57:18,Agregar a mi lista,App,Recomendados
I005032,U00639,C0245,2025-06-08 22:33:20,Me gusta,App,Recomendados
I005033,U00639,C0021,2025-09-06 22:00:07,Clic recomendación,App,Recomendados
I005034,U00639,C0073,2025-05-13 21:51:11,Clic recomendación,App,Inicio
I005035,U00731,C0253,2025-08-02 21:17:41,Clic recomendación,App,Recomendados
I005036,U00731,C0060,2025-09-08 14:06:29,Quitar de mi lista,App,Búsqueda
I005037,U00731,C0074,2025-08-07 01:18:41,Me gusta,App,Continuar viendo
I005038,U00731,C0255,2025-08-05 10:38:35,Clic recomendación,App,Recomendados
I005039,U00731,C0123,2025-11-01 17:12:25,Agregar a mi lista,App,Recomendados
I005040,U00731,C0161,2025-12-12 21:47:30,Descarga,Web,Recomendados
I005041,U00731,C0412,2025-05-13 15:56:30,Me gusta,Web,Continuar viendo
I005042,U00731,C0337,2025-04-09 12:03:54,Agregar a mi lista,Web,Continuar viendo
I005043,U00103,C0286,2025-11-17 18:42:56,Clic recomendación,App,Recomendados
I005044,U00103,C0301,2025-08-21 11:39:57,Clic recomendación,App,Recomendados
I005045,U00103,C0411,2025-02-27 00:28:03,Clic recomendación,Web,Inicio
I005046,U00103,C0121,2025-06-27 19:24:30,Agregar a mi lista,Web,Tendencias
I005047,U00103,C0130,2025-09-01 22:27:01,Agregar a mi lista,App,Inicio
I005048,U00103,C0197,2025-05-16 23:21:37,Clic recomendación,App,Recomendados
I005049,U00103,C0371,2025-07-01 08:23:55,Clic recomendación,App,Tendencias
I005050,U00103,C0006,2025-12-23 11:46:49,Me gusta,App,Búsqueda
I005051,U00135,C0238,2025-07-11 21:38:13,Me gusta,App,Inicio
I005052,U00135,C0375,2025-05-14 22:26:28,Me gusta,App,Recomendados
I005053,U00135,C0143,2025-09-06 10:59:20,Clic recomendación,App,Recomendados
I005054,U00135,C0180,2025-02-25 17:16:58,No me gusta,App,Recomendados
I005055,U00135,C0064,2025-01-18 23:50:56,Clic recomendación,App,Recomendados
I005056,U00135,C0184,2025-09-10 19:55:02,Descarga,App,Búsqueda
I005057,U00135,C0055,2025-05-26 21:51:07,Clic recomendación,App,Recomendados
I005058,U00135,C0138,2025-10-13 22:00:05,Clic recomendación,App,Recomendados
I005059,U00137,C0305,2025-10-07 04:36:00,Me gusta,App,Continuar viendo
I005060,U00137,C0281,2025-03-19 14:07:06,Compartir,App,Recomendados
I005061,U00137,C0331,2025-09-17 11:01:12,Clic recomendación,App,Inicio
I005062,U00137,C0028,2025-09-17 18:51:39,Agregar a mi lista,App,Búsqueda
I005063,U00137,C0350,2025-11-09 21:20:16,Me gusta,App,Recomendados
I005064,U01004,C0379,2025-04-09 19:06:49,Agregar a mi lista,App,Búsqueda
I005065,U01004,C0175,2025-03-13 15:47:40,Descarga,Web,Inicio
I005066,U01004,C0102,2025-02-17 11:17:34,No me gusta,App,Recomendados
I005067,U01004,C0086,2025-02-11 07:19:27,Clic recomendación,App,Recomendados
I005068,U00821,C0377,2025-02-05 13:04:42,Agregar a mi lista,App,Búsqueda
I005069,U00821,C0396,2025-09-10 22:45:17,Clic recomendación,App,Recomendados
I005070,U00821,C0373,2025-04-07 18:01:37,Agregar a mi lista,App,Inicio
I005071,U00821,C0108,2025-03-16 19:36:34,Compartir,App,Recomendados
I005072,U00821,C0408,2025-03-25 23:37:04,Quitar de mi lista,App,Inicio
I005073,U00821,C0413,2025-12-11 19:02:04,Agregar a mi lista,App,Inicio
I005074,U00821,C0358,2025-02-03 21:35:14,Me gusta,App,Recomendados
I005075,U00821,C0293,2025-11-14 23:15:43,Agregar a mi lista,App,Tendencias
I005076,U01411,C0415,2025-11-05 19:39:45,Me gusta,App,Inicio
I005077,U01411,C0381,2025-12-27 09:06:09,Me gusta,App,Búsqueda
I005078,U01411,C0388,2025-01-08 16:54:31,Quitar de mi lista,App,Recomendados
I005079,U00773,C0274,2025-01-22 19:32:44,No me gusta,Web,Tendencias
I005080,U00773,C0008,2025-01-06 22:00:46,Agregar a mi lista,Web,Tendencias
I005081,U00773,C0347,2025-01-04 20:58:10,Me gusta,App,Búsqueda
I005082,U00773,C0405,2025-01-14 20:45:19,Agregar a mi lista,Web,Recomendados
I005083,U00773,C0113,2025-01-21 21:53:10,Descarga,Web,Tendencias
I005084,U00888,C0085,2025-08-19 20:06:22,Clic recomendación,App,Recomendados
I005085,U00888,C0373,2025-08-23 20:11:28,Compartir,App,Continuar viendo
I005086,U00888,C0200,2025-09-14 21:05:17,Agregar a mi lista,App,Tendencias
I005087,U00888,C0361,2025-10-03 22:02:33,Me gusta,App,Recomendados
I005088,U01416,C0326,2025-05-05 22:51:53,No me gusta,App,Búsqueda
I005089,U01416,C0001,2025-11-09 08:56:54,Agregar a mi lista,App,Inicio
I005090,U01416,C0096,2025-07-13 22:31:03,Me gusta,App,Inicio
I005091,U01416,C0283,2025-10-29 21:21:15,Quitar de mi lista,App,Tendencias
I005092,U01416,C0383,2025-04-03 13:46:53,No me gusta,App,Inicio
I005093,U01416,C0067,2025-12-12 09:38:00,Me gusta,App,Continuar viendo
I005094,U01416,C0344,2025-01-31 19:01:12,No me gusta,App,Continuar viendo
I005095,U01416,C0275,2025-03-29 21:33:53,No me gusta,App,Búsqueda
I005096,U01239,C0253,2025-10-29 22:05:28,Me gusta,App,Recomendados
I005097,U01239,C0374,2025-08-31 20:55:58,Clic recomendación,App,Recomendados
I005098,U01239,C0197,2025-07-20 17:46:16,Agregar a mi lista,App,Búsqueda
I005099,U01239,C0303,2025-08-17 03:57:39,Quitar de mi lista,App,Búsqueda
I005100,U01239,C0162,2025-07-27 18:28:41,Agregar a mi lista,App,Continuar viendo
I005101,U00451,C0303,2025-08-05 23:34:02,Me gusta,App,Recomendados
I005102,U00451,C0125,2025-05-05 17:18:33,Clic recomendación,App,Recomendados
I005103,U00451,C0136,2025-01-15 12:02:37,Clic recomendación,App,Recomendados
I005104,U00451,C0388,2025-03-11 11:44:02,Clic recomendación,App,Recomendados
I005105,U00451,C0113,2025-04-18 13:46:20,Agregar a mi lista,App,Recomendados
I005106,U00451,C0380,2025-04-20 01:39:44,Descarga,App,Recomendados
I005107,U00451,C0371,2025-12-25 22:15:29,Agregar a mi lista,App,Continuar viendo
I005108,U00451,C0138,2025-03-05 00:04:30,Clic recomendación,App,Recomendados
I005109,U00024,C0305,2025-12-25 23:50:43,No me gusta,App,Búsqueda
I005110,U00024,C0070,2025-07-10 00:13:50,Quitar de mi lista,App,Inicio
I005111,U00024,C0120,2025-05-25 16:36:11,Agregar a mi lista,App,Recomendados
I005112,U00024,C0145,2025-02-16 08:44:41,Clic recomendación,App,Recomendados
I005113,U00024,C0168,2025-09-28 23:10:47,Me gusta,App,Recomendados
I005114,U00036,C0035,2025-04-27 18:43:26,Descarga,App,Inicio
I005115,U00036,C0333,2025-05-30 20:34:37,Clic recomendación,App,Inicio
I005116,U00036,C0312,2025-02-26 00:54:33,Clic recomendación,App,Recomendados
I005117,U00036,C0045,2025-11-02 22:13:29,Descarga,App,Continuar viendo
I005118,U00036,C0196,2025-12-25 22:13:13,Agregar a mi lista,App,Recomendados
I005119,U00036,C0220,2025-12-13 13:52:23,Quitar de mi lista,App,Búsqueda
I005120,U00493,C0041,2025-08-13 20:32:04,Clic recomendación,App,Recomendados
I005121,U00493,C0058,2025-02-03 16:47:29,Agregar a mi lista,Web,Recomendados
I005122,U00493,C0207,2025-08-31 21:23:50,Compartir,App,Tendencias
I005123,U00493,C0059,2025-04-20 22:05:18,Descarga,App,Tendencias
I005124,U01284,C0405,2025-10-10 21:08:17,Quitar de mi lista,App,Recomendados
I005125,U01284,C0164,2025-08-29 08:14:21,Me gusta,App,Recomendados
I005126,U01373,C0280,2025-05-27 21:36:14,Agregar a mi lista,App,Recomendados
I005127,U01373,C0211,2025-03-03 18:30:05,Quitar de mi lista,App,Búsqueda
I005128,U00963,C0035,2025-11-24 04:22:40,Clic recomendación,Web,Recomendados
I005129,U00963,C0140,2025-12-21 20:56:26,Agregar a mi lista,App,Recomendados
I005130,U00963,C0182,2025-01-29 03:28:17,Clic recomendación,Web,Inicio
I005131,U00963,C0010,2025-12-12 13:14:04,Quitar de mi lista,Web,Continuar viendo
I005132,U00963,C0123,2025-10-30 18:53:27,Me gusta,App,Recomendados
I005133,U00963,C0406,2025-08-14 20:14:31,Clic recomendación,Web,Recomendados
I005134,U00286,C0280,2025-11-20 10:04:24,Agregar a mi lista,App,Recomendados
I005135,U00286,C0014,2025-12-05 18:09:50,Me gusta,App,Recomendados
I005136,U00286,C0117,2025-12-10 00:13:47,No me gusta,App,Continuar viendo
I005137,U00286,C0218,2025-11-12 21:06:53,Compartir,App,Inicio
I005138,U00286,C0071,2025-11-18 19:52:52,Clic recomendación,App,Recomendados
I005139,U00286,C0010,2025-11-21 18:29:43,Agregar a mi lista,App,Recomendados
I005140,U00286,C0032,2025-12-22 13:13:19,Clic recomendación,App,Tendencias
I005141,U00286,C0136,2025-11-21 18:00:10,Clic recomendación,App,Recomendados
I005142,U00286,C0221,2025-12-17 18:41:50,No me gusta,App,Recomendados
I005143,U00286,C0215,2025-11-25 21:43:36,Descarga,App,Inicio
I005144,U00549,C0341,2025-05-29 20:29:38,Clic recomendación,App,Recomendados
I005145,U00549,C0282,2025-08-31 21:44:43,Clic recomendación,App,Recomendados
I005146,U00549,C0267,2025-06-18 00:35:46,Clic recomendación,App,Recomendados
I005147,U00549,C0089,2025-11-20 19:45:16,Clic recomendación,App,Recomendados
I005148,U00549,C0155,2025-01-02 18:13:54,Agregar a mi lista,App,Continuar viendo
I005149,U00041,C0180,2025-02-23 17:26:47,Compartir,App,Inicio
I005150,U00041,C0340,2025-11-01 18:30:57,Descarga,App,Inicio
I005151,U00041,C0236,2025-05-28 08:48:35,Clic recomendación,App,Recomendados
I005152,U00041,C0374,2025-10-16 13:30:52,Descarga,App,Recomendados
I005153,U00041,C0211,2025-12-02 22:04:44,Clic recomendación,App,Inicio
I005154,U00041,C0101,2025-03-14 07:53:20,Me gusta,App,Tendencias
I005155,U00041,C0333,2025-02-27 15:58:21,Quitar de mi lista,App,Recomendados
I005156,U00041,C0344,2025-02-21 20:33:18,Me gusta,App,Inicio
I005157,U01147,C0060,2025-12-27 22:48:28,Compartir,App,Búsqueda
I005158,U01147,C0352,2025-09-27 11:30:35,Agregar a mi lista,App,Tendencias
I005159,U01147,C0377,2025-08-30 12:06:03,Me gusta,App,Tendencias
I005160,U01147,C0362,2025-08-21 14:47:05,Clic recomendación,App,Tendencias
I005161,U01147,C0260,2025-09-06 22:39:45,Me gusta,App,Tendencias
I005162,U01147,C0070,2025-10-28 19:34:32,Clic recomendación,App,Recomendados
I005163,U01147,C0362,2025-08-31 21:18:42,Clic recomendación,App,Recomendados
I005164,U01147,C0271,2025-12-23 18:22:08,Clic recomendación,App,Inicio
I005165,U00507,C0372,2025-07-30 19:23:19,Me gusta,App,Recomendados
I005166,U00507,C0263,2025-07-25 13:40:38,Clic recomendación,App,Recomendados
I005167,U00507,C0145,2025-06-05 23:27:21,Me gusta,App,Inicio
I005168,U00507,C0258,2025-07-17 22:40:30,Agregar a mi lista,App,Inicio
I005169,U00507,C0115,2025-06-10 09:59:35,Agregar a mi lista,App,Búsqueda
I005170,U00629,C0121,2025-04-17 18:51:45,Agregar a mi lista,App,Inicio
I005171,U00629,C0228,2025-07-21 17:06:33,Clic recomendación,App,Inicio
I005172,U00629,C0191,2025-01-30 10:37:16,Me gusta,App,Inicio
I005173,U00629,C0242,2025-09-05 16:22:41,Me gusta,App,Recomendados
I005174,U01170,C0397,2025-02-06 19:04:01,Clic recomendación,App,Tendencias
I005175,U01170,C0246,2025-06-15 16:18:26,Quitar de mi lista,App,Inicio
I005176,U01170,C0305,2025-09-27 21:21:44,Agregar a mi lista,App,Recomendados
I005177,U01170,C0086,2025-02-03 08:12:46,Agregar a mi lista,App,Búsqueda
I005178,U01170,C0249,2025-08-11 02:49:46,Clic recomendación,App,Recomendados
I005179,U00089,C0374,2025-11-28 18:50:10,Descarga,Web,Recomendados
I005180,U00089,C0327,2025-05-18 21:02:57,Me gusta,Web,Inicio
I005181,U00089,C0167,2025-07-29 16:11:04,Clic recomendación,Web,Recomendados
I005182,U00039,C0196,2025-02-20 00:36:55,Clic recomendación,App,Recomendados
I005183,U00039,C0091,2025-09-08 20:27:19,Agregar a mi lista,Web,Búsqueda
I005184,U00039,C0095,2025-02-09 22:24:44,Compartir,Web,Recomendados
I005185,U00039,C0414,2025-06-14 09:00:19,Descarga,Web,Tendencias
I005186,U00039,C0235,2025-07-02 15:02:41,Me gusta,Web,Recomendados
I005187,U00039,C0009,2025-10-22 19:06:05,Agregar a mi lista,Web,Continuar viendo
I005188,U00039,C0289,2025-10-08 17:31:05,Me gusta,Web,Búsqueda
I005189,U00039,C0394,2025-08-31 21:48:13,Clic recomendación,App,Inicio
I005190,U00039,C0045,2025-07-31 23:12:37,Agregar a mi lista,App,Inicio
I005191,U00039,C0137,2025-11-29 21:32:57,Clic recomendación,App,Recomendados
I005192,U01225,C0021,2025-10-19 04:56:22,Clic recomendación,App,Recomendados
I005193,U01225,C0124,2025-11-20 20:08:12,Me gusta,App,Búsqueda
I005194,U00091,C0105,2025-02-19 23:08:47,Compartir,App,Continuar viendo
I005195,U00091,C0056,2025-06-18 09:45:25,Clic recomendación,App,Recomendados
I005196,U00091,C0083,2025-12-12 21:50:49,Compartir,App,Recomendados
I005197,U00091,C0293,2025-01-09 00:09:12,Clic recomendación,Web,Recomendados
I005198,U00091,C0128,2025-06-01 22:42:56,Compartir,Web,Tendencias
I005199,U01365,C0090,2025-08-25 15:28:59,Agregar a mi lista,App,Inicio
I005200,U01365,C0023,2025-10-27 12:21:06,Clic recomendación,App,Inicio
I005201,U00656,C0284,2025-02-15 16:16:09,Clic recomendación,Web,Recomendados
I005202,U00656,C0348,2025-02-14 22:52:31,Agregar a mi lista,App,Inicio
I005203,U00656,C0192,2025-02-23 16:52:09,Agregar a mi lista,App,Continuar viendo
I005204,U00656,C0195,2025-11-25 19:41:13,Agregar a mi lista,App,Búsqueda
I005205,U00656,C0092,2025-05-28 20:25:04,Clic recomendación,App,Inicio
I005206,U01285,C0176,2025-09-30 22:44:55,Clic recomendación,App,Recomendados
I005207,U01285,C0356,2025-01-08 19:26:03,Descarga,App,Continuar viendo
I005208,U01285,C0113,2025-09-10 08:01:59,Agregar a mi lista,App,Búsqueda
I005209,U01285,C0181,2025-09-02 01:26:38,Compartir,App,Inicio
I005210,U01285,C0405,2025-09-27 23:10:29,Descarga,App,Continuar viendo
I005211,U00090,C0307,2025-07-22 19:39:42,Compartir,App,Recomendados
I005212,U00090,C0278,2025-08-19 09:18:09,Me gusta,App,Continuar viendo
I005213,U00090,C0411,2025-06-17 15:51:07,Clic recomendación,App,Recomendados
I005214,U00090,C0015,2025-07-24 22:01:45,Clic recomendación,App,Recomendados
I005215,U00090,C0377,2025-01-08 15:25:44,Agregar a mi lista,App,Búsqueda
I005216,U00090,C0068,2025-01-14 23:39:38,Agregar a mi lista,App,Inicio
I005217,U01263,C0320,2025-12-02 21:51:01,Clic recomendación,App,Recomendados
I005218,U01263,C0291,2025-04-01 16:15:53,Agregar a mi lista,App,Tendencias
I005219,U00157,C0107,2025-02-25 22:31:45,Clic recomendación,App,Recomendados
I005220,U00157,C0026,2025-01-21 16:43:29,Agregar a mi lista,App,Recomendados
I005221,U00157,C0132,2025-05-01 13:37:39,Agregar a mi lista,App,Inicio
I005222,U00157,C0063,2025-06-05 20:52:47,Me gusta,App,Inicio
I005223,U00157,C0082,2025-02-26 13:10:19,Agregar a mi lista,App,Inicio
I005224,U00171,C0109,2025-10-04 17:09:01,Me gusta,App,Inicio
I005225,U00171,C0317,2025-08-19 20:21:30,Clic recomendación,App,Recomendados
I005226,U00171,C0046,2025-12-16 15:07:53,Agregar a mi lista,Web,Inicio
I005227,U00171,C0392,2025-12-02 17:35:56,Quitar de mi lista,App,Continuar viendo
I005228,U00171,C0353,2025-03-31 17:34:55,Me gusta,App,Continuar viendo
I005229,U00171,C0138,2025-01-18 14:25:26,Agregar a mi lista,App,Continuar viendo
I005230,U00171,C0396,2025-11-07 23:39:26,Me gusta,App,Recomendados
I005231,U00171,C0037,2025-09-02 18:51:35,Agregar a mi lista,Web,Tendencias
I005232,U00193,C0318,2025-02-12 19:55:13,Clic recomendación,App,Recomendados
I005233,U00193,C0071,2025-03-06 18:44:01,Me gusta,App,Búsqueda
I005234,U00564,C0195,2025-02-11 22:06:59,Agregar a mi lista,Web,Tendencias
I005235,U00564,C0112,2025-03-09 20:01:29,Quitar de mi lista,Web,Inicio
I005236,U00564,C0095,2025-12-30 22:32:07,Clic recomendación,Web,Recomendados
I005237,U00815,C0267,2025-12-30 23:01:15,No me gusta,App,Búsqueda
I005238,U00815,C0104,2025-02-19 00:01:40,Clic recomendación,App,Recomendados
I005239,U00815,C0218,2025-09-08 07:56:17,Clic recomendación,App,Recomendados
I005240,U00815,C0376,2025-11-27 21:29:23,Agregar a mi lista,App,Búsqueda
I005241,U00082,C0033,2025-09-24 21:25:00,Me gusta,App,Continuar viendo
I005242,U00082,C0277,2025-12-13 22:16:23,Agregar a mi lista,App,Búsqueda
I005243,U00082,C0151,2025-12-02 09:19:15,Clic recomendación,App,Recomendados
I005244,U00081,C0118,2025-12-22 17:46:44,Descarga,Web,Continuar viendo
I005245,U00081,C0405,2025-05-22 19:58:58,Me gusta,Web,Inicio
I005246,U00081,C0300,2025-05-07 18:24:10,Me gusta,Web,Recomendados
I005247,U00081,C0037,2025-05-20 21:20:22,Clic recomendación,Web,Recomendados
I005248,U00081,C0362,2025-02-15 20:21:57,Clic recomendación,App,Recomendados
I005249,U00081,C0013,2025-12-31 23:18:54,Clic recomendación,App,Recomendados
I005250,U00331,C0307,2025-10-07 15:40:19,Compartir,App,Búsqueda
I005251,U00464,C0353,2025-03-02 22:09:05,Agregar a mi lista,Web,Búsqueda
I005252,U00482,C0166,2025-10-04 15:08:29,Agregar a mi lista,Web,Búsqueda
I005253,U00482,C0336,2025-10-17 13:43:14,Clic recomendación,Web,Tendencias
I005254,U00482,C0160,2025-08-25 05:32:24,Clic recomendación,App,Recomendados
I005255,U00482,C0349,2025-04-20 23:30:03,Me gusta,Web,Recomendados
I005256,U00482,C0054,2025-02-28 20:23:17,Clic recomendación,Web,Recomendados
I005257,U00482,C0387,2025-10-17 15:18:46,Agregar a mi lista,Web,Búsqueda
I005258,U00482,C0004,2025-01-05 22:40:33,Agregar a mi lista,Web,Recomendados
I005259,U00482,C0012,2025-03-23 17:46:20,Me gusta,Web,Continuar viendo
I005260,U00482,C0091,2025-08-10 20:09:01,Clic recomendación,App,Recomendados
I005261,U00482,C0399,2025-05-10 21:21:23,Quitar de mi lista,App,Recomendados
I005262,U01304,C0348,2025-12-02 21:11:47,Clic recomendación,App,Recomendados
I005263,U01304,C0245,2025-12-03 15:43:59,Clic recomendación,App,Inicio
I005264,U01304,C0405,2025-10-13 17:02:38,Quitar de mi lista,App,Inicio
I005265,U01304,C0359,2025-10-08 20:57:17,Descarga,App,Recomendados
I005266,U01304,C0407,2025-10-20 22:41:14,Clic recomendación,App,Recomendados
I005267,U01304,C0020,2025-12-29 13:17:44,Me gusta,Web,Búsqueda
I005268,U00141,C0238,2025-07-31 16:37:09,Agregar a mi lista,App,Inicio
I005269,U00141,C0177,2025-08-23 13:57:11,Clic recomendación,App,Recomendados
I005270,U00141,C0419,2025-02-25 22:31:37,Clic recomendación,App,Recomendados
I005271,U00141,C0355,2025-11-21 21:08:35,Descarga,App,Continuar viendo
I005272,U00141,C0281,2025-05-05 20:23:49,Clic recomendación,App,Inicio
I005273,U00483,C0059,2025-04-22 18:40:53,Me gusta,App,Tendencias
I005274,U00483,C0048,2025-03-15 01:10:55,Descarga,App,Tendencias
I005275,U00483,C0182,2025-09-29 16:21:48,No me gusta,App,Recomendados
I005276,U00483,C0414,2025-01-01 16:58:47,Clic recomendación,App,Inicio
I005277,U00483,C0336,2025-02-07 00:05:31,Compartir,App,Inicio
I005278,U00483,C0056,2025-09-15 21:10:22,Me gusta,App,Recomendados
I005279,U00483,C0215,2025-09-26 23:03:20,Me gusta,App,Recomendados
I005280,U00483,C0301,2025-02-28 22:36:30,Clic recomendación,App,Recomendados
I005281,U00483,C0320,2025-03-23 19:02:50,Agregar a mi lista,App,Continuar viendo
I005282,U00483,C0233,2025-04-14 00:21:10,Clic recomendación,App,Tendencias
I005283,U00483,C0270,2025-05-01 21:58:09,Clic recomendación,App,Recomendados
I005284,U00483,C0166,2025-11-28 19:25:15,Agregar a mi lista,App,Inicio
I005285,U00428,C0175,2025-03-22 13:23:56,Descarga,App,Continuar viendo
I005286,U00428,C0052,2025-10-26 22:36:40,Me gusta,App,Recomendados
I005287,U00428,C0035,2025-05-20 23:19:52,Agregar a mi lista,App,Tendencias
I005288,U00428,C0245,2025-06-23 11:11:09,Agregar a mi lista,App,Continuar viendo
I005289,U00428,C0418,2025-08-27 21:50:37,No me gusta,App,Recomendados
I005290,U00428,C0086,2025-10-03 20:40:49,No me gusta,App,Continuar viendo
I005291,U00428,C0089,2025-04-05 23:39:33,Clic recomendación,App,Tendencias
I005292,U00428,C0220,2025-10-22 20:47:14,Me gusta,App,Búsqueda
I005293,U00428,C0156,2025-01-28 09:04:15,Me gusta,App,Tendencias
I005294,U00428,C0010,2025-05-26 00:05:59,Clic recomendación,App,Recomendados
I005295,U00503,C0328,2025-06-26 22:48:45,Agregar a mi lista,App,Búsqueda
I005296,U00503,C0420,2025-06-20 18:42:50,Descarga,App,Recomendados
I005297,U00503,C0033,2025-07-14 15:07:43,Agregar a mi lista,App,Recomendados
I005298,U00503,C0238,2025-12-30 15:01:35,Agregar a mi lista,App,Recomendados
I005299,U00503,C0244,2025-02-21 20:04:07,Me gusta,App,Búsqueda
I005300,U01071,C0405,2025-07-27 16:43:47,No me gusta,App,Recomendados
I005301,U01071,C0208,2025-08-04 11:15:39,Agregar a mi lista,App,Búsqueda
I005302,U00904,C0296,2025-08-25 01:24:42,Agregar a mi lista,Web,Búsqueda
I005303,U00904,C0215,2025-09-23 09:06:29,Agregar a mi lista,Web,Continuar viendo
I005304,U00904,C0354,2025-10-02 18:18:36,Clic recomendación,Web,Recomendados
I005305,U00904,C0226,2025-06-09 21:40:36,Me gusta,Web,Recomendados
I005306,U00904,C0301,2025-08-26 16:45:54,Compartir,Web,Tendencias
I005307,U00904,C0090,2025-09-04 16:16:31,Me gusta,Web,Recomendados
I005308,U00395,C0304,2025-01-26 10:49:45,Me gusta,Web,Recomendados
I005309,U00395,C0199,2025-03-02 17:23:15,Compartir,Web,Continuar viendo
I005310,U00395,C0219,2025-02-13 21:35:50,Me gusta,Web,Recomendados
I005311,U00395,C0131,2025-01-04 21:31:04,Clic recomendación,Web,Recomendados
I005312,U00395,C0027,2025-01-08 21:36:27,Descarga,Web,Tendencias
I005313,U00098,C0112,2025-11-16 21:05:51,Clic recomendación,App,Inicio
I005314,U00098,C0395,2025-07-13 19:20:37,Me gusta,App,Recomendados
I005315,U00098,C0016,2025-09-27 19:54:36,Clic recomendación,App,Recomendados
I005316,U00098,C0275,2025-08-30 14:43:35,Clic recomendación,App,Tendencias
I005317,U00098,C0231,2025-08-03 16:05:39,Clic recomendación,App,Recomendados
I005318,U00098,C0266,2025-11-21 23:52:10,Me gusta,App,Inicio
I005319,U01400,C0316,2025-08-20 09:34:38,No me gusta,App,Recomendados
I005320,U01400,C0061,2025-09-08 22:41:03,Clic recomendación,App,Recomendados
I005321,U01400,C0409,2025-11-03 14:26:17,Clic recomendación,App,Tendencias
I005322,U01444,C0069,2025-02-14 01:22:42,Agregar a mi lista,App,Continuar viendo
I005323,U01444,C0125,2025-02-22 01:43:42,Me gusta,App,Recomendados
I005324,U01360,C0288,2025-09-28 21:44:40,Me gusta,App,Búsqueda
I005325,U01360,C0062,2025-01-16 22:11:14,Me gusta,App,Continuar viendo
I005326,U01360,C0197,2025-01-19 22:47:16,Agregar a mi lista,App,Inicio
I005327,U01360,C0234,2025-08-31 03:11:11,Clic recomendación,App,Recomendados
I005328,U01360,C0188,2025-03-10 04:48:26,Clic recomendación,App,Recomendados
I005329,U01360,C0218,2025-08-09 19:20:55,Clic recomendación,App,Recomendados
I005330,U00032,C0045,2025-10-26 02:37:29,Agregar a mi lista,App,Recomendados
I005331,U00032,C0360,2025-10-14 23:11:54,Me gusta,App,Inicio
I005332,U00032,C0253,2025-12-07 12:59:55,Agregar a mi lista,App,Recomendados
I005333,U00032,C0073,2025-08-03 02:02:19,Descarga,App,Búsqueda
I005334,U00032,C0378,2025-12-19 18:13:54,Agregar a mi lista,App,Recomendados
I005335,U00332,C0204,2025-04-15 20:20:55,Clic recomendación,Web,Inicio
I005336,U00332,C0285,2025-12-29 11:05:38,Descarga,Web,Recomendados
I005337,U00332,C0249,2025-02-04 21:51:38,Me gusta,Web,Recomendados
I005338,U00332,C0007,2025-09-24 15:23:17,Descarga,Web,Recomendados
I005339,U00332,C0390,2025-08-31 00:52:48,Agregar a mi lista,Web,Tendencias
I005340,U00332,C0325,2025-02-25 20:41:45,Compartir,Web,Inicio
I005341,U00332,C0207,2025-02-05 14:01:00,Quitar de mi lista,Web,Continuar viendo
I005342,U00332,C0084,2025-02-10 12:35:12,Clic recomendación,Web,Inicio
I005343,U00602,C0139,2025-10-23 16:35:38,Me gusta,Web,Tendencias
I005344,U00602,C0341,2025-10-03 11:51:33,Clic recomendación,Web,Recomendados
I005345,U00602,C0211,2025-10-19 22:49:50,Clic recomendación,App,Recomendados
I005346,U00602,C0156,2025-09-17 00:49:23,Clic recomendación,Web,Recomendados
I005347,U00602,C0148,2025-09-20 20:26:47,Agregar a mi lista,Web,Continuar viendo
I005348,U00055,C0175,2025-12-14 21:52:28,Me gusta,Web,Recomendados
I005349,U00055,C0258,2025-12-20 10:42:29,Clic recomendación,Web,Recomendados
I005350,U00055,C0380,2025-12-13 23:00:44,Clic recomendación,App,Recomendados
I005351,U00055,C0194,2025-12-10 23:55:42,Me gusta,App,Tendencias
I005352,U00055,C0071,2025-11-14 19:54:34,Compartir,App,Tendencias
I005353,U00055,C0061,2025-12-01 17:20:46,Clic recomendación,App,Tendencias
I005354,U00308,C0287,2025-08-02 23:55:58,Clic recomendación,App,Inicio
I005355,U00308,C0016,2025-08-23 23:15:57,Me gusta,App,Continuar viendo
I005356,U00308,C0098,2025-09-03 21:42:42,Clic recomendación,App,Recomendados
I005357,U00308,C0235,2025-05-26 15:35:32,Clic recomendación,App,Recomendados
I005358,U00308,C0401,2025-03-16 08:30:14,Agregar a mi lista,App,Búsqueda
I005359,U00778,C0274,2025-09-12 19:02:42,Agregar a mi lista,Web,Inicio
I005360,U00778,C0380,2025-08-31 16:36:09,Clic recomendación,App,Tendencias
I005361,U00778,C0053,2025-07-02 20:43:16,Agregar a mi lista,App,Recomendados
I005362,U00778,C0299,2025-11-28 18:32:55,Agregar a mi lista,App,Inicio
I005363,U00778,C0093,2025-11-11 20:24:11,Compartir,App,Inicio
I005364,U00317,C0148,2025-09-24 12:51:22,Agregar a mi lista,App,Continuar viendo
I005365,U00317,C0304,2025-09-21 20:12:32,Agregar a mi lista,App,Búsqueda
I005366,U00317,C0336,2025-07-25 12:06:49,Agregar a mi lista,App,Continuar viendo
I005367,U00317,C0043,2025-12-11 17:04:00,Me gusta,App,Recomendados
I005368,U00317,C0372,2025-08-20 23:45:53,Me gusta,App,Búsqueda
I005369,U00317,C0211,2025-10-30 21:08:37,Descarga,App,Búsqueda
I005370,U00317,C0316,2025-09-18 11:48:09,Compartir,App,Recomendados
I005371,U00317,C0243,2025-09-03 20:41:07,Clic recomendación,App,Inicio
I005372,U00317,C0284,2025-12-16 16:01:42,Descarga,App,Recomendados
I005373,U00317,C0285,2025-12-17 19:31:22,Clic recomendación,App,Inicio
I005374,U01218,C0182,2025-08-07 20:02:48,Clic recomendación,App,Recomendados
I005375,U01218,C0203,2025-02-15 13:18:08,Agregar a mi lista,App,Inicio
I005376,U01218,C0269,2025-05-27 19:55:23,Clic recomendación,App,Tendencias
I005377,U01218,C0220,2025-01-12 19:05:38,Compartir,App,Inicio
I005378,U01218,C0200,2025-01-01 23:21:04,Me gusta,App,Recomendados
I005379,U01218,C0101,2025-01-30 16:20:44,Compartir,App,Recomendados
I005380,U01218,C0016,2025-03-09 12:33:35,Agregar a mi lista,App,Búsqueda
I005381,U01218,C0340,2025-05-15 23:25:39,Descarga,App,Recomendados
I005382,U01218,C0046,2025-01-22 21:14:21,Clic recomendación,App,Recomendados
I005383,U01218,C0008,2025-04-12 21:51:09,Me gusta,App,Recomendados
I005384,U00622,C0078,2025-03-25 11:00:30,Me gusta,Web,Recomendados
I005385,U00622,C0010,2025-07-21 20:33:34,Me gusta,Web,Inicio
I005386,U00622,C0281,2025-08-23 21:05:39,Me gusta,Web,Recomendados
I005387,U00622,C0349,2025-07-15 14:05:34,Compartir,Web,Inicio
I005388,U00221,C0121,2025-05-04 12:34:20,Compartir,App,Inicio
I005389,U00221,C0280,2025-02-18 10:41:14,Descarga,App,Recomendados
I005390,U00221,C0297,2025-11-22 04:54:00,Agregar a mi lista,App,Recomendados
I005391,U00221,C0417,2025-07-20 05:08:17,Clic recomendación,App,Recomendados
I005392,U00221,C0305,2025-04-06 14:08:37,Clic recomendación,App,Recomendados
I005393,U00992,C0221,2025-10-22 13:06:31,Me gusta,App,Recomendados
I005394,U00011,C0329,2025-01-26 18:12:48,Me gusta,App,Recomendados
I005395,U00011,C0332,2025-05-09 05:35:01,Clic recomendación,App,Recomendados
I005396,U00011,C0387,2025-05-05 10:54:30,Compartir,App,Recomendados
I005397,U00011,C0359,2025-11-28 16:54:01,Me gusta,App,Inicio
I005398,U00011,C0122,2025-10-04 23:22:38,Me gusta,App,Recomendados
I005399,U00011,C0364,2025-08-13 14:55:15,Me gusta,App,Tendencias
I005400,U00011,C0293,2025-02-23 22:27:30,Compartir,App,Inicio
I005401,U00011,C0150,2025-06-11 18:28:09,Me gusta,App,Inicio
I005402,U00011,C0199,2025-09-17 22:17:04,Clic recomendación,App,Recomendados
I005403,U00011,C0065,2025-08-18 20:47:12,Compartir,App,Búsqueda
I005404,U00179,C0129,2025-02-20 12:48:04,Clic recomendación,App,Tendencias
I005405,U00179,C0313,2025-05-25 19:56:25,No me gusta,App,Recomendados
I005406,U00179,C0257,2025-01-27 22:39:28,Agregar a mi lista,App,Inicio
I005407,U00179,C0029,2025-12-08 15:53:06,Agregar a mi lista,App,Continuar viendo
I005408,U00179,C0117,2025-05-20 20:24:52,Clic recomendación,App,Recomendados
I005409,U00179,C0256,2025-09-02 00:44:04,Agregar a mi lista,App,Recomendados
I005410,U00179,C0035,2025-06-23 17:45:42,Clic recomendación,App,Recomendados
I005411,U00179,C0186,2025-03-04 02:41:28,Clic recomendación,App,Inicio
I005412,U00179,C0348,2025-12-22 20:11:07,Clic recomendación,App,Recomendados
I005413,U00179,C0192,2025-03-29 10:54:28,Clic recomendación,App,Recomendados
I005414,U01209,C0266,2025-10-04 19:55:25,Descarga,Web,Tendencias
I005415,U01209,C0149,2025-12-26 04:35:49,Compartir,App,Inicio
I005416,U01406,C0054,2025-03-24 08:56:39,Me gusta,App,Búsqueda
I005417,U01406,C0197,2025-01-06 10:05:11,Quitar de mi lista,Web,Recomendados
I005418,U01406,C0049,2025-07-27 20:18:48,No me gusta,App,Tendencias
I005419,U01406,C0026,2025-03-31 15:11:12,Compartir,Web,Recomendados
I005420,U01406,C0093,2025-06-28 21:56:59,Me gusta,App,Inicio
I005421,U01406,C0109,2025-10-04 00:35:24,Me gusta,App,Inicio
I005422,U01406,C0253,2025-12-14 20:45:02,Clic recomendación,App,Recomendados
I005423,U01406,C0146,2025-10-04 09:26:14,Me gusta,App,Recomendados
I005424,U01406,C0173,2025-01-23 05:43:41,Agregar a mi lista,App,Recomendados
I005425,U01406,C0336,2025-03-09 22:25:15,Agregar a mi lista,Web,Inicio
I005426,U00822,C0221,2025-03-08 17:17:08,Compartir,App,Recomendados
I005427,U00361,C0031,2025-07-01 01:38:57,No me gusta,App,Recomendados
I005428,U00361,C0186,2025-07-18 22:33:18,Agregar a mi lista,App,Recomendados
I005429,U00361,C0280,2025-09-15 22:45:26,Clic recomendación,App,Recomendados
I005430,U00361,C0294,2025-09-10 20:47:00,Agregar a mi lista,App,Inicio
I005431,U00361,C0408,2025-07-01 13:09:55,Compartir,App,Inicio
I005432,U00361,C0076,2025-07-22 13:23:33,Me gusta,App,Búsqueda
I005433,U00361,C0001,2025-12-05 09:35:06,Me gusta,App,Recomendados
I005434,U00361,C0141,2025-12-22 14:30:57,Agregar a mi lista,App,Búsqueda
I005435,U00355,C0053,2025-08-28 21:08:26,Clic recomendación,App,Inicio
I005436,U00355,C0304,2025-09-23 17:42:35,Agregar a mi lista,App,Búsqueda
I005437,U00355,C0336,2025-09-10 19:27:21,Compartir,App,Inicio
I005438,U00355,C0011,2025-09-27 08:40:03,Quitar de mi lista,App,Continuar viendo
I005439,U01166,C0194,2025-12-28 00:49:52,Clic recomendación,App,Tendencias
I005440,U01166,C0358,2025-08-24 23:08:22,Clic recomendación,App,Recomendados
I005441,U01166,C0002,2025-05-08 16:37:01,Clic recomendación,App,Tendencias
I005442,U00936,C0292,2025-01-19 09:01:07,Agregar a mi lista,App,Recomendados
I005443,U00936,C0087,2025-08-15 20:53:56,Agregar a mi lista,App,Recomendados
I005444,U00936,C0273,2025-08-14 18:23:05,Clic recomendación,App,Recomendados
I005445,U00936,C0165,2025-04-17 14:43:30,Clic recomendación,App,Recomendados
I005446,U00936,C0109,2025-11-18 22:57:37,Clic recomendación,App,Recomendados
I005447,U00936,C0130,2025-01-03 22:23:09,Me gusta,App,Continuar viendo
I005448,U00936,C0211,2025-03-10 21:28:44,Descarga,App,Continuar viendo
I005449,U00936,C0372,2025-03-02 18:56:23,Agregar a mi lista,App,Inicio
I005450,U00936,C0041,2025-01-15 20:07:41,Descarga,App,Inicio
I005451,U00936,C0141,2025-09-30 22:35:00,Clic recomendación,App,Recomendados
I005452,U00936,C0096,2025-10-11 22:56:10,Compartir,App,Tendencias
I005453,U00936,C0215,2025-11-01 03:02:55,Compartir,App,Inicio
I005454,U00902,C0299,2025-07-01 06:13:22,Agregar a mi lista,Web,Recomendados
I005455,U00902,C0183,2025-04-20 19:01:30,Agregar a mi lista,Web,Inicio
I005456,U00902,C0091,2025-06-20 19:51:31,Clic recomendación,Web,Recomendados
I005457,U00902,C0301,2025-03-18 19:38:17,Descarga,Web,Tendencias
I005458,U00573,C0336,2025-08-15 00:40:04,Clic recomendación,App,Recomendados
I005459,U00573,C0223,2025-04-26 19:18:13,Descarga,App,Búsqueda
I005460,U01492,C0181,2025-04-23 09:18:38,Agregar a mi lista,App,Recomendados
I005461,U01492,C0079,2025-12-20 07:41:59,Compartir,App,Tendencias
I005462,U01492,C0157,2025-03-05 21:19:34,No me gusta,App,Recomendados
I005463,U01492,C0318,2025-09-04 12:13:30,Me gusta,App,Continuar viendo
I005464,U01452,C0239,2025-01-15 22:04:38,Clic recomendación,App,Recomendados
I005465,U01452,C0281,2025-01-17 17:09:11,Compartir,Web,Inicio
I005466,U01452,C0418,2025-01-17 19:42:01,Me gusta,Web,Continuar viendo
I005467,U01452,C0026,2025-01-01 20:31:30,Agregar a mi lista,App,Búsqueda
I005468,U01452,C0126,2025-01-06 22:20:54,Clic recomendación,Web,Recomendados
I005469,U01452,C0320,2025-01-16 19:23:11,Agregar a mi lista,Web,Búsqueda
I005470,U01452,C0370,2025-01-07 13:45:25,Clic recomendación,Web,Tendencias
I005471,U01452,C0115,2025-01-02 21:50:33,Clic recomendación,Web,Inicio
I005472,U01441,C0063,2025-06-14 07:48:54,Descarga,Web,Continuar viendo
I005473,U01441,C0042,2025-04-21 15:29:36,No me gusta,Web,Recomendados
I005474,U01441,C0170,2025-08-16 08:50:20,Agregar a mi lista,Web,Continuar viendo
I005475,U01441,C0193,2025-06-05 06:14:49,Agregar a mi lista,Web,Recomendados
I005476,U01441,C0079,2025-06-20 13:59:40,Agregar a mi lista,Web,Recomendados
I005477,U01441,C0091,2025-06-23 16:06:21,Me gusta,Web,Tendencias
I005478,U00863,C0062,2025-02-01 09:50:22,Quitar de mi lista,App,Búsqueda
I005479,U00863,C0058,2025-02-24 17:50:29,Me gusta,App,Recomendados
I005480,U00769,C0134,2025-04-26 00:04:36,Agregar a mi lista,App,Recomendados
I005481,U00769,C0188,2025-07-25 19:39:14,Agregar a mi lista,App,Continuar viendo
I005482,U00769,C0106,2025-09-24 22:15:24,Clic recomendación,App,Inicio
I005483,U00769,C0062,2025-04-16 01:36:07,No me gusta,App,Tendencias
I005484,U00769,C0226,2025-05-04 12:28:48,Me gusta,App,Recomendados
I005485,U00769,C0018,2025-05-13 10:54:58,Clic recomendación,App,Tendencias
I005486,U00678,C0246,2025-04-12 22:38:43,Clic recomendación,App,Recomendados
I005487,U01145,C0159,2025-06-11 10:47:39,Compartir,App,Tendencias
I005488,U01145,C0131,2025-05-29 19:04:07,Agregar a mi lista,Web,Inicio
I005489,U00568,C0161,2025-02-09 19:15:38,Clic recomendación,App,Inicio
I005490,U00568,C0241,2025-04-06 19:30:40,Agregar a mi lista,App,Inicio
I005491,U00568,C0068,2025-01-26 16:37:08,Agregar a mi lista,App,Recomendados
I005492,U00568,C0354,2025-04-16 22:30:51,Descarga,App,Recomendados
I005493,U00568,C0050,2025-01-04 19:44:03,Clic recomendación,App,Recomendados
I005494,U00022,C0079,2025-01-18 20:12:45,Me gusta,App,Continuar viendo
I005495,U00022,C0001,2025-06-08 23:04:06,Agregar a mi lista,Web,Continuar viendo
I005496,U00022,C0144,2025-09-24 21:00:58,Agregar a mi lista,Web,Continuar viendo
I005497,U00022,C0016,2025-07-07 21:41:16,Agregar a mi lista,Web,Tendencias
I005498,U00022,C0194,2025-08-27 18:28:49,Me gusta,App,Tendencias
I005499,U01098,C0348,2025-03-07 20:23:17,Clic recomendación,App,Inicio
I005500,U01098,C0357,2025-05-05 22:24:18,Descarga,App,Recomendados
I005501,U01098,C0126,2025-04-29 23:23:11,Clic recomendación,App,Inicio
I005502,U01098,C0189,2025-04-27 10:25:09,Me gusta,App,Búsqueda
I005503,U01098,C0136,2025-03-17 20:56:41,Quitar de mi lista,App,Recomendados
I005504,U01069,C0079,2025-09-09 22:34:04,Clic recomendación,App,Recomendados
I005505,U01069,C0284,2025-04-26 20:37:23,Compartir,App,Búsqueda
I005506,U01069,C0041,2025-05-13 13:27:15,Clic recomendación,App,Recomendados
I005507,U01069,C0322,2025-06-19 20:49:39,Me gusta,App,Continuar viendo
I005508,U01069,C0393,2025-05-12 11:05:37,Agregar a mi lista,App,Continuar viendo
I005509,U00779,C0125,2025-11-30 21:11:23,Quitar de mi lista,App,Continuar viendo
I005510,U00779,C0417,2025-10-12 10:39:36,No me gusta,App,Inicio
I005511,U00779,C0173,2025-11-27 23:36:12,Quitar de mi lista,App,Búsqueda
I005512,U00779,C0045,2025-10-28 18:32:39,Clic recomendación,App,Recomendados
I005513,U00779,C0225,2025-11-22 16:49:33,Clic recomendación,App,Recomendados
I005514,U00779,C0218,2025-12-27 21:55:20,Agregar a mi lista,App,Continuar viendo
I005515,U00779,C0006,2025-10-25 23:26:49,Descarga,App,Tendencias
I005516,U00779,C0210,2025-12-13 23:35:52,Clic recomendación,App,Recomendados
I005517,U01310,C0264,2025-05-10 22:28:47,Clic recomendación,App,Recomendados
I005518,U01310,C0134,2025-04-22 10:01:17,Descarga,App,Recomendados
I005519,U00737,C0011,2025-08-12 20:13:43,Clic recomendación,App,Recomendados
I005520,U00737,C0265,2025-08-09 00:04:15,Clic recomendación,App,Recomendados
I005521,U00113,C0371,2025-06-21 00:24:55,Agregar a mi lista,Web,Búsqueda
I005522,U00113,C0087,2025-10-14 15:12:45,Agregar a mi lista,Web,Recomendados
I005523,U00131,C0346,2025-12-28 11:59:44,Me gusta,App,Recomendados
I005524,U00131,C0201,2025-06-04 22:33:20,Me gusta,App,Continuar viendo
I005525,U00131,C0188,2025-09-11 08:05:20,Agregar a mi lista,App,Tendencias
I005526,U00131,C0255,2025-09-04 10:02:39,Clic recomendación,App,Inicio
I005527,U00293,C0031,2025-12-11 11:25:38,Me gusta,App,Inicio
I005528,U00293,C0418,2025-12-08 14:18:00,Clic recomendación,App,Recomendados
I005529,U00293,C0363,2025-08-13 22:55:13,Compartir,Web,Continuar viendo
I005530,U00293,C0151,2025-11-12 00:28:54,Compartir,App,Recomendados
I005531,U00293,C0379,2025-11-07 21:57:57,Clic recomendación,App,Tendencias
I005532,U00293,C0354,2025-08-11 21:01:37,Clic recomendación,Web,Recomendados
I005533,U00293,C0334,2025-10-10 17:21:56,Clic recomendación,Web,Recomendados
I005534,U00293,C0367,2025-11-02 04:43:13,Clic recomendación,Web,Inicio
I005535,U00293,C0184,2025-12-20 20:35:00,Agregar a mi lista,App,Continuar viendo
I005536,U00293,C0340,2025-12-26 01:50:10,Compartir,App,Recomendados
I005537,U01413,C0253,2025-10-31 19:37:34,Clic recomendación,Web,Inicio
I005538,U01413,C0394,2025-03-20 10:54:50,No me gusta,Web,Inicio
I005539,U01413,C0199,2025-09-23 22:02:09,Clic recomendación,Web,Recomendados
I005540,U01413,C0195,2025-09-30 21:03:09,Agregar a mi lista,Web,Inicio
I005541,U01413,C0075,2025-03-02 06:39:42,No me gusta,Web,Inicio
I005542,U01413,C0309,2025-02-01 18:36:28,Me gusta,Web,Inicio
I005543,U01334,C0329,2025-09-22 16:11:59,Agregar a mi lista,App,Búsqueda
I005544,U01334,C0262,2025-01-13 12:28:14,Me gusta,App,Recomendados
I005545,U01334,C0323,2025-02-20 21:16:32,Clic recomendación,App,Recomendados
I005546,U01334,C0115,2025-05-11 21:13:47,Quitar de mi lista,App,Recomendados
I005547,U00739,C0093,2025-06-13 11:56:06,Agregar a mi lista,App,Recomendados
I005548,U00739,C0140,2025-10-03 19:04:28,Compartir,App,Continuar viendo
I005549,U00739,C0039,2025-12-24 19:01:36,Descarga,App,Recomendados
I005550,U00380,C0241,2025-06-09 18:25:29,No me gusta,Web,Búsqueda
I005551,U00380,C0098,2025-11-04 23:19:02,Agregar a mi lista,Web,Recomendados
I005552,U00380,C0053,2025-03-25 14:03:15,Quitar de mi lista,Web,Inicio
I005553,U00380,C0166,2025-10-18 18:11:20,No me gusta,Web,Continuar viendo
I005554,U00380,C0098,2025-04-22 19:42:19,Agregar a mi lista,Web,Búsqueda
I005555,U00380,C0403,2025-04-02 19:35:23,Clic recomendación,Web,Inicio
I005556,U00380,C0159,2025-03-21 11:49:09,Compartir,Web,Recomendados
I005557,U00380,C0384,2025-08-15 23:39:31,Agregar a mi lista,Web,Continuar viendo
I005558,U01266,C0372,2025-06-27 23:28:01,Clic recomendación,App,Recomendados
I005559,U01266,C0152,2025-08-02 07:32:15,Agregar a mi lista,App,Tendencias
I005560,U00688,C0082,2025-03-12 16:25:31,Me gusta,App,Búsqueda
I005561,U00688,C0246,2025-07-29 02:39:35,Me gusta,App,Búsqueda
I005562,U00688,C0129,2025-08-01 13:02:57,Clic recomendación,App,Inicio
I005563,U01026,C0153,2025-01-17 00:01:24,Clic recomendación,App,Recomendados
I005564,U01026,C0309,2025-01-02 13:09:01,Compartir,App,Inicio
I005565,U01026,C0377,2025-01-28 17:51:33,Compartir,App,Recomendados
I005566,U01026,C0034,2025-02-20 19:44:33,Quitar de mi lista,App,Inicio
I005567,U01026,C0039,2025-01-12 12:51:02,Clic recomendación,App,Inicio
I005568,U01026,C0331,2025-01-12 14:10:39,Clic recomendación,App,Inicio
I005569,U01026,C0033,2025-02-06 21:19:20,Me gusta,App,Tendencias
I005570,U01026,C0308,2025-03-19 23:37:25,Quitar de mi lista,App,Recomendados
I005571,U01255,C0381,2025-08-26 21:00:08,Descarga,App,Inicio
I005572,U01255,C0170,2025-07-06 19:42:05,Clic recomendación,App,Inicio
I005573,U01255,C0133,2025-04-21 22:26:13,Me gusta,App,Inicio
I005574,U01255,C0199,2025-10-13 23:36:30,Me gusta,App,Recomendados
I005575,U01255,C0347,2025-04-12 22:53:57,Clic recomendación,App,Recomendados
I005576,U01255,C0061,2025-10-19 18:54:05,Compartir,App,Tendencias
I005577,U01255,C0262,2025-05-22 22:53:15,Quitar de mi lista,App,Recomendados
I005578,U01255,C0351,2025-08-26 12:21:39,No me gusta,App,Tendencias
I005579,U01255,C0401,2025-03-21 18:39:49,Agregar a mi lista,App,Recomendados
I005580,U01255,C0308,2025-07-12 21:08:58,Clic recomendación,App,Recomendados
I005581,U00152,C0134,2025-07-28 14:45:13,Clic recomendación,Web,Recomendados
I005582,U00152,C0154,2025-07-21 18:28:15,Clic recomendación,Web,Recomendados
I005583,U00152,C0041,2025-07-04 21:19:42,Clic recomendación,Web,Recomendados
I005584,U00152,C0408,2025-04-11 04:12:04,Compartir,Web,Recomendados
I005585,U00152,C0026,2025-11-28 18:53:15,Agregar a mi lista,Web,Inicio
I005586,U00152,C0381,2025-05-21 14:25:44,Agregar a mi lista,Web,Continuar viendo
I005587,U00152,C0249,2025-05-21 22:23:12,Me gusta,Web,Recomendados
I005588,U00152,C0198,2025-08-02 23:29:01,Clic recomendación,Web,Recomendados
I005589,U01136,C0214,2025-01-16 21:26:45,No me gusta,Web,Recomendados
I005590,U01136,C0122,2025-01-06 16:22:18,Me gusta,Web,Tendencias
I005591,U01052,C0304,2025-02-19 21:05:39,Agregar a mi lista,App,Recomendados
I005592,U01052,C0366,2025-01-21 20:28:51,Clic recomendación,App,Recomendados
I005593,U01052,C0254,2025-03-06 18:51:01,Descarga,App,Recomendados
I005594,U01052,C0194,2025-05-23 20:53:11,Me gusta,App,Inicio
I005595,U01052,C0266,2025-04-17 19:25:58,Clic recomendación,App,Tendencias
I005596,U01052,C0312,2025-01-29 02:49:50,Clic recomendación,App,Recomendados
I005597,U00883,C0080,2025-04-24 18:53:40,Me gusta,App,Tendencias
I005598,U00883,C0305,2025-11-27 22:53:12,Agregar a mi lista,App,Recomendados
I005599,U00883,C0020,2025-01-13 15:25:48,Compartir,App,Continuar viendo
I005600,U00883,C0194,2025-04-29 18:37:46,Me gusta,App,Inicio
I005601,U00360,C0220,2025-10-24 21:43:45,Me gusta,Web,Recomendados
I005602,U00360,C0096,2025-08-27 01:44:37,Agregar a mi lista,Web,Búsqueda
I005603,U00360,C0152,2025-12-25 20:45:27,Clic recomendación,App,Inicio
I005604,U00360,C0263,2025-09-01 14:21:23,Descarga,App,Inicio
I005605,U00360,C0039,2025-11-22 21:22:14,Clic recomendación,Web,Recomendados
I005606,U00360,C0067,2025-11-18 19:36:23,Agregar a mi lista,App,Tendencias
I005607,U00360,C0270,2025-10-12 13:38:57,Me gusta,App,Recomendados
I005608,U00360,C0373,2025-11-04 21:58:07,Me gusta,App,Búsqueda
I005609,U00360,C0257,2025-10-19 10:02:29,Me gusta,App,Continuar viendo
I005610,U00360,C0311,2025-11-14 11:18:16,Me gusta,App,Tendencias
I005611,U01480,C0212,2025-04-19 13:06:44,Quitar de mi lista,App,Búsqueda
I005612,U01480,C0245,2025-04-22 12:37:36,Clic recomendación,App,Recomendados
I005613,U01480,C0292,2025-11-10 09:38:42,Me gusta,App,Recomendados
I005614,U01457,C0082,2025-08-01 19:05:55,Clic recomendación,App,Recomendados
I005615,U01457,C0194,2025-12-31 12:22:36,Clic recomendación,App,Recomendados
I005616,U01457,C0208,2025-03-19 18:04:15,Agregar a mi lista,App,Búsqueda
I005617,U01457,C0087,2025-03-12 23:03:55,No me gusta,App,Continuar viendo
I005618,U01457,C0340,2025-03-02 00:04:04,Agregar a mi lista,App,Continuar viendo
I005619,U01457,C0369,2025-05-21 20:00:41,Me gusta,App,Recomendados
I005620,U00803,C0008,2025-07-16 05:50:36,Agregar a mi lista,App,Recomendados
I005621,U00803,C0246,2025-07-07 21:39:33,Clic recomendación,App,Inicio
I005622,U00803,C0097,2025-08-28 14:11:54,No me gusta,App,Continuar viendo
I005623,U00803,C0192,2025-02-03 23:56:24,Clic recomendación,App,Recomendados
I005624,U00803,C0251,2025-07-02 12:06:53,Clic recomendación,App,Inicio
I005625,U00328,C0402,2025-11-15 18:14:37,Agregar a mi lista,App,Recomendados
I005626,U00328,C0117,2025-11-07 14:21:11,Agregar a mi lista,App,Inicio
I005627,U00328,C0379,2025-09-21 23:21:28,Agregar a mi lista,App,Búsqueda
I005628,U00132,C0370,2025-08-15 11:27:51,Descarga,Web,Continuar viendo
I005629,U00132,C0145,2025-11-17 14:26:21,Agregar a mi lista,Web,Tendencias
I005630,U00552,C0166,2025-12-31 19:22:10,Clic recomendación,Web,Recomendados
I005631,U00552,C0315,2025-12-24 21:51:44,Clic recomendación,Web,Inicio
I005632,U00552,C0095,2025-12-15 15:09:35,Clic recomendación,Web,Inicio
I005633,U00552,C0248,2025-12-15 20:30:11,Agregar a mi lista,Web,Tendencias
I005634,U00552,C0389,2025-12-13 08:38:31,Clic recomendación,Web,Recomendados
I005635,U00552,C0163,2025-11-21 04:55:55,Me gusta,Web,Inicio
I005636,U00552,C0221,2025-12-19 15:11:33,Clic recomendación,Web,Inicio
I005637,U00552,C0267,2025-12-16 19:22:51,Clic recomendación,Web,Tendencias
I005638,U00552,C0020,2025-12-08 20:41:00,Clic recomendación,Web,Inicio
I005639,U00552,C0126,2025-12-29 22:48:09,Agregar a mi lista,Web,Recomendados
I005640,U00869,C0166,2025-09-09 00:02:23,Me gusta,Web,Recomendados
I005641,U00869,C0314,2025-09-21 08:03:59,Descarga,Web,Búsqueda
I005642,U00869,C0079,2025-10-15 21:28:18,Quitar de mi lista,App,Continuar viendo
I005643,U00869,C0109,2025-09-12 19:35:54,Clic recomendación,Web,Recomendados
I005644,U00869,C0396,2025-11-01 22:57:12,Me gusta,App,Búsqueda
I005645,U00363,C0297,2025-01-12 22:21:11,Me gusta,App,Recomendados
I005646,U00363,C0274,2025-03-05 17:24:53,Agregar a mi lista,App,Búsqueda
I005647,U00363,C0211,2025-04-21 09:35:43,No me gusta,App,Inicio
I005648,U00363,C0382,2025-03-31 20:20:21,Quitar de mi lista,App,Continuar viendo
I005649,U00982,C0273,2025-10-22 02:09:42,Descarga,App,Recomendados
I005650,U00982,C0176,2025-10-10 10:06:22,No me gusta,Web,Inicio
I005651,U00982,C0074,2025-10-11 09:21:28,Me gusta,Web,Continuar viendo
I005652,U00982,C0290,2025-10-22 21:42:43,Clic recomendación,Web,Inicio
I005653,U00191,C0161,2025-08-13 09:32:40,No me gusta,Web,Recomendados
I005654,U00191,C0180,2025-07-31 21:05:22,Agregar a mi lista,App,Inicio
I005655,U00191,C0041,2025-07-15 13:14:35,Me gusta,App,Recomendados
I005656,U00389,C0029,2025-08-16 19:27:11,No me gusta,Web,Búsqueda
I005657,U00389,C0397,2025-11-21 21:25:30,Clic recomendación,Web,Recomendados
I005658,U00389,C0160,2025-09-08 19:26:20,Compartir,Web,Búsqueda
I005659,U00790,C0150,2025-07-17 20:04:49,Clic recomendación,App,Inicio
I005660,U00790,C0249,2025-09-01 18:39:05,Agregar a mi lista,App,Búsqueda
I005661,U00790,C0166,2025-08-08 22:57:49,Compartir,App,Recomendados
I005662,U00790,C0035,2025-08-27 21:01:04,Clic recomendación,App,Recomendados
I005663,U00790,C0182,2025-07-14 13:37:24,Me gusta,App,Continuar viendo
I005664,U00028,C0159,2025-09-20 08:39:38,Compartir,App,Recomendados
I005665,U00028,C0251,2025-02-02 16:11:01,No me gusta,App,Inicio
I005666,U00028,C0213,2025-07-01 20:06:53,Agregar a mi lista,App,Inicio
I005667,U00028,C0304,2025-06-18 16:22:43,Quitar de mi lista,App,Búsqueda
I005668,U00252,C0176,2025-04-17 13:09:20,Clic recomendación,App,Recomendados
I005669,U00252,C0101,2025-09-25 11:16:28,Clic recomendación,App,Recomendados
I005670,U00252,C0256,2025-12-23 20:25:59,Me gusta,App,Recomendados
I005671,U00252,C0088,2025-03-10 21:26:44,Clic recomendación,App,Inicio
I005672,U00252,C0409,2025-03-18 01:06:20,No me gusta,App,Tendencias
I005673,U00252,C0105,2025-10-23 21:41:58,Me gusta,App,Recomendados
I005674,U00252,C0235,2025-11-03 15:41:37,Clic recomendación,App,Recomendados
I005675,U00252,C0364,2025-09-16 11:22:35,Clic recomendación,App,Recomendados
I005676,U00252,C0308,2025-08-09 19:39:57,Agregar a mi lista,App,Recomendados
I005677,U00252,C0284,2025-01-01 21:11:04,Compartir,App,Recomendados
I005678,U01078,C0296,2025-01-14 17:54:58,Agregar a mi lista,App,Recomendados
I005679,U01078,C0113,2025-09-27 18:08:02,Agregar a mi lista,App,Inicio
I005680,U01078,C0245,2025-05-23 12:48:25,Descarga,App,Continuar viendo
I005681,U01401,C0208,2025-09-24 17:02:22,Me gusta,App,Continuar viendo
I005682,U01401,C0230,2025-04-01 17:37:12,Quitar de mi lista,App,Búsqueda
I005683,U01401,C0193,2025-05-25 17:54:56,Clic recomendación,App,Inicio
I005684,U01401,C0051,2025-03-12 18:04:31,No me gusta,App,Continuar viendo
I005685,U01401,C0163,2025-06-02 15:21:51,Agregar a mi lista,App,Tendencias
I005686,U01401,C0083,2025-12-14 20:42:23,Me gusta,App,Recomendados
I005687,U00282,C0162,2025-09-15 10:28:50,Quitar de mi lista,Web,Tendencias
I005688,U00282,C0022,2025-03-09 19:07:29,Me gusta,Web,Tendencias
I005689,U00282,C0327,2025-05-28 18:41:53,Me gusta,Web,Búsqueda
I005690,U00282,C0095,2025-05-15 23:20:40,Clic recomendación,Web,Inicio
I005691,U01277,C0290,2025-10-29 09:32:05,Agregar a mi lista,App,Tendencias
I005692,U01277,C0087,2025-07-27 20:00:05,Clic recomendación,App,Recomendados
I005693,U01277,C0003,2025-06-18 20:30:37,Me gusta,App,Recomendados
I005694,U01277,C0164,2025-11-18 18:03:37,Me gusta,App,Inicio
I005695,U01277,C0076,2025-07-24 17:50:18,Descarga,App,Inicio
I005696,U01277,C0313,2025-04-20 21:36:12,Clic recomendación,App,Recomendados
I005697,U01277,C0005,2025-12-08 18:24:16,Clic recomendación,App,Recomendados
I005698,U01277,C0097,2025-05-25 10:31:16,Agregar a mi lista,App,Continuar viendo
I005699,U01277,C0251,2025-12-11 21:13:17,Agregar a mi lista,App,Tendencias
I005700,U01277,C0040,2025-11-05 00:26:15,Descarga,App,Búsqueda
I005701,U00336,C0140,2025-03-11 23:06:15,Clic recomendación,Web,Tendencias
I005702,U00336,C0221,2025-05-06 08:25:57,Agregar a mi lista,Web,Tendencias
I005703,U00336,C0363,2025-10-26 19:25:23,Agregar a mi lista,Web,Inicio
I005704,U00336,C0346,2025-02-21 14:01:45,Me gusta,Web,Tendencias
I005705,U00336,C0003,2025-09-08 13:46:57,Quitar de mi lista,Web,Inicio
I005706,U00336,C0015,2025-12-01 21:45:39,Descarga,Web,Búsqueda
I005707,U01394,C0269,2025-07-16 20:41:29,Clic recomendación,App,Tendencias
I005708,U01394,C0107,2025-01-20 21:09:27,Me gusta,App,Recomendados
I005709,U01394,C0175,2025-08-31 19:39:10,Quitar de mi lista,App,Recomendados
I005710,U01394,C0140,2025-04-23 20:41:08,Me gusta,App,Recomendados
I005711,U00960,C0378,2025-12-02 00:12:04,Descarga,App,Recomendados
I005712,U00960,C0310,2025-05-06 20:21:20,Me gusta,App,Recomendados
I005713,U00960,C0003,2025-10-28 17:27:32,Compartir,App,Recomendados
I005714,U00960,C0253,2025-07-06 23:06:44,Descarga,App,Búsqueda
I005715,U00960,C0105,2025-09-18 22:21:56,Me gusta,App,Recomendados
I005716,U00960,C0121,2025-12-21 10:06:33,Agregar a mi lista,App,Recomendados
I005717,U00960,C0201,2025-10-18 17:03:41,Me gusta,App,Búsqueda
I005718,U00960,C0061,2025-06-22 17:33:20,Me gusta,App,Continuar viendo
I005719,U00903,C0029,2025-02-03 22:39:55,Clic recomendación,App,Recomendados
I005720,U00903,C0308,2025-01-30 00:02:23,Descarga,App,Inicio
I005721,U00903,C0030,2025-09-23 08:13:05,Agregar a mi lista,App,Recomendados
I005722,U00903,C0037,2025-05-30 16:40:56,Me gusta,App,Recomendados
I005723,U00903,C0260,2025-04-24 22:03:20,Descarga,App,Búsqueda
I005724,U00903,C0305,2025-12-30 13:27:00,Quitar de mi lista,App,Búsqueda
I005725,U00903,C0327,2025-05-04 01:58:20,Descarga,App,Continuar viendo
I005726,U00903,C0100,2025-10-08 08:08:46,Clic recomendación,App,Recomendados
I005727,U00178,C0034,2025-05-22 18:18:24,Clic recomendación,App,Recomendados
I005728,U00178,C0418,2025-04-11 21:07:03,Agregar a mi lista,App,Tendencias
I005729,U00178,C0161,2025-06-03 20:14:46,No me gusta,App,Inicio
I005730,U00740,C0032,2025-12-18 22:13:10,Me gusta,App,Búsqueda
I005731,U00740,C0054,2025-06-08 15:34:41,Agregar a mi lista,App,Inicio
I005732,U00740,C0409,2025-08-07 20:28:38,Descarga,App,Inicio
I005733,U00740,C0237,2025-12-30 00:38:14,Clic recomendación,App,Tendencias
I005734,U00740,C0063,2025-02-22 18:30:20,No me gusta,App,Continuar viendo
I005735,U00417,C0085,2025-06-15 22:26:42,Me gusta,App,Recomendados
I005736,U00417,C0194,2025-06-04 16:26:17,No me gusta,App,Continuar viendo
I005737,U00417,C0192,2025-04-12 14:22:47,Agregar a mi lista,App,Recomendados
I005738,U00874,C0235,2025-09-05 23:51:31,Clic recomendación,Web,Inicio
I005739,U00874,C0053,2025-06-12 19:51:16,Me gusta,Web,Recomendados
I005740,U00874,C0247,2025-07-11 18:21:01,Clic recomendación,App,Inicio
I005741,U01260,C0051,2025-04-09 23:19:56,Me gusta,App,Continuar viendo
I005742,U01260,C0404,2025-02-24 13:26:23,Quitar de mi lista,App,Recomendados
I005743,U01260,C0253,2025-04-12 19:57:43,Agregar a mi lista,App,Búsqueda
I005744,U01260,C0119,2025-02-28 20:29:49,Clic recomendación,App,Inicio
I005745,U01028,C0343,2025-09-20 22:23:54,Agregar a mi lista,Web,Continuar viendo
I005746,U01028,C0298,2025-10-18 21:37:58,Me gusta,App,Búsqueda
I005747,U01028,C0226,2025-09-04 08:58:07,Clic recomendación,Web,Recomendados
I005748,U01028,C0414,2025-06-12 13:53:06,Me gusta,App,Tendencias
I005749,U01028,C0400,2025-01-17 20:58:38,Me gusta,Web,Recomendados
I005750,U01028,C0097,2025-08-13 05:54:18,Compartir,Web,Inicio
I005751,U01028,C0369,2025-09-08 16:22:00,Agregar a mi lista,App,Inicio
I005752,U01028,C0401,2025-09-10 20:08:03,No me gusta,Web,Inicio
I005753,U01028,C0035,2025-01-17 01:10:44,Agregar a mi lista,App,Recomendados
I005754,U01028,C0069,2025-06-15 09:17:42,Compartir,App,Inicio
I005755,U00139,C0395,2025-10-18 17:18:16,Agregar a mi lista,App,Búsqueda
I005756,U00139,C0170,2025-12-02 23:31:03,Me gusta,App,Tendencias
I005757,U00139,C0307,2025-11-08 15:56:08,Me gusta,App,Búsqueda
I005758,U00139,C0094,2025-10-22 16:32:53,Descarga,App,Tendencias
I005759,U00139,C0362,2025-10-27 18:53:38,Compartir,App,Búsqueda
I005760,U00880,C0079,2025-10-30 16:09:17,Me gusta,App,Recomendados
I005761,U00880,C0028,2025-12-20 23:36:01,Clic recomendación,Web,Recomendados
I005762,U00591,C0349,2025-10-07 22:07:23,Agregar a mi lista,Web,Recomendados
I005763,U00591,C0331,2025-11-10 20:10:27,Clic recomendación,Web,Recomendados
I005764,U00591,C0232,2025-08-13 15:42:19,Clic recomendación,Web,Recomendados
I005765,U01306,C0301,2025-10-27 03:32:02,Agregar a mi lista,App,Continuar viendo
I005766,U01306,C0177,2025-12-07 08:56:54,Clic recomendación,App,Recomendados
I005767,U01306,C0325,2025-08-14 22:32:40,Clic recomendación,App,Tendencias
I005768,U01306,C0047,2025-12-31 22:25:30,Clic recomendación,App,Recomendados
I005769,U01306,C0116,2025-05-23 02:32:20,Descarga,App,Inicio
I005770,U01306,C0270,2025-06-26 03:54:12,Clic recomendación,App,Inicio
I005771,U00080,C0322,2025-04-15 05:42:05,Clic recomendación,App,Recomendados
I005772,U00080,C0194,2025-05-26 19:08:20,Clic recomendación,App,Recomendados
I005773,U00080,C0201,2025-03-29 12:32:30,Clic recomendación,App,Tendencias
I005774,U00080,C0049,2025-08-14 22:17:07,Clic recomendación,App,Recomendados
I005775,U00080,C0121,2025-08-20 23:08:06,Agregar a mi lista,App,Recomendados
I005776,U00080,C0083,2025-06-07 20:14:35,Descarga,App,Continuar viendo
I005777,U00080,C0370,2025-01-07 11:42:33,Me gusta,App,Inicio
I005778,U00080,C0302,2025-12-19 15:13:37,Compartir,App,Inicio
I005779,U00580,C0402,2025-08-06 03:12:14,Me gusta,Web,Continuar viendo
I005780,U00580,C0332,2025-12-31 23:59:59,Me gusta,App,Búsqueda
I005781,U00580,C0106,2025-03-14 12:20:59,Agregar a mi lista,App,Continuar viendo
I005782,U00580,C0352,2025-01-16 16:35:16,Clic recomendación,App,Inicio
I005783,U00580,C0304,2025-11-07 13:44:09,Me gusta,App,Recomendados
I005784,U00580,C0164,2025-12-07 11:40:01,Descarga,Web,Búsqueda
I005785,U00580,C0163,2025-05-09 02:27:07,Compartir,Web,Continuar viendo
I005786,U00580,C0361,2025-05-28 14:45:11,Agregar a mi lista,App,Búsqueda
I005787,U00253,C0305,2025-05-15 23:58:21,No me gusta,App,Inicio
I005788,U00253,C0339,2025-10-07 22:22:03,Me gusta,App,Continuar viendo
I005789,U00253,C0269,2025-06-15 15:08:39,Clic recomendación,App,Recomendados
I005790,U00253,C0280,2025-06-23 00:26:49,Compartir,App,Búsqueda
I005791,U00641,C0416,2025-09-09 14:23:36,Me gusta,App,Recomendados
I005792,U00641,C0066,2025-11-06 20:02:58,Agregar a mi lista,App,Tendencias
I005793,U00641,C0112,2025-04-05 12:10:23,Clic recomendación,App,Tendencias
I005794,U00641,C0418,2025-01-18 14:36:24,Clic recomendación,App,Recomendados
I005795,U00641,C0059,2025-04-19 00:34:15,Agregar a mi lista,App,Recomendados
I005796,U00398,C0034,2025-02-09 22:53:44,Me gusta,Web,Búsqueda
I005797,U00398,C0077,2025-03-31 19:39:53,Agregar a mi lista,Web,Recomendados
I005798,U00398,C0381,2025-10-16 20:48:47,Agregar a mi lista,Web,Recomendados
I005799,U00696,C0160,2025-03-28 04:05:24,Descarga,Web,Búsqueda
I005800,U00696,C0370,2025-10-13 20:41:38,Me gusta,App,Búsqueda
I005801,U00696,C0050,2025-12-25 13:41:09,Clic recomendación,Web,Recomendados
I005802,U00735,C0307,2025-05-16 22:42:24,Agregar a mi lista,App,Continuar viendo
I005803,U00735,C0142,2025-12-02 19:24:23,Descarga,App,Búsqueda
I005804,U00735,C0167,2025-12-24 18:04:10,Clic recomendación,Web,Inicio
I005805,U00735,C0180,2025-09-16 20:57:21,Me gusta,App,Búsqueda
I005806,U00735,C0368,2025-10-24 22:23:33,Me gusta,Web,Recomendados
I005807,U00735,C0373,2025-08-26 19:14:27,Descarga,App,Continuar viendo
I005808,U00258,C0192,2025-01-14 23:44:13,Agregar a mi lista,App,Tendencias
I005809,U00258,C0009,2025-06-13 21:47:46,Clic recomendación,Web,Recomendados
I005810,U00258,C0246,2025-06-03 00:23:39,Me gusta,Web,Recomendados
I005811,U00258,C0358,2025-09-30 23:40:19,Clic recomendación,App,Recomendados
I005812,U00258,C0233,2025-10-07 21:58:25,Me gusta,App,Inicio
I005813,U00258,C0277,2025-04-04 14:55:29,Agregar a mi lista,Web,Tendencias
I005814,U00258,C0341,2025-08-13 02:12:29,Quitar de mi lista,Web,Recomendados
I005815,U00258,C0028,2025-01-10 10:58:08,Agregar a mi lista,Web,Inicio
I005816,U01482,C0013,2025-07-27 22:35:43,Compartir,Web,Inicio
I005817,U01482,C0235,2025-11-09 20:14:08,Agregar a mi lista,Web,Búsqueda
I005818,U01482,C0254,2025-08-11 20:28:30,Compartir,Web,Inicio
I005819,U01482,C0392,2025-09-02 04:22:08,Agregar a mi lista,Web,Inicio
I005820,U01482,C0224,2025-07-24 12:47:49,Agregar a mi lista,Web,Inicio
I005821,U00323,C0391,2025-03-20 19:40:52,Me gusta,App,Recomendados
I005822,U00323,C0276,2025-10-26 21:01:38,Me gusta,App,Recomendados
I005823,U00323,C0290,2025-07-08 22:06:32,Agregar a mi lista,App,Continuar viendo
I005824,U00323,C0226,2025-10-30 15:28:55,Clic recomendación,App,Inicio
I005825,U00262,C0291,2025-12-02 20:26:37,Clic recomendación,App,Tendencias
I005826,U00262,C0191,2025-03-23 09:28:00,Me gusta,App,Continuar viendo
I005827,U00262,C0082,2025-06-19 20:05:21,Me gusta,App,Continuar viendo
I005828,U00262,C0066,2025-04-20 22:34:53,Compartir,App,Continuar viendo
I005829,U00262,C0312,2025-08-26 23:16:25,Agregar a mi lista,App,Recomendados
I005830,U00262,C0054,2025-09-20 22:44:32,Clic recomendación,App,Recomendados
I005831,U00262,C0253,2025-06-15 11:28:05,Agregar a mi lista,App,Búsqueda
I005832,U00262,C0399,2025-10-19 23:22:32,Quitar de mi lista,App,Continuar viendo
I005833,U00520,C0181,2025-09-28 19:51:18,Agregar a mi lista,Web,Continuar viendo
I005834,U00254,C0027,2025-11-12 07:56:54,Me gusta,App,Tendencias
I005835,U00254,C0331,2025-10-01 08:02:54,Quitar de mi lista,App,Recomendados
I005836,U00254,C0178,2025-09-29 13:19:39,Clic recomendación,App,Recomendados
I005837,U00254,C0249,2025-09-27 09:37:31,Me gusta,App,Inicio
I005838,U01029,C0250,2025-10-27 17:28:03,Me gusta,App,Búsqueda
I005839,U01029,C0136,2025-02-21 04:53:15,Clic recomendación,Web,Recomendados
I005840,U01029,C0225,2025-04-09 11:26:25,Agregar a mi lista,App,Búsqueda
I005841,U01029,C0109,2025-10-18 21:30:49,Compartir,App,Búsqueda
I005842,U00038,C0308,2025-11-29 22:29:13,Compartir,Web,Inicio
I005843,U00038,C0187,2025-11-17 12:25:36,Clic recomendación,Web,Recomendados
I005844,U00038,C0244,2025-12-30 20:53:29,Clic recomendación,Web,Inicio
I005845,U00862,C0026,2025-07-26 19:41:49,Descarga,App,Tendencias
I005846,U00862,C0192,2025-02-04 08:09:34,Me gusta,App,Inicio
I005847,U00862,C0140,2025-07-19 21:34:26,Me gusta,App,Inicio
I005848,U00862,C0254,2025-12-01 00:24:33,Clic recomendación,App,Recomendados
I005849,U00862,C0372,2025-10-11 16:33:19,Descarga,App,Tendencias
I005850,U00862,C0153,2025-11-28 23:22:49,Agregar a mi lista,App,Recomendados
I005851,U00862,C0095,2025-02-02 18:37:23,Quitar de mi lista,App,Tendencias
I005852,U00862,C0299,2025-04-15 19:33:10,No me gusta,App,Tendencias
I005853,U00169,C0354,2025-12-18 20:07:32,Agregar a mi lista,App,Continuar viendo
I005854,U00169,C0178,2025-07-28 21:10:30,Compartir,App,Continuar viendo
I005855,U00169,C0179,2025-07-23 22:21:37,Clic recomendación,App,Recomendados
I005856,U00169,C0343,2025-02-14 12:39:07,Agregar a mi lista,App,Recomendados
I005857,U01024,C0016,2025-02-13 07:05:10,Agregar a mi lista,App,Recomendados
I005858,U01024,C0126,2025-04-01 13:28:59,Me gusta,App,Inicio
I005859,U01024,C0270,2025-01-04 09:09:20,Descarga,App,Búsqueda
I005860,U01024,C0332,2025-05-05 18:44:21,Me gusta,App,Tendencias
I005861,U01024,C0349,2025-04-09 20:26:55,Agregar a mi lista,App,Continuar viendo
I005862,U01366,C0245,2025-01-31 20:08:05,Me gusta,App,Tendencias
I005863,U01366,C0110,2025-02-16 18:23:51,Agregar a mi lista,App,Búsqueda
I005864,U01366,C0286,2025-02-18 20:57:14,Clic recomendación,Web,Inicio
I005865,U01366,C0001,2025-07-05 21:32:50,Me gusta,App,Recomendados
I005866,U01366,C0313,2025-09-03 15:08:52,Clic recomendación,App,Recomendados
I005867,U01366,C0015,2025-06-24 17:32:24,Clic recomendación,App,Recomendados
I005868,U01366,C0287,2025-08-17 01:23:54,Descarga,App,Búsqueda
I005869,U01366,C0311,2025-12-15 18:06:53,No me gusta,Web,Inicio
I005870,U01366,C0158,2025-01-28 00:47:46,Agregar a mi lista,App,Tendencias
I005871,U01366,C0279,2025-08-06 15:02:59,Clic recomendación,Web,Recomendados
I005872,U01366,C0138,2025-12-15 09:28:30,Clic recomendación,App,Recomendados
I005873,U01366,C0360,2025-11-18 14:49:35,Agregar a mi lista,Web,Inicio
I005874,U00966,C0198,2025-08-01 14:08:23,Me gusta,Web,Recomendados
I005875,U00966,C0328,2025-12-15 20:38:01,Me gusta,Web,Recomendados
I005876,U00966,C0032,2025-06-23 00:34:51,Quitar de mi lista,App,Recomendados
I005877,U00966,C0105,2025-08-20 01:44:06,Clic recomendación,App,Tendencias
I005878,U00966,C0416,2025-12-20 10:50:18,Agregar a mi lista,Web,Continuar viendo
I005879,U00966,C0080,2025-03-06 22:16:22,Descarga,App,Búsqueda
I005880,U00865,C0210,2025-02-16 16:26:54,Agregar a mi lista,App,Inicio
I005881,U00865,C0040,2025-03-12 21:05:28,No me gusta,App,Búsqueda
I005882,U00865,C0309,2025-07-02 03:47:31,Quitar de mi lista,App,Búsqueda
I005883,U00865,C0164,2025-05-10 15:24:52,Clic recomendación,App,Recomendados
I005884,U00865,C0352,2025-01-29 20:45:19,Quitar de mi lista,App,Recomendados
I005885,U00660,C0105,2025-11-01 23:24:12,Agregar a mi lista,App,Inicio
I005886,U00660,C0321,2025-10-04 16:50:34,Me gusta,App,Inicio
I005887,U01333,C0059,2025-03-15 09:24:54,Clic recomendación,App,Recomendados
I005888,U01333,C0021,2025-04-18 20:57:07,Me gusta,App,Recomendados
I005889,U01333,C0230,2025-07-14 17:47:49,Me gusta,App,Inicio
I005890,U01333,C0263,2025-12-01 21:41:32,Me gusta,App,Tendencias
I005891,U01333,C0037,2025-09-30 01:56:49,Me gusta,App,Recomendados
I005892,U01083,C0034,2025-11-06 22:04:40,Descarga,App,Tendencias
I005893,U01083,C0158,2025-11-29 20:22:01,Agregar a mi lista,App,Inicio
I005894,U01083,C0225,2025-11-25 13:40:47,Descarga,App,Recomendados
I005895,U01083,C0366,2025-10-30 20:06:16,Me gusta,App,Recomendados
I005896,U01339,C0227,2025-11-29 21:49:08,Me gusta,App,Recomendados
I005897,U01339,C0320,2025-10-25 09:08:24,Clic recomendación,App,Recomendados
I005898,U01339,C0282,2025-10-18 23:24:40,Descarga,App,Recomendados
I005899,U01339,C0335,2025-12-17 19:03:22,Clic recomendación,App,Recomendados
I005900,U01339,C0131,2025-10-24 20:34:25,Clic recomendación,App,Inicio
I005901,U00062,C0320,2025-12-16 20:00:44,Clic recomendación,App,Inicio
I005902,U00062,C0401,2025-12-14 09:28:40,Clic recomendación,App,Recomendados
I005903,U00062,C0247,2025-12-13 19:42:47,Me gusta,App,Búsqueda
I005904,U00959,C0108,2025-12-12 17:35:54,Agregar a mi lista,Web,Tendencias
I005905,U00959,C0300,2025-04-08 15:52:45,Me gusta,App,Recomendados
I005906,U00959,C0021,2025-02-18 10:52:21,Compartir,App,Búsqueda
I005907,U00959,C0019,2025-10-10 21:37:57,Agregar a mi lista,Web,Recomendados
I005908,U00959,C0349,2025-03-07 15:01:20,Agregar a mi lista,App,Búsqueda
I005909,U00959,C0154,2025-03-17 00:12:38,Descarga,Web,Continuar viendo
I005910,U00959,C0192,2025-10-21 23:00:41,Agregar a mi lista,App,Búsqueda
I005911,U00959,C0154,2025-05-19 21:43:12,Agregar a mi lista,App,Inicio
I005912,U00959,C0290,2025-07-15 15:09:42,Me gusta,Web,Recomendados
I005913,U00959,C0201,2025-08-30 19:41:47,Compartir,App,Tendencias
I005914,U00959,C0381,2025-10-22 08:46:18,Clic recomendación,App,Recomendados
I005915,U00959,C0088,2025-05-27 19:31:32,Quitar de mi lista,Web,Tendencias
I005916,U00268,C0405,2025-03-14 11:59:48,Clic recomendación,App,Recomendados
I005917,U00268,C0380,2025-01-26 19:44:46,Clic recomendación,App,Recomendados
I005918,U00268,C0374,2025-02-04 00:44:08,Clic recomendación,App,Recomendados
I005919,U00268,C0347,2025-10-16 00:19:02,Me gusta,App,Búsqueda
I005920,U00268,C0398,2025-03-09 18:07:05,Descarga,App,Recomendados
I005921,U01090,C0294,2025-01-05 20:26:57,Quitar de mi lista,App,Tendencias
I005922,U01090,C0139,2025-01-07 14:26:10,Me gusta,App,Inicio
I005923,U01090,C0416,2025-01-22 20:52:07,Me gusta,App,Recomendados
I005924,U01090,C0241,2025-02-06 16:29:51,Clic recomendación,App,Inicio
I005925,U01398,C0308,2025-06-02 19:51:24,Agregar a mi lista,App,Búsqueda
I005926,U01398,C0002,2025-08-18 10:09:34,Compartir,App,Recomendados
I005927,U01398,C0303,2025-05-16 16:20:08,Compartir,App,Recomendados
I005928,U00347,C0200,2025-10-20 20:44:09,Me gusta,Web,Búsqueda
I005929,U00347,C0300,2025-06-11 22:19:55,Me gusta,Web,Tendencias
I005930,U00347,C0109,2025-08-11 13:31:14,Quitar de mi lista,App,Recomendados
I005931,U01164,C0377,2025-03-03 20:29:23,Quitar de mi lista,App,Recomendados
I005932,U01271,C0154,2025-11-19 08:55:28,No me gusta,App,Búsqueda
I005933,U01271,C0147,2025-10-02 22:33:09,Agregar a mi lista,Web,Inicio
I005934,U01271,C0176,2025-10-07 00:20:26,Me gusta,App,Inicio
I005935,U00562,C0279,2025-11-27 18:25:31,Me gusta,App,Recomendados
I005936,U00562,C0030,2025-01-14 18:12:35,Compartir,App,Recomendados
I005937,U00424,C0090,2025-05-23 07:40:40,Clic recomendación,App,Recomendados
I005938,U00424,C0346,2025-05-27 16:57:05,Clic recomendación,App,Recomendados
I005939,U00424,C0247,2025-01-06 00:49:04,Agregar a mi lista,App,Inicio
I005940,U00424,C0177,2025-02-20 11:26:27,Agregar a mi lista,App,Inicio
I005941,U00424,C0025,2025-08-17 16:08:59,Me gusta,App,Recomendados
I005942,U00657,C0055,2025-12-02 00:24:10,Compartir,App,Búsqueda
I005943,U00657,C0359,2025-10-24 14:55:21,Me gusta,App,Tendencias
I005944,U00657,C0112,2025-09-28 17:38:34,Descarga,App,Recomendados
I005945,U00657,C0139,2025-08-17 12:24:18,Compartir,App,Continuar viendo
I005946,U00436,C0335,2025-12-08 22:21:54,Clic recomendación,App,Recomendados
I005947,U00436,C0133,2025-12-07 08:53:47,Descarga,App,Tendencias
I005948,U00436,C0217,2025-12-14 21:43:22,Compartir,App,Inicio
I005949,U00436,C0026,2025-11-25 20:56:56,Me gusta,App,Búsqueda
I005950,U01043,C0359,2025-05-10 18:50:29,Clic recomendación,App,Recomendados
I005951,U01043,C0416,2025-09-05 18:19:09,Me gusta,App,Tendencias
I005952,U01043,C0076,2025-01-20 15:50:17,Clic recomendación,App,Inicio
I005953,U01043,C0004,2025-04-07 05:55:23,Agregar a mi lista,App,Búsqueda
I005954,U01043,C0119,2025-06-02 22:32:10,Descarga,App,Búsqueda
I005955,U01043,C0041,2025-03-20 18:13:38,Me gusta,App,Recomendados
I005956,U01043,C0072,2025-04-05 17:31:42,Descarga,App,Inicio
I005957,U01043,C0110,2025-06-08 18:54:54,Clic recomendación,App,Tendencias
I005958,U01043,C0263,2025-01-29 20:44:58,Me gusta,App,Búsqueda
I005959,U01043,C0373,2025-01-27 19:54:50,Descarga,App,Inicio
I005960,U01049,C0178,2025-06-19 15:40:10,Me gusta,App,Tendencias
I005961,U01049,C0041,2025-06-21 22:44:13,Clic recomendación,App,Inicio
I005962,U01049,C0066,2025-11-10 21:29:51,Agregar a mi lista,App,Recomendados
I005963,U01049,C0090,2025-06-02 22:47:40,Clic recomendación,App,Tendencias
I005964,U01049,C0290,2025-05-27 11:53:35,Clic recomendación,App,Recomendados
I005965,U01049,C0178,2025-10-25 22:29:29,Compartir,App,Continuar viendo
I005966,U01049,C0176,2025-02-10 20:08:42,Clic recomendación,App,Recomendados
I005967,U01049,C0323,2025-06-10 23:33:45,Agregar a mi lista,App,Continuar viendo
I005968,U01245,C0413,2025-04-30 21:02:42,Agregar a mi lista,App,Inicio
I005969,U01245,C0308,2025-12-16 04:16:40,Clic recomendación,App,Recomendados
I005970,U01245,C0192,2025-03-15 20:22:43,Agregar a mi lista,App,Tendencias
I005971,U01245,C0396,2025-04-18 01:20:22,Clic recomendación,App,Recomendados
I005972,U01245,C0408,2025-03-23 00:05:11,Me gusta,App,Recomendados
I005973,U01245,C0309,2025-03-13 23:11:05,Agregar a mi lista,App,Recomendados
I005974,U01245,C0007,2025-11-16 00:47:57,Agregar a mi lista,App,Búsqueda
I005975,U01245,C0279,2025-02-09 13:20:04,Quitar de mi lista,App,Inicio
I005976,U01135,C0308,2025-06-11 20:09:43,Me gusta,App,Inicio
I005977,U01357,C0389,2025-01-11 20:35:04,Quitar de mi lista,Web,Inicio
I005978,U01357,C0380,2025-06-03 00:03:54,Agregar a mi lista,App,Recomendados
I005979,U00705,C0272,2025-11-16 19:22:06,Agregar a mi lista,App,Búsqueda
I005980,U00705,C0057,2025-02-27 21:46:28,Me gusta,App,Recomendados
I005981,U00705,C0043,2025-07-09 11:15:06,Clic recomendación,App,Recomendados
I005982,U00705,C0279,2025-11-07 00:23:29,Compartir,App,Inicio
I005983,U00199,C0005,2025-10-18 19:29:02,Agregar a mi lista,App,Tendencias
I005984,U00199,C0259,2025-03-12 13:05:43,Me gusta,App,Recomendados
I005985,U00199,C0235,2025-12-11 15:56:43,Agregar a mi lista,App,Tendencias
I005986,U00199,C0418,2025-03-26 21:13:01,Clic recomendación,App,Recomendados
I005987,U00199,C0116,2025-06-25 00:39:37,Clic recomendación,App,Inicio
I005988,U01390,C0045,2025-09-19 18:17:15,Clic recomendación,App,Tendencias
I005989,U01390,C0278,2025-12-18 16:01:18,Clic recomendación,App,Recomendados
I005990,U01390,C0207,2025-10-06 17:55:40,Agregar a mi lista,App,Tendencias
I005991,U00637,C0395,2025-04-22 14:50:55,Descarga,App,Inicio
I005992,U00058,C0415,2025-03-11 23:31:18,Agregar a mi lista,App,Recomendados
I005993,U00058,C0350,2025-06-03 19:56:30,Me gusta,App,Continuar viendo
I005994,U00058,C0042,2025-10-26 17:04:33,Me gusta,App,Tendencias
I005995,U00058,C0333,2025-01-23 22:47:38,Me gusta,App,Recomendados
I005996,U00058,C0300,2025-05-31 14:13:33,Me gusta,App,Recomendados
I005997,U00140,C0148,2025-09-27 10:31:44,Agregar a mi lista,App,Búsqueda
I005998,U00140,C0320,2025-12-23 17:47:22,Agregar a mi lista,App,Búsqueda
I005999,U00140,C0418,2025-12-30 19:16:18,Clic recomendación,App,Inicio
I006000,U00388,C0095,2025-04-25 20:22:19,Me gusta,App,Tendencias
I006001,U00388,C0407,2025-03-19 12:10:40,No me gusta,App,Búsqueda
I006002,U00388,C0266,2025-01-11 22:09:54,Me gusta,App,Continuar viendo
I006003,U00388,C0364,2025-03-15 10:36:22,Clic recomendación,App,Recomendados
I006004,U00388,C0371,2025-10-08 21:51:50,Clic recomendación,App,Inicio
I006005,U00667,C0010,2025-01-09 15:30:26,Me gusta,Web,Recomendados
I006006,U00667,C0342,2025-09-29 13:04:04,Agregar a mi lista,Web,Tendencias
I006007,U00893,C0129,2025-12-22 22:26:22,Clic recomendación,Web,Recomendados
I006008,U00893,C0132,2025-12-03 00:37:28,Me gusta,Web,Inicio
I006009,U00893,C0408,2025-11-14 21:35:05,Me gusta,Web,Continuar viendo
I006010,U00893,C0252,2025-11-15 11:32:55,Clic recomendación,Web,Inicio
I006011,U01331,C0070,2025-09-08 00:58:17,No me gusta,App,Tendencias
I006012,U01331,C0049,2025-06-29 14:14:35,Me gusta,App,Inicio
I006013,U01331,C0395,2025-01-02 05:16:02,Clic recomendación,Web,Recomendados
I006014,U01331,C0412,2025-05-26 18:00:39,Clic recomendación,Web,Recomendados
I006015,U01331,C0072,2025-03-19 13:46:14,Clic recomendación,App,Recomendados
I006016,U01065,C0029,2025-10-07 15:10:50,Agregar a mi lista,Web,Recomendados
I006017,U01065,C0169,2025-02-21 08:12:00,Descarga,App,Búsqueda
I006018,U01065,C0181,2025-03-27 23:19:34,Compartir,App,Recomendados
I006019,U01065,C0221,2025-01-07 15:57:44,Me gusta,App,Recomendados
I006020,U00738,C0015,2025-09-09 08:20:38,Clic recomendación,App,Recomendados
I006021,U00738,C0057,2025-08-30 18:12:22,Compartir,App,Inicio
I006022,U00738,C0245,2025-08-21 00:52:59,Quitar de mi lista,App,Búsqueda
I006023,U00738,C0040,2025-10-20 21:30:06,Compartir,App,Recomendados
I006024,U00738,C0417,2025-05-09 17:51:18,Clic recomendación,App,Tendencias
I006025,U00738,C0109,2025-08-16 00:08:34,Me gusta,App,Búsqueda
I006026,U00738,C0280,2025-07-05 17:58:55,Quitar de mi lista,App,Tendencias
I006027,U00738,C0072,2025-11-23 15:28:26,Me gusta,App,Recomendados
I006028,U00738,C0181,2025-05-07 15:10:49,Clic recomendación,App,Inicio
I006029,U00738,C0138,2025-09-14 18:01:49,No me gusta,App,Tendencias
I006030,U00738,C0219,2025-12-03 19:59:01,Me gusta,App,Búsqueda
I006031,U00738,C0134,2025-04-03 18:06:03,Agregar a mi lista,App,Búsqueda
I006032,U00470,C0227,2025-12-12 13:20:33,Agregar a mi lista,App,Recomendados
I006033,U00470,C0270,2025-11-20 12:20:55,Agregar a mi lista,App,Continuar viendo
I006034,U00470,C0155,2025-12-03 19:42:00,Clic recomendación,App,Inicio
I006035,U00470,C0080,2025-11-01 19:14:33,Compartir,App,Tendencias
I006036,U00470,C0097,2025-10-26 23:02:22,Agregar a mi lista,App,Recomendados
I006037,U00470,C0341,2025-09-07 19:48:30,Descarga,App,Búsqueda
I006038,U00470,C0116,2025-11-20 22:29:57,Compartir,App,Recomendados
I006039,U00470,C0177,2025-10-23 01:45:19,Clic recomendación,App,Recomendados
I006040,U00470,C0086,2025-09-15 20:31:24,Agregar a mi lista,App,Continuar viendo
I006041,U00470,C0372,2025-09-10 13:37:16,Descarga,App,Inicio
I006042,U00460,C0056,2025-06-01 11:05:46,Clic recomendación,Web,Recomendados
I006043,U00460,C0303,2025-06-10 22:50:38,Quitar de mi lista,App,Recomendados
I006044,U00460,C0076,2025-05-26 12:12:08,Agregar a mi lista,App,Inicio
I006045,U00460,C0196,2025-06-09 23:40:18,Me gusta,App,Continuar viendo
I006046,U00460,C0181,2025-05-22 23:35:44,Descarga,App,Recomendados
I006047,U00768,C0161,2025-06-25 16:30:58,Agregar a mi lista,App,Búsqueda
I006048,U00768,C0068,2025-07-04 19:15:50,Agregar a mi lista,App,Continuar viendo
I006049,U00768,C0331,2025-06-02 05:29:31,Clic recomendación,App,Inicio
I006050,U00768,C0001,2025-08-21 02:36:15,Agregar a mi lista,App,Continuar viendo
I006051,U01361,C0281,2025-12-13 13:14:59,Me gusta,Web,Continuar viendo
I006052,U01361,C0405,2025-12-09 19:40:41,Quitar de mi lista,App,Tendencias
I006053,U01361,C0352,2025-10-16 21:08:24,Descarga,Web,Tendencias
I006054,U01361,C0109,2025-12-08 21:53:46,Compartir,Web,Búsqueda
I006055,U01361,C0330,2025-11-14 17:24:55,Clic recomendación,Web,Tendencias
I006056,U01361,C0159,2025-10-12 21:39:14,Agregar a mi lista,Web,Recomendados
I006057,U01455,C0347,2025-01-17 02:39:54,Me gusta,Web,Recomendados
I006058,U01455,C0378,2025-01-22 14:02:37,Descarga,Web,Recomendados
I006059,U01455,C0037,2025-01-01 19:59:00,No me gusta,App,Recomendados
I006060,U01455,C0291,2025-01-08 22:04:28,Agregar a mi lista,App,Recomendados
I006061,U01455,C0107,2025-01-02 22:24:40,Descarga,App,Recomendados
I006062,U01455,C0211,2025-01-10 23:39:42,Descarga,Web,Recomendados
I006063,U01455,C0153,2025-01-17 13:16:18,Clic recomendación,Web,Recomendados
I006064,U01455,C0074,2025-01-13 00:25:39,Agregar a mi lista,App,Búsqueda
I006065,U00212,C0379,2025-06-10 00:49:33,Me gusta,App,Recomendados
I006066,U00212,C0374,2025-04-25 17:25:52,Agregar a mi lista,App,Recomendados
I006067,U00227,C0360,2025-09-01 00:43:25,Clic recomendación,Web,Tendencias
I006068,U00227,C0098,2025-05-18 00:03:57,Quitar de mi lista,Web,Continuar viendo
I006069,U00227,C0082,2025-01-03 11:25:17,Quitar de mi lista,Web,Búsqueda
I006070,U00227,C0159,2025-02-09 06:27:25,Clic recomendación,Web,Recomendados
I006071,U00227,C0238,2025-02-03 17:02:02,Clic recomendación,Web,Recomendados
I006072,U00469,C0059,2025-10-13 09:15:19,No me gusta,App,Recomendados
I006073,U00469,C0189,2025-01-03 20:45:05,Me gusta,App,Tendencias
I006074,U00469,C0177,2025-06-17 11:50:56,Me gusta,App,Recomendados
I006075,U00469,C0219,2025-04-27 15:46:56,Descarga,App,Recomendados
I006076,U00469,C0096,2025-06-26 23:05:26,Clic recomendación,App,Recomendados
I006077,U00469,C0360,2025-05-03 22:47:23,Me gusta,App,Recomendados
I006078,U00469,C0212,2025-06-23 10:05:17,Clic recomendación,App,Recomendados
I006079,U00469,C0177,2025-09-12 18:57:58,Me gusta,App,Continuar viendo
I006080,U01290,C0158,2025-04-06 13:15:07,Clic recomendación,Web,Recomendados
I006081,U01290,C0226,2025-03-13 18:29:17,Compartir,Web,Continuar viendo
I006082,U01290,C0309,2025-11-17 16:11:41,Clic recomendación,Web,Inicio
I006083,U01290,C0274,2025-12-19 19:48:07,Agregar a mi lista,Web,Recomendados
I006084,U01219,C0389,2025-09-30 23:04:14,Me gusta,App,Tendencias
I006085,U01219,C0218,2025-09-18 18:03:25,Clic recomendación,App,Inicio
I006086,U01219,C0178,2025-09-16 21:26:02,Clic recomendación,App,Recomendados
I006087,U01219,C0037,2025-12-06 23:59:59,Me gusta,App,Inicio
I006088,U01219,C0145,2025-10-04 17:13:05,Me gusta,App,Recomendados
I006089,U01219,C0165,2025-10-07 21:03:17,Me gusta,App,Búsqueda
I006090,U01219,C0389,2025-11-21 20:51:18,Descarga,App,Tendencias
I006091,U01219,C0134,2025-11-09 07:28:13,Quitar de mi lista,App,Recomendados
I006092,U01219,C0241,2025-10-15 02:41:45,Compartir,App,Continuar viendo
I006093,U01219,C0099,2025-11-26 19:00:19,No me gusta,App,Recomendados
I006094,U00951,C0024,2025-07-07 06:57:59,Compartir,Web,Recomendados
I006095,U00951,C0290,2025-04-29 04:45:01,Descarga,Web,Tendencias
I006096,U00951,C0056,2025-03-07 21:02:42,Clic recomendación,App,Tendencias
I006097,U00951,C0062,2025-04-03 00:57:27,Agregar a mi lista,Web,Continuar viendo
I006098,U01254,C0194,2025-09-25 21:12:55,Clic recomendación,Web,Inicio
I006099,U01254,C0237,2025-08-09 21:54:33,Clic recomendación,Web,Recomendados
I006100,U01254,C0257,2025-02-05 22:58:39,Descarga,Web,Inicio
I006101,U01254,C0062,2025-06-28 15:59:13,Clic recomendación,Web,Recomendados
I006102,U01254,C0381,2025-02-26 23:23:17,Me gusta,Web,Recomendados
I006103,U01254,C0003,2025-07-31 21:03:02,Quitar de mi lista,Web,Búsqueda
I006104,U01254,C0113,2025-06-16 15:17:06,Quitar de mi lista,Web,Inicio
I006105,U01254,C0005,2025-09-14 17:56:01,Clic recomendación,Web,Inicio
I006106,U01254,C0064,2025-04-18 18:57:41,Me gusta,Web,Continuar viendo
I006107,U01254,C0359,2025-03-17 23:09:25,Me gusta,Web,Recomendados
I006108,U01254,C0420,2025-06-14 21:48:24,Agregar a mi lista,Web,Búsqueda
I006109,U01254,C0380,2025-03-18 13:43:47,Descarga,Web,Búsqueda
I006110,U01332,C0300,2025-04-03 20:58:22,Clic recomendación,App,Recomendados
I006111,U01332,C0405,2025-09-26 11:50:21,Descarga,Web,Continuar viendo
I006112,U01332,C0307,2025-06-29 11:24:22,Me gusta,Web,Búsqueda
I006113,U01332,C0017,2025-07-04 20:52:33,Quitar de mi lista,Web,Continuar viendo
I006114,U01332,C0298,2025-03-08 11:56:00,No me gusta,Web,Búsqueda
I006115,U00961,C0358,2025-04-02 08:05:49,Clic recomendación,App,Recomendados
I006116,U00961,C0026,2025-01-31 19:18:05,Quitar de mi lista,App,Inicio
I006117,U00961,C0348,2025-02-20 01:20:33,No me gusta,App,Recomendados
I006118,U00961,C0200,2025-03-02 22:44:56,Clic recomendación,App,Recomendados
I006119,U00095,C0408,2025-06-20 12:06:47,Agregar a mi lista,App,Recomendados
I006120,U00095,C0027,2025-02-11 17:32:42,Agregar a mi lista,App,Recomendados
I006121,U00095,C0269,2025-04-12 08:35:31,Agregar a mi lista,App,Inicio
I006122,U00095,C0013,2025-05-03 19:25:04,Clic recomendación,App,Inicio
I006123,U00754,C0378,2025-10-18 18:40:58,Agregar a mi lista,App,Inicio
I006124,U00754,C0220,2025-04-24 09:00:42,Descarga,App,Continuar viendo
I006125,U01303,C0194,2025-02-08 20:19:22,Agregar a mi lista,App,Continuar viendo
I006126,U01303,C0185,2025-02-02 15:49:54,Compartir,App,Recomendados
I006127,U00970,C0167,2025-11-25 21:46:06,Me gusta,Web,Continuar viendo
I006128,U00970,C0223,2025-07-09 22:22:03,Agregar a mi lista,App,Recomendados
I006129,U00970,C0092,2025-07-08 17:40:50,Me gusta,Web,Recomendados
I006130,U00970,C0160,2025-09-14 21:42:49,Me gusta,Web,Recomendados
I006131,U00970,C0345,2025-11-08 22:55:29,Clic recomendación,App,Tendencias
I006132,U01102,C0069,2025-04-17 09:18:57,Quitar de mi lista,App,Recomendados
I006133,U01102,C0304,2025-07-30 16:37:54,Descarga,App,Inicio
I006134,U01102,C0417,2025-02-10 23:38:20,Descarga,App,Recomendados
I006135,U01102,C0118,2025-05-06 16:40:44,Agregar a mi lista,App,Búsqueda
I006136,U01102,C0284,2025-03-18 00:50:06,Agregar a mi lista,App,Inicio
I006137,U00575,C0377,2025-05-08 20:38:01,Agregar a mi lista,App,Búsqueda
I006138,U00575,C0406,2025-08-07 21:47:42,Descarga,App,Recomendados
I006139,U00575,C0278,2025-03-02 01:07:32,Quitar de mi lista,App,Recomendados
I006140,U00575,C0163,2025-11-13 14:01:45,Me gusta,App,Búsqueda
I006141,U00575,C0171,2025-09-27 01:18:39,Compartir,App,Recomendados
I006142,U00575,C0021,2025-03-02 16:23:24,Agregar a mi lista,App,Continuar viendo
I006143,U00967,C0384,2025-05-25 20:39:16,Clic recomendación,App,Tendencias
I006144,U00967,C0009,2025-11-30 23:06:33,Agregar a mi lista,App,Continuar viendo
I006145,U00967,C0332,2025-12-19 11:31:12,Clic recomendación,App,Inicio
I006146,U00967,C0271,2025-05-09 23:47:55,Agregar a mi lista,App,Inicio
I006147,U00967,C0066,2025-07-04 22:15:21,Clic recomendación,App,Recomendados
I006148,U00967,C0200,2025-09-10 19:21:44,Me gusta,App,Búsqueda
I006149,U00967,C0148,2025-05-15 00:53:31,Me gusta,App,Recomendados
I006150,U00967,C0393,2025-06-04 07:43:46,Agregar a mi lista,App,Tendencias
I006151,U01189,C0004,2025-12-12 13:42:30,Clic recomendación,App,Tendencias
I006152,U01189,C0051,2025-06-03 18:00:35,Me gusta,App,Tendencias
I006153,U01189,C0192,2025-01-11 21:19:20,Agregar a mi lista,App,Inicio
I006154,U01189,C0323,2025-02-04 19:15:06,Clic recomendación,App,Recomendados
I006155,U00033,C0131,2025-04-27 13:44:21,Me gusta,App,Inicio
I006156,U00033,C0265,2025-09-11 20:01:07,Agregar a mi lista,App,Recomendados
I006157,U00033,C0038,2025-05-02 00:21:43,Clic recomendación,App,Recomendados
I006158,U00156,C0171,2025-07-14 05:21:51,Me gusta,Web,Recomendados
I006159,U00156,C0391,2025-09-22 23:09:22,Me gusta,App,Tendencias
I006160,U00156,C0303,2025-08-16 19:25:48,Me gusta,Web,Recomendados
I006161,U00156,C0113,2025-12-12 05:11:45,Agregar a mi lista,App,Recomendados
I006162,U00156,C0311,2025-07-02 20:29:21,Me gusta,App,Inicio
I006163,U00156,C0287,2025-05-07 21:09:01,Compartir,Web,Tendencias
I006164,U00156,C0092,2025-03-25 11:29:12,No me gusta,Web,Inicio
I006165,U00156,C0021,2025-05-09 22:08:09,Agregar a mi lista,App,Tendencias
I006166,U00156,C0310,2025-01-26 10:38:01,Me gusta,App,Recomendados
I006167,U00156,C0231,2025-05-14 00:30:44,Me gusta,App,Recomendados
I006168,U00760,C0369,2025-11-14 00:44:09,Me gusta,Web,Recomendados
I006169,U00760,C0410,2025-11-06 12:34:37,No me gusta,Web,Tendencias
I006170,U00760,C0377,2025-11-06 13:23:41,Descarga,App,Recomendados
I006171,U00760,C0210,2025-10-03 22:05:25,Me gusta,App,Inicio
I006172,U00760,C0141,2025-10-14 22:52:12,Compartir,App,Tendencias
I006173,U00760,C0003,2025-09-28 21:22:02,Agregar a mi lista,Web,Continuar viendo
I006174,U00760,C0417,2025-12-18 14:00:57,Clic recomendación,Web,Tendencias
I006175,U00760,C0003,2025-12-22 23:04:04,Agregar a mi lista,App,Búsqueda
I006176,U00760,C0337,2025-12-08 20:50:23,Agregar a mi lista,App,Inicio
I006177,U00760,C0336,2025-11-14 09:03:42,Me gusta,Web,Inicio
I006178,U00760,C0056,2025-10-19 08:07:34,Compartir,App,Inicio
I006179,U00760,C0092,2025-12-27 16:15:36,Clic recomendación,App,Recomendados
I006180,U00151,C0221,2025-11-15 15:06:53,Agregar a mi lista,App,Recomendados
I006181,U00151,C0189,2025-12-22 20:58:58,No me gusta,App,Recomendados
I006182,U00151,C0199,2025-12-29 19:16:28,Clic recomendación,App,Tendencias
I006183,U00151,C0239,2025-12-14 23:39:39,Quitar de mi lista,App,Continuar viendo
I006184,U00151,C0257,2025-12-06 11:04:21,Clic recomendación,App,Inicio
I006185,U00753,C0090,2025-11-16 23:05:46,Clic recomendación,Web,Recomendados
I006186,U00753,C0027,2025-10-05 05:02:31,Clic recomendación,Web,Recomendados
I006187,U00753,C0303,2025-10-27 23:06:42,Compartir,Web,Continuar viendo
I006188,U00319,C0140,2025-03-13 20:47:22,Descarga,App,Continuar viendo
I006189,U00319,C0249,2025-04-09 10:59:54,Descarga,App,Inicio
I006190,U00319,C0279,2025-03-07 16:16:38,Compartir,App,Recomendados
I006191,U00319,C0359,2025-04-12 21:15:12,No me gusta,App,Recomendados
I006192,U01376,C0231,2025-01-09 17:42:28,Quitar de mi lista,App,Búsqueda
I006193,U01376,C0377,2025-01-16 22:32:22,Clic recomendación,App,Recomendados
I006194,U01376,C0334,2025-01-09 19:47:19,Agregar a mi lista,App,Búsqueda
I006195,U01376,C0390,2025-01-23 19:11:30,Compartir,App,Continuar viendo
I006196,U00154,C0383,2025-10-06 21:54:03,Me gusta,Web,Continuar viendo
I006197,U00154,C0080,2025-07-05 09:55:49,Clic recomendación,App,Recomendados
I006198,U00154,C0199,2025-09-03 19:29:04,Agregar a mi lista,Web,Tendencias
I006199,U00154,C0384,2025-03-14 22:39:41,Me gusta,Web,Inicio
I006200,U01068,C0167,2025-05-27 07:40:37,Clic recomendación,App,Recomendados
I006201,U01068,C0067,2025-07-03 21:14:05,Me gusta,App,Recomendados
I006202,U01146,C0243,2025-02-23 22:43:46,Clic recomendación,App,Recomendados
I006203,U01146,C0349,2025-06-27 11:29:30,Agregar a mi lista,App,Recomendados
I006204,U01146,C0394,2025-04-14 23:27:19,Agregar a mi lista,App,Recomendados
I006205,U01146,C0095,2025-12-11 23:40:13,Agregar a mi lista,App,Continuar viendo
I006206,U01146,C0320,2025-08-22 05:34:21,Me gusta,App,Recomendados
I006207,U01146,C0068,2025-05-12 08:01:32,No me gusta,App,Tendencias
I006208,U01146,C0286,2025-08-30 23:55:48,Clic recomendación,App,Recomendados
I006209,U01146,C0153,2025-08-08 20:27:18,Agregar a mi lista,App,Recomendados
I006210,U01146,C0022,2025-08-17 13:21:57,Quitar de mi lista,App,Recomendados
I006211,U01146,C0132,2025-01-14 20:05:47,Quitar de mi lista,App,Recomendados
I006212,U01471,C0249,2025-09-11 23:26:48,Agregar a mi lista,Web,Inicio
I006213,U01471,C0042,2025-01-10 16:24:06,Clic recomendación,Web,Recomendados
I006214,U01471,C0154,2025-05-01 10:07:37,Me gusta,Web,Tendencias
I006215,U01471,C0047,2025-11-28 14:46:44,Descarga,Web,Continuar viendo
I006216,U01471,C0305,2025-01-29 00:32:25,Compartir,Web,Recomendados
I006217,U00304,C0045,2025-12-17 09:55:05,Clic recomendación,App,Inicio
I006218,U00304,C0246,2025-12-07 19:46:02,Agregar a mi lista,Web,Recomendados
I006219,U00352,C0284,2025-07-15 12:40:17,Agregar a mi lista,Web,Tendencias
I006220,U00352,C0003,2025-06-06 12:34:08,Clic recomendación,Web,Recomendados
I006221,U00352,C0217,2025-07-11 21:23:53,Agregar a mi lista,Web,Recomendados
I006222,U00352,C0270,2025-08-07 20:18:51,No me gusta,Web,Búsqueda
I006223,U00352,C0325,2025-01-02 19:28:02,Descarga,Web,Inicio
I006224,U00352,C0230,2025-09-05 19:06:19,Clic recomendación,Web,Recomendados
I006225,U00787,C0329,2025-04-11 20:05:31,Clic recomendación,App,Recomendados
I006226,U00787,C0256,2025-08-02 16:39:52,Quitar de mi lista,App,Búsqueda
I006227,U00787,C0368,2025-08-16 21:51:08,Me gusta,Web,Búsqueda
I006228,U00787,C0068,2025-08-03 22:00:23,Quitar de mi lista,App,Búsqueda
I006229,U00787,C0175,2025-07-10 00:06:19,Clic recomendación,Web,Recomendados
I006230,U00530,C0295,2025-09-27 14:58:12,Agregar a mi lista,App,Búsqueda
I006231,U00530,C0249,2025-04-05 19:49:33,Compartir,App,Inicio
I006232,U00530,C0286,2025-10-03 00:11:06,Me gusta,App,Recomendados
I006233,U00530,C0083,2025-08-28 20:43:15,Me gusta,App,Inicio
I006234,U00530,C0369,2025-05-26 17:19:45,Compartir,App,Recomendados
I006235,U00257,C0384,2025-11-30 14:02:25,Clic recomendación,App,Inicio
I006236,U00257,C0240,2025-11-02 13:02:27,Agregar a mi lista,App,Recomendados
I006237,U00257,C0093,2025-12-15 00:38:11,Agregar a mi lista,App,Recomendados
I006238,U00818,C0061,2025-12-25 22:07:24,Clic recomendación,App,Recomendados
I006239,U00818,C0117,2025-07-16 20:30:25,Me gusta,App,Inicio
I006240,U00818,C0253,2025-06-01 17:30:22,Me gusta,App,Inicio
I006241,U00818,C0235,2025-05-28 18:03:31,Compartir,App,Recomendados
I006242,U00818,C0032,2025-04-07 23:08:55,Agregar a mi lista,App,Tendencias
I006243,U00818,C0249,2025-08-20 23:31:54,Clic recomendación,App,Recomendados
I006244,U00818,C0410,2025-03-27 07:07:23,Me gusta,App,Recomendados
I006245,U00818,C0267,2025-04-11 17:49:38,Me gusta,App,Búsqueda
I006246,U00415,C0144,2025-01-07 23:21:04,Me gusta,App,Continuar viendo
I006247,U00415,C0393,2025-01-28 08:23:21,Me gusta,App,Tendencias
I006248,U00353,C0001,2025-05-23 00:26:55,Agregar a mi lista,Web,Tendencias
I006249,U00353,C0287,2025-04-10 19:59:05,Clic recomendación,Web,Recomendados
I006250,U00353,C0360,2025-04-05 19:20:38,Agregar a mi lista,Web,Búsqueda
I006251,U00353,C0158,2025-04-28 22:30:43,Me gusta,Web,Continuar viendo
I006252,U00004,C0260,2025-08-17 10:56:37,Agregar a mi lista,App,Recomendados
I006253,U00004,C0194,2025-11-26 19:16:23,Clic recomendación,App,Recomendados
I006254,U00004,C0234,2025-06-25 17:45:46,Clic recomendación,App,Recomendados
I006255,U00004,C0205,2025-03-25 18:52:58,Clic recomendación,App,Inicio
I006256,U00004,C0358,2025-09-01 22:30:30,Quitar de mi lista,App,Continuar viendo
I006257,U00004,C0044,2025-08-24 19:42:49,Agregar a mi lista,App,Inicio
I006258,U00004,C0358,2025-07-07 01:03:06,No me gusta,App,Recomendados
I006259,U00004,C0244,2025-07-08 13:15:08,Me gusta,App,Recomendados
I006260,U01227,C0288,2025-03-03 10:48:15,Clic recomendación,Web,Recomendados
I006261,U01227,C0415,2025-07-31 23:14:03,Compartir,Web,Tendencias
I006262,U01227,C0268,2025-11-09 20:44:05,Me gusta,Web,Recomendados
I006263,U01227,C0308,2025-11-12 21:20:36,Clic recomendación,Web,Recomendados
I006264,U01227,C0338,2025-05-20 14:22:29,Clic recomendación,Web,Inicio
I006265,U00854,C0158,2025-06-23 13:20:37,Compartir,App,Recomendados
I006266,U00854,C0108,2025-02-07 19:36:31,Clic recomendación,App,Recomendados
I006267,U00854,C0198,2025-07-21 21:07:42,Agregar a mi lista,App,Inicio
I006268,U00449,C0107,2025-10-21 12:12:33,Agregar a mi lista,App,Recomendados
I006269,U00600,C0122,2025-11-27 18:58:27,Me gusta,App,Tendencias
I006270,U00600,C0276,2025-05-07 18:43:55,Me gusta,App,Tendencias
I006271,U00600,C0380,2025-05-12 17:29:20,Quitar de mi lista,App,Continuar viendo
I006272,U00600,C0018,2025-06-24 01:10:27,Agregar a mi lista,App,Inicio
I006273,U00755,C0274,2025-12-20 10:21:40,Clic recomendación,App,Recomendados
I006274,U00755,C0296,2025-06-11 12:09:21,Clic recomendación,App,Recomendados
I006275,U00755,C0382,2025-04-19 00:45:56,Me gusta,Web,Tendencias
I006276,U00755,C0404,2025-12-20 21:21:32,Me gusta,Web,Recomendados
I006277,U00755,C0278,2025-07-04 22:38:23,Agregar a mi lista,Web,Recomendados
I006278,U00755,C0346,2025-10-19 18:34:06,Me gusta,App,Recomendados
I006279,U00367,C0223,2025-04-30 21:28:00,Clic recomendación,Web,Recomendados
I006280,U00367,C0359,2025-03-16 00:11:36,Quitar de mi lista,Web,Recomendados
I006281,U00367,C0364,2025-03-24 01:18:35,Quitar de mi lista,App,Recomendados
I006282,U00367,C0305,2025-03-26 14:38:27,Agregar a mi lista,App,Búsqueda
I006283,U00367,C0144,2025-03-18 13:58:13,Clic recomendación,Web,Inicio
I006284,U00367,C0101,2025-01-20 19:19:36,Descarga,App,Recomendados
I006285,U00367,C0009,2025-04-20 21:54:00,Agregar a mi lista,Web,Recomendados
I006286,U00367,C0218,2025-01-14 11:06:16,Agregar a mi lista,Web,Recomendados
I006287,U00367,C0088,2025-02-04 10:36:49,Agregar a mi lista,App,Inicio
I006288,U00367,C0099,2025-01-17 23:28:44,Agregar a mi lista,App,Recomendados
I006289,U00013,C0016,2025-04-11 17:25:16,No me gusta,App,Continuar viendo
I006290,U00013,C0341,2025-11-30 19:36:16,Agregar a mi lista,App,Búsqueda
I006291,U00013,C0275,2025-07-28 22:16:36,Me gusta,App,Continuar viendo
I006292,U00013,C0411,2025-09-09 20:08:49,Clic recomendación,App,Recomendados
I006293,U00013,C0231,2025-12-12 22:35:01,Me gusta,App,Continuar viendo
I006294,U00013,C0351,2025-09-07 09:47:28,Agregar a mi lista,App,Continuar viendo
I006295,U01462,C0038,2025-04-28 21:05:10,Quitar de mi lista,App,Búsqueda
I006296,U01462,C0256,2025-03-30 19:14:34,Clic recomendación,App,Recomendados
I006297,U01462,C0359,2025-09-21 23:22:49,Me gusta,App,Recomendados
I006298,U01462,C0160,2025-10-24 22:45:49,Clic recomendación,App,Recomendados
I006299,U01462,C0088,2025-05-19 14:45:23,Descarga,App,Tendencias
I006300,U01462,C0280,2025-09-09 14:21:17,Descarga,App,Tendencias
I006301,U01462,C0291,2025-02-28 00:47:56,Descarga,App,Tendencias
I006302,U01462,C0300,2025-08-28 13:31:02,Me gusta,App,Búsqueda
I006303,U01159,C0059,2025-11-05 08:08:45,Clic recomendación,App,Recomendados
I006304,U01159,C0402,2025-10-25 22:01:59,Clic recomendación,App,Recomendados
I006305,U01159,C0328,2025-12-16 13:41:16,Me gusta,App,Búsqueda
I006306,U01159,C0140,2025-11-28 23:27:15,Quitar de mi lista,App,Inicio
I006307,U01159,C0214,2025-10-23 23:50:49,Me gusta,App,Inicio
I006308,U01159,C0056,2025-11-04 23:38:37,Agregar a mi lista,App,Tendencias
I006309,U01159,C0120,2025-10-17 21:28:14,Compartir,App,Inicio
I006310,U01159,C0201,2025-12-23 01:43:49,Me gusta,App,Tendencias
I006311,U00972,C0250,2025-02-03 09:38:04,Me gusta,App,Recomendados
I006312,U00972,C0346,2025-06-10 21:48:55,Clic recomendación,App,Inicio
I006313,U00972,C0375,2025-09-24 02:01:31,Compartir,App,Recomendados
I006314,U00972,C0013,2025-06-30 23:33:50,Clic recomendación,App,Tendencias
I006315,U00972,C0035,2025-12-04 22:45:09,Agregar a mi lista,App,Inicio
I006316,U00972,C0164,2025-05-06 16:52:35,Descarga,App,Inicio
I006317,U00972,C0262,2025-05-03 22:59:18,Agregar a mi lista,App,Recomendados
I006318,U00972,C0033,2025-04-06 15:47:48,Clic recomendación,App,Inicio
I006319,U00444,C0271,2025-10-07 20:01:23,Clic recomendación,Web,Inicio
I006320,U00444,C0208,2025-11-29 16:07:23,Agregar a mi lista,Web,Búsqueda
I006321,U01374,C0274,2025-06-12 23:44:40,Agregar a mi lista,App,Tendencias
I006322,U01374,C0041,2025-05-11 18:23:58,Clic recomendación,App,Recomendados
I006323,U01374,C0086,2025-05-09 00:53:11,Quitar de mi lista,App,Recomendados
I006324,U01374,C0154,2025-01-30 15:55:33,Me gusta,App,Tendencias
I006325,U01167,C0134,2025-10-09 15:56:51,Descarga,App,Inicio
I006326,U01167,C0341,2025-08-10 20:55:48,Quitar de mi lista,App,Continuar viendo
I006327,U00693,C0254,2025-09-07 17:02:56,Descarga,Web,Recomendados
I006328,U00693,C0014,2025-08-03 14:14:10,Clic recomendación,Web,Recomendados
I006329,U00693,C0363,2025-10-14 14:39:30,Agregar a mi lista,Web,Inicio
I006330,U00693,C0138,2025-09-24 00:00:48,Agregar a mi lista,Web,Búsqueda
I006331,U00693,C0002,2025-09-08 18:22:03,Descarga,Web,Búsqueda
I006332,U00693,C0300,2025-10-09 19:25:55,Me gusta,Web,Continuar viendo
I006333,U00693,C0372,2025-11-04 22:40:11,Me gusta,Web,Recomendados
I006334,U00693,C0227,2025-06-30 09:01:44,Quitar de mi lista,Web,Búsqueda
I006335,U01101,C0021,2025-11-24 21:55:18,Agregar a mi lista,App,Inicio
I006336,U01101,C0019,2025-04-26 05:26:09,Agregar a mi lista,App,Inicio
I006337,U01101,C0402,2025-11-08 12:45:05,Me gusta,App,Tendencias
I006338,U01101,C0099,2025-08-11 12:57:21,Me gusta,App,Búsqueda
I006339,U00264,C0373,2025-01-28 18:10:53,No me gusta,App,Recomendados
I006340,U00264,C0137,2025-05-10 19:26:16,Agregar a mi lista,App,Búsqueda
I006341,U00264,C0221,2025-08-14 20:53:18,Clic recomendación,App,Inicio
I006342,U00264,C0047,2025-02-17 06:43:33,Clic recomendación,App,Recomendados
I006343,U00264,C0075,2025-03-09 20:01:10,Agregar a mi lista,App,Inicio
I006344,U00264,C0174,2025-02-16 21:54:35,No me gusta,App,Recomendados
I006345,U00264,C0291,2025-02-17 10:07:21,Me gusta,App,Continuar viendo
I006346,U00264,C0227,2025-05-29 16:29:07,Clic recomendación,App,Recomendados
I006347,U00782,C0419,2025-02-28 21:54:13,Clic recomendación,App,Recomendados
I006348,U00782,C0260,2025-02-26 05:08:29,Quitar de mi lista,App,Búsqueda
I006349,U00782,C0106,2025-09-30 21:30:44,Quitar de mi lista,App,Recomendados
I006350,U00782,C0264,2025-05-01 21:48:27,Descarga,App,Continuar viendo
I006351,U00782,C0112,2025-11-19 17:12:03,Agregar a mi lista,App,Recomendados
I006352,U00084,C0313,2025-09-19 15:26:23,Clic recomendación,Web,Recomendados
I006353,U01445,C0409,2025-12-28 17:23:05,Me gusta,Web,Recomendados
I006354,U01445,C0380,2025-12-05 19:28:11,Clic recomendación,App,Recomendados
I006355,U01445,C0073,2025-12-12 20:54:33,No me gusta,App,Inicio
I006356,U01445,C0115,2025-12-18 23:02:13,Compartir,Web,Recomendados
I006357,U01445,C0389,2025-12-17 21:32:08,Me gusta,Web,Inicio
I006358,U01214,C0163,2025-01-25 14:11:03,Clic recomendación,App,Recomendados
I006359,U01214,C0325,2025-01-25 09:08:15,Clic recomendación,App,Tendencias
I006360,U01214,C0123,2025-01-20 19:44:42,Me gusta,App,Inicio
I006361,U01005,C0282,2025-05-03 20:23:08,No me gusta,Web,Búsqueda
I006362,U01005,C0086,2025-05-27 00:31:19,Clic recomendación,Web,Recomendados
I006363,U01005,C0146,2025-03-18 19:54:18,Clic recomendación,Web,Recomendados
I006364,U01005,C0015,2025-01-02 11:59:27,Me gusta,Web,Continuar viendo
I006365,U01005,C0368,2025-02-17 23:52:12,Compartir,Web,Búsqueda
I006366,U01005,C0341,2025-12-26 22:15:24,Agregar a mi lista,Web,Recomendados
I006367,U01005,C0274,2025-09-27 18:49:41,No me gusta,Web,Continuar viendo
I006368,U01005,C0082,2025-11-19 08:38:30,Clic recomendación,Web,Recomendados
I006369,U01005,C0042,2025-01-07 17:20:36,Agregar a mi lista,Web,Inicio
I006370,U01005,C0048,2025-09-27 17:08:25,Agregar a mi lista,Web,Búsqueda
I006371,U01005,C0311,2025-05-30 17:47:18,Descarga,Web,Tendencias
I006372,U01005,C0040,2025-04-01 17:26:18,Clic recomendación,Web,Recomendados
I006373,U01121,C0218,2025-03-04 10:48:06,Me gusta,App,Inicio
I006374,U01121,C0025,2025-05-07 22:00:00,Clic recomendación,App,Recomendados
I006375,U00075,C0017,2025-09-21 21:32:46,Me gusta,App,Tendencias
I006376,U00075,C0340,2025-02-27 00:05:09,Agregar a mi lista,App,Inicio
I006377,U00075,C0358,2025-08-04 17:07:19,Clic recomendación,Web,Recomendados
I006378,U00351,C0005,2025-06-25 21:43:24,Me gusta,App,Recomendados
I006379,U00351,C0119,2025-01-16 19:36:39,No me gusta,App,Tendencias
I006380,U00217,C0217,2025-12-18 09:45:40,Agregar a mi lista,App,Recomendados
I006381,U00217,C0310,2025-06-26 21:15:46,Me gusta,App,Recomendados
I006382,U00217,C0268,2025-08-17 20:00:08,Agregar a mi lista,App,Recomendados
I006383,U00217,C0330,2025-10-08 08:33:35,Clic recomendación,App,Recomendados
I006384,U00217,C0219,2025-06-22 07:37:19,Clic recomendación,App,Recomendados
I006385,U01009,C0233,2025-08-19 18:47:42,Me gusta,Web,Recomendados
I006386,U01009,C0249,2025-02-09 10:10:55,Agregar a mi lista,Web,Búsqueda
I006387,U01009,C0326,2025-08-12 16:12:42,Quitar de mi lista,Web,Recomendados
I006388,U01009,C0303,2025-08-14 17:08:04,Quitar de mi lista,Web,Continuar viendo
I006389,U01009,C0083,2025-06-23 19:38:30,Clic recomendación,Web,Recomendados
I006390,U00824,C0260,2025-01-17 21:42:57,Agregar a mi lista,App,Recomendados
I006391,U00824,C0229,2025-01-10 22:25:02,Me gusta,App,Recomendados
I006392,U00824,C0414,2025-01-09 06:57:39,Clic recomendación,App,Recomendados
I006393,U00824,C0098,2025-01-20 10:59:21,Clic recomendación,App,Recomendados
I006394,U00824,C0010,2025-01-21 21:40:01,Compartir,App,Inicio
I006395,U00569,C0260,2025-12-11 12:48:41,Clic recomendación,Web,Recomendados
I006396,U00569,C0366,2025-08-20 17:32:18,Clic recomendación,Web,Recomendados
I006397,U00569,C0159,2025-12-04 00:40:36,Clic recomendación,Web,Inicio
I006398,U00569,C0118,2025-02-03 17:16:16,Clic recomendación,Web,Recomendados
I006399,U00569,C0385,2025-06-11 01:50:19,Me gusta,Web,Recomendados
I006400,U00569,C0293,2025-05-11 20:42:52,Clic recomendación,Web,Inicio
I006401,U00927,C0364,2025-02-17 23:29:06,Clic recomendación,App,Recomendados
I006402,U00927,C0021,2025-06-14 12:06:32,Quitar de mi lista,App,Recomendados
I006403,U00927,C0253,2025-11-22 22:43:25,Me gusta,App,Recomendados
I006404,U00927,C0157,2025-10-21 20:32:52,Clic recomendación,App,Recomendados
I006405,U01249,C0105,2025-12-21 13:41:50,Me gusta,App,Inicio
I006406,U01249,C0286,2025-10-06 23:24:55,Compartir,App,Recomendados
I006407,U01249,C0167,2025-12-23 19:21:17,Descarga,App,Recomendados
I006408,U00703,C0306,2025-11-17 13:17:16,Descarga,App,Recomendados
I006409,U00703,C0362,2025-12-13 21:44:17,Clic recomendación,App,Recomendados
I006410,U00703,C0270,2025-11-12 13:47:17,Me gusta,App,Continuar viendo
I006411,U00703,C0092,2025-12-18 23:50:04,Clic recomendación,App,Recomendados
I006412,U00703,C0196,2025-12-26 15:36:56,Me gusta,App,Tendencias
I006413,U00703,C0201,2025-10-26 20:00:13,Agregar a mi lista,App,Inicio
I006414,U00958,C0188,2025-12-31 18:52:49,Agregar a mi lista,App,Continuar viendo
I006415,U00341,C0071,2025-01-15 14:07:16,No me gusta,App,Búsqueda
I006416,U00341,C0243,2025-02-12 09:02:33,Agregar a mi lista,App,Recomendados
I006417,U01112,C0171,2025-07-12 04:58:32,Agregar a mi lista,Web,Recomendados
I006418,U01112,C0261,2025-03-07 22:51:23,Descarga,Web,Recomendados
I006419,U01112,C0243,2025-02-04 19:55:55,Clic recomendación,Web,Inicio
I006420,U01112,C0409,2025-03-18 22:31:50,Me gusta,Web,Búsqueda
I006421,U01112,C0185,2025-03-22 22:08:33,Agregar a mi lista,Web,Inicio
I006422,U01112,C0381,2025-07-01 06:53:51,Agregar a mi lista,Web,Recomendados
I006423,U01112,C0226,2025-08-24 16:31:10,Agregar a mi lista,Web,Continuar viendo
I006424,U01112,C0149,2025-08-20 00:43:50,Descarga,Web,Búsqueda
I006425,U01112,C0191,2025-06-03 19:18:46,Clic recomendación,Web,Tendencias
I006426,U01112,C0218,2025-01-20 21:37:35,Compartir,Web,Recomendados
I006427,U01173,C0011,2025-10-22 23:01:39,Me gusta,App,Continuar viendo
I006428,U01173,C0189,2025-10-23 01:37:31,Me gusta,App,Continuar viendo
I006429,U01173,C0420,2025-04-22 23:32:24,Clic recomendación,App,Inicio
I006430,U01173,C0364,2025-10-09 09:52:39,Compartir,App,Recomendados
I006431,U01173,C0003,2025-09-08 22:57:48,Agregar a mi lista,App,Recomendados
I006432,U01173,C0358,2025-09-10 23:06:53,Agregar a mi lista,App,Recomendados
I006433,U01173,C0133,2025-09-13 22:30:14,Clic recomendación,App,Recomendados
I006434,U01173,C0255,2025-05-16 05:16:26,Me gusta,App,Continuar viendo
I006435,U00148,C0199,2025-02-10 21:21:10,Quitar de mi lista,App,Inicio
I006436,U00148,C0315,2025-06-15 18:36:50,Me gusta,App,Recomendados
I006437,U00148,C0263,2025-02-14 17:40:34,Me gusta,App,Búsqueda
I006438,U00148,C0031,2025-04-04 09:52:24,Me gusta,App,Continuar viendo
I006439,U01412,C0144,2025-11-10 21:46:01,Clic recomendación,App,Inicio
I006440,U01412,C0107,2025-01-18 21:37:36,Compartir,App,Recomendados
I006441,U01412,C0049,2025-10-15 14:13:30,Me gusta,App,Inicio
I006442,U01412,C0127,2025-03-06 23:24:05,Agregar a mi lista,App,Tendencias
I006443,U00007,C0028,2025-01-12 03:50:07,Agregar a mi lista,App,Recomendados
I006444,U00007,C0323,2025-01-03 19:20:23,No me gusta,App,Inicio
I006445,U00007,C0277,2025-01-08 20:09:58,Me gusta,App,Inicio
I006446,U00007,C0276,2025-02-03 22:49:15,Descarga,App,Búsqueda
I006447,U00007,C0051,2025-02-12 20:50:54,Clic recomendación,App,Inicio
I006448,U00129,C0086,2025-03-25 19:56:58,Clic recomendación,App,Inicio
I006449,U00129,C0003,2025-11-26 22:19:07,Me gusta,App,Búsqueda
I006450,U00129,C0098,2025-11-02 21:34:23,Clic recomendación,App,Recomendados
I006451,U00129,C0056,2025-06-30 19:40:28,Compartir,Web,Continuar viendo
I006452,U00129,C0373,2025-07-06 15:20:48,Clic recomendación,App,Inicio
I006453,U00129,C0182,2025-02-11 18:11:58,Descarga,App,Recomendados
I006454,U00129,C0029,2025-09-01 00:15:43,Agregar a mi lista,Web,Tendencias
I006455,U00129,C0325,2025-04-26 18:34:29,Agregar a mi lista,App,Recomendados
I006456,U00129,C0188,2025-05-13 20:34:20,No me gusta,App,Búsqueda
I006457,U00129,C0272,2025-03-26 10:05:36,Agregar a mi lista,Web,Tendencias
I006458,U00129,C0327,2025-04-09 19:28:08,Clic recomendación,Web,Recomendados
I006459,U00129,C0218,2025-05-27 09:20:50,Clic recomendación,App,Recomendados
I006460,U01111,C0277,2025-11-30 23:58:59,Clic recomendación,App,Recomendados
I006461,U01111,C0174,2025-12-22 02:07:58,Clic recomendación,Web,Recomendados
I006462,U00471,C0286,2025-11-01 17:30:28,Me gusta,App,Recomendados
I006463,U00471,C0103,2025-09-10 23:09:06,Me gusta,App,Tendencias
I006464,U00462,C0119,2025-08-19 23:09:24,Clic recomendación,App,Recomendados
I006465,U00462,C0248,2025-10-21 14:02:04,Clic recomendación,App,Recomendados
I006466,U00581,C0008,2025-06-27 15:18:25,Clic recomendación,App,Recomendados
I006467,U00581,C0095,2025-06-09 20:18:04,Clic recomendación,App,Recomendados
I006468,U00581,C0366,2025-03-27 23:51:44,Agregar a mi lista,App,Inicio
I006469,U00581,C0050,2025-08-17 22:59:34,Quitar de mi lista,App,Tendencias
I006470,U00581,C0286,2025-08-09 08:08:24,Agregar a mi lista,App,Continuar viendo
I006471,U00581,C0388,2025-08-17 00:49:08,Me gusta,App,Búsqueda
I006472,U00581,C0321,2025-04-17 06:43:28,Clic recomendación,App,Recomendados
I006473,U00581,C0098,2025-08-09 22:06:13,Quitar de mi lista,App,Recomendados
I006474,U00581,C0265,2025-07-24 12:44:22,Me gusta,App,Inicio
I006475,U00581,C0158,2025-02-22 08:39:08,Compartir,App,Recomendados
I006476,U00432,C0290,2025-02-24 19:43:11,Clic recomendación,App,Recomendados
I006477,U00432,C0269,2025-01-02 17:48:44,Clic recomendación,App,Recomendados
I006478,U00432,C0298,2025-02-06 16:43:04,Clic recomendación,App,Recomendados
I006479,U00432,C0116,2025-01-06 22:47:56,Descarga,App,Búsqueda
I006480,U00432,C0065,2025-03-29 17:21:38,Clic recomendación,App,Tendencias
I006481,U00432,C0117,2025-02-01 23:10:08,Me gusta,App,Recomendados
I006482,U00432,C0062,2025-03-12 20:51:58,Me gusta,App,Inicio
I006483,U00432,C0414,2025-02-27 23:27:15,Compartir,App,Recomendados
I006484,U00713,C0197,2025-03-04 21:31:08,Agregar a mi lista,App,Inicio
I006485,U00713,C0282,2025-02-02 09:37:53,Agregar a mi lista,App,Tendencias
I006486,U00713,C0110,2025-02-18 21:32:10,Agregar a mi lista,App,Continuar viendo
I006487,U00713,C0103,2025-02-03 14:31:01,Agregar a mi lista,App,Búsqueda
I006488,U00713,C0072,2025-02-28 16:51:42,Clic recomendación,App,Recomendados
I006489,U00713,C0148,2025-03-05 16:21:15,Clic recomendación,App,Recomendados
I006490,U00713,C0207,2025-02-27 18:55:53,No me gusta,App,Recomendados
I006491,U00228,C0293,2025-03-22 00:09:50,Me gusta,App,Inicio
I006492,U00228,C0405,2025-11-08 03:40:03,Quitar de mi lista,App,Búsqueda
I006493,U00228,C0106,2025-05-13 15:13:13,Descarga,App,Recomendados
I006494,U00228,C0293,2025-05-25 16:36:23,Clic recomendación,App,Recomendados
I006495,U00228,C0310,2025-12-18 02:09:17,Agregar a mi lista,App,Búsqueda
I006496,U00228,C0202,2025-03-03 20:02:39,Me gusta,App,Recomendados
I006497,U00057,C0105,2025-05-05 21:53:59,Compartir,Web,Recomendados
I006498,U00057,C0352,2025-09-07 19:37:47,Clic recomendación,Web,Recomendados
I006499,U01378,C0066,2025-06-19 15:41:15,Compartir,Web,Tendencias
I006500,U01378,C0126,2025-09-07 21:44:33,Agregar a mi lista,Web,Recomendados
I006501,U01378,C0094,2025-03-07 19:24:24,Quitar de mi lista,Web,Recomendados
I006502,U01378,C0062,2025-10-22 09:27:58,Me gusta,Web,Búsqueda
I006503,U01378,C0211,2025-01-13 13:23:15,Me gusta,Web,Tendencias
I006504,U01129,C0362,2025-06-07 20:34:05,Me gusta,App,Recomendados
I006505,U01129,C0094,2025-08-17 20:56:14,No me gusta,App,Búsqueda
I006506,U01129,C0207,2025-08-15 00:24:46,Clic recomendación,App,Recomendados
I006507,U01129,C0298,2025-05-09 17:09:23,Me gusta,App,Tendencias
I006508,U01129,C0344,2025-05-03 07:49:09,Me gusta,App,Recomendados
I006509,U01129,C0230,2025-10-18 19:37:15,Clic recomendación,App,Recomendados
I006510,U00390,C0151,2025-09-11 22:22:04,Agregar a mi lista,App,Búsqueda
I006511,U00390,C0024,2025-08-27 21:54:37,Clic recomendación,Web,Inicio
I006512,U00390,C0080,2025-02-08 08:35:46,Agregar a mi lista,Web,Inicio
I006513,U00390,C0251,2025-02-25 08:13:32,Me gusta,Web,Inicio
I006514,U00390,C0343,2025-06-13 00:56:00,Me gusta,App,Recomendados
I006515,U00390,C0292,2025-06-24 17:53:29,Me gusta,App,Recomendados
I006516,U00390,C0111,2025-05-21 20:17:31,Clic recomendación,App,Tendencias
I006517,U00390,C0086,2025-10-04 03:31:39,Descarga,App,Búsqueda
I006518,U00274,C0067,2025-04-14 07:09:32,Agregar a mi lista,App,Búsqueda
I006519,U00274,C0248,2025-12-29 14:56:37,Agregar a mi lista,App,Búsqueda
I006520,U00274,C0306,2025-10-12 17:17:01,Clic recomendación,App,Recomendados
I006521,U00274,C0325,2025-01-30 23:00:12,Agregar a mi lista,App,Recomendados
I006522,U00274,C0199,2025-12-30 02:23:27,Clic recomendación,App,Recomendados
I006523,U00274,C0094,2025-09-04 23:06:32,Me gusta,App,Tendencias
I006524,U00274,C0090,2025-06-12 23:54:54,Clic recomendación,App,Recomendados
I006525,U00274,C0116,2025-09-10 17:22:42,Me gusta,App,Continuar viendo
I006526,U00274,C0355,2025-01-19 21:05:42,Agregar a mi lista,App,Búsqueda
I006527,U00274,C0412,2025-06-11 13:57:36,Clic recomendación,App,Recomendados
I006528,U00274,C0356,2025-03-08 18:09:46,Clic recomendación,App,Inicio
I006529,U00274,C0239,2025-05-05 12:52:34,Clic recomendación,App,Recomendados
I006530,U01423,C0170,2025-05-30 14:08:51,Descarga,Web,Búsqueda
I006531,U01423,C0298,2025-06-25 23:21:51,Me gusta,Web,Inicio
I006532,U01423,C0244,2025-05-01 23:24:23,Clic recomendación,Web,Recomendados
I006533,U01423,C0006,2025-10-15 09:07:32,Agregar a mi lista,Web,Tendencias
I006534,U01124,C0420,2025-02-03 23:23:40,No me gusta,App,Búsqueda
I006535,U01124,C0368,2025-07-25 19:44:45,Me gusta,App,Continuar viendo
I006536,U01124,C0217,2025-07-26 22:30:01,Clic recomendación,App,Tendencias
I006537,U01124,C0208,2025-05-15 20:39:53,Me gusta,App,Inicio
I006538,U01124,C0321,2025-04-10 14:37:55,Me gusta,App,Recomendados
I006539,U01124,C0299,2025-01-22 00:04:44,No me gusta,App,Recomendados
I006540,U01124,C0200,2025-04-08 22:02:30,Descarga,App,Recomendados
I006541,U01124,C0110,2025-12-29 21:15:13,Descarga,App,Continuar viendo
I006542,U01124,C0285,2025-02-11 13:40:24,Clic recomendación,App,Recomendados
I006543,U01124,C0244,2025-09-04 20:41:18,Agregar a mi lista,App,Búsqueda
I006544,U01187,C0346,2025-01-18 17:08:16,No me gusta,Web,Inicio
I006545,U01187,C0201,2025-07-15 20:59:04,Quitar de mi lista,App,Tendencias
I006546,U01187,C0175,2025-08-02 17:57:07,Clic recomendación,App,Inicio
I006547,U01187,C0241,2025-02-19 19:41:01,Compartir,App,Continuar viendo
I006548,U01187,C0313,2025-07-12 12:30:09,Agregar a mi lista,App,Inicio
I006549,U01187,C0289,2025-04-17 12:04:58,Agregar a mi lista,App,Inicio
I006550,U00046,C0197,2025-10-14 11:34:31,Agregar a mi lista,Web,Inicio
I006551,U00396,C0266,2025-06-11 17:08:03,Me gusta,App,Búsqueda
I006552,U00396,C0346,2025-03-06 21:15:37,Clic recomendación,App,Recomendados
I006553,U00396,C0211,2025-04-19 22:48:48,Agregar a mi lista,App,Inicio
I006554,U00396,C0319,2025-02-15 01:08:24,Descarga,App,Continuar viendo
I006555,U00396,C0323,2025-05-16 13:22:02,Compartir,App,Recomendados
I006556,U00396,C0304,2025-04-23 22:26:00,Compartir,App,Continuar viendo
I006557,U00396,C0192,2025-06-25 18:46:08,Compartir,App,Inicio
I006558,U00396,C0338,2025-06-15 20:43:15,Compartir,App,Inicio
I006559,U00396,C0255,2025-05-10 14:21:25,Clic recomendación,App,Inicio
I006560,U00396,C0034,2025-03-12 13:57:44,Me gusta,App,Inicio
I006561,U00823,C0278,2025-02-28 22:45:14,Me gusta,App,Recomendados
I006562,U00823,C0191,2025-06-05 19:26:06,Me gusta,App,Recomendados
I006563,U00823,C0161,2025-03-16 20:26:45,Clic recomendación,App,Recomendados
I006564,U00823,C0359,2025-01-01 20:09:04,Me gusta,App,Inicio
I006565,U00823,C0167,2025-04-13 20:30:23,Agregar a mi lista,App,Búsqueda
I006566,U00823,C0133,2025-06-19 20:01:35,Clic recomendación,App,Inicio
I006567,U00823,C0067,2025-05-02 22:13:45,No me gusta,App,Recomendados
I006568,U00823,C0235,2025-01-01 20:56:51,Clic recomendación,App,Inicio
I006569,U00823,C0141,2025-01-23 03:08:02,Agregar a mi lista,App,Continuar viendo
I006570,U00823,C0247,2025-06-19 23:15:47,Clic recomendación,App,Recomendados
I006571,U00922,C0107,2025-12-28 23:34:58,Clic recomendación,App,Recomendados
I006572,U00922,C0226,2025-12-12 04:37:54,Me gusta,App,Tendencias
I006573,U00922,C0303,2025-12-09 18:44:55,Agregar a mi lista,App,Inicio
I006574,U00922,C0264,2025-12-09 20:04:51,Clic recomendación,App,Inicio
I006575,U00922,C0179,2025-12-30 19:49:50,Clic recomendación,App,Recomendados
I006576,U00922,C0085,2025-12-25 00:34:27,Compartir,App,Inicio
I006577,U00701,C0257,2025-05-01 18:44:27,Me gusta,App,Búsqueda
I006578,U00701,C0083,2025-02-20 22:54:30,Me gusta,Web,Recomendados
I006579,U00701,C0369,2025-11-02 09:07:22,Me gusta,Web,Búsqueda
I006580,U00701,C0117,2025-10-25 21:27:10,Clic recomendación,Web,Recomendados
I006581,U00133,C0283,2025-02-18 22:56:16,Compartir,App,Recomendados
I006582,U00133,C0366,2025-09-19 14:04:19,Descarga,App,Tendencias
I006583,U00133,C0207,2025-10-13 20:13:36,Me gusta,App,Continuar viendo
I006584,U01075,C0214,2025-01-22 17:53:56,Agregar a mi lista,App,Búsqueda
I006585,U01075,C0088,2025-01-07 23:46:52,Clic recomendación,App,Inicio
I006586,U01075,C0377,2025-01-06 17:47:29,Me gusta,App,Búsqueda
I006587,U01075,C0308,2025-01-26 16:13:26,Descarga,App,Continuar viendo
I006588,U01075,C0112,2025-01-26 22:06:34,Clic recomendación,App,Inicio
I006589,U01075,C0055,2025-01-08 17:59:12,Me gusta,App,Continuar viendo
I006590,U01075,C0055,2025-01-21 21:18:57,No me gusta,App,Continuar viendo
I006591,U01075,C0189,2025-01-11 22:58:48,Me gusta,App,Tendencias
I006592,U01479,C0371,2025-08-15 14:14:43,Compartir,Web,Continuar viendo
I006593,U01479,C0344,2025-02-04 15:27:57,Me gusta,Web,Recomendados
I006594,U01114,C0172,2025-02-28 21:22:51,Agregar a mi lista,App,Inicio
I006595,U01114,C0323,2025-02-25 17:03:40,Me gusta,App,Continuar viendo
I006596,U01114,C0003,2025-01-22 19:44:26,Clic recomendación,App,Recomendados
I006597,U00940,C0346,2025-10-12 14:21:36,Agregar a mi lista,App,Recomendados
I006598,U00940,C0207,2025-12-18 19:51:15,Clic recomendación,App,Recomendados
I006599,U00940,C0319,2025-02-01 20:39:20,Compartir,App,Búsqueda
I006600,U00940,C0279,2025-07-25 13:46:42,Me gusta,App,Búsqueda
I006601,U00940,C0238,2025-08-26 23:37:53,Agregar a mi lista,App,Tendencias
I006602,U00940,C0034,2025-04-17 20:04:14,Me gusta,App,Tendencias
I006603,U00940,C0217,2025-11-29 02:24:56,Me gusta,App,Recomendados
I006604,U00940,C0118,2025-10-15 22:47:08,Agregar a mi lista,App,Tendencias
I006605,U00940,C0151,2025-10-19 21:52:27,Clic recomendación,App,Recomendados
I006606,U00940,C0217,2025-07-28 21:12:32,Agregar a mi lista,App,Recomendados
I006607,U00940,C0182,2025-05-10 08:16:14,Clic recomendación,App,Recomendados
I006608,U00940,C0255,2025-03-17 22:49:08,Agregar a mi lista,App,Recomendados
I006609,U01232,C0264,2025-10-22 11:49:06,Clic recomendación,App,Recomendados
I006610,U01232,C0117,2025-08-25 18:25:35,Descarga,App,Recomendados
I006611,U01232,C0010,2025-06-21 21:19:20,Clic recomendación,App,Recomendados
I006612,U01126,C0362,2025-01-23 14:57:51,Me gusta,App,Inicio
I006613,U01126,C0331,2025-01-07 04:30:22,Quitar de mi lista,App,Búsqueda
I006614,U01126,C0311,2025-01-02 23:26:24,Agregar a mi lista,App,Continuar viendo
I006615,U01126,C0173,2025-01-11 17:33:12,Compartir,App,Inicio
I006616,U01126,C0394,2025-01-09 21:48:23,Agregar a mi lista,App,Búsqueda
I006617,U01126,C0417,2025-01-01 23:54:44,Agregar a mi lista,App,Inicio
I006618,U01126,C0213,2025-01-11 13:47:09,No me gusta,App,Continuar viendo
I006619,U01126,C0171,2025-01-23 20:03:34,Agregar a mi lista,App,Recomendados
I006620,U00814,C0033,2025-06-18 17:42:56,Descarga,App,Inicio
I006621,U00814,C0193,2025-01-16 14:33:44,Me gusta,App,Recomendados
I006622,U00814,C0146,2025-07-12 22:23:57,Agregar a mi lista,App,Tendencias
I006623,U00560,C0170,2025-10-23 23:58:25,Clic recomendación,App,Tendencias
I006624,U00560,C0247,2025-01-05 13:42:23,No me gusta,App,Continuar viendo
I006625,U00560,C0190,2025-10-28 19:51:48,Descarga,App,Tendencias
I006626,U00218,C0016,2025-07-29 20:10:50,Clic recomendación,Web,Recomendados
I006627,U00218,C0022,2025-11-09 21:34:37,Clic recomendación,Web,Inicio
I006628,U00218,C0411,2025-11-05 10:18:40,Me gusta,Web,Búsqueda
I006629,U00218,C0405,2025-12-18 01:05:29,Agregar a mi lista,Web,Recomendados
I006630,U01324,C0259,2025-07-12 13:19:24,Clic recomendación,App,Recomendados
I006631,U01324,C0100,2025-07-26 10:40:34,Clic recomendación,App,Recomendados
I006632,U00168,C0103,2025-04-02 13:46:50,Clic recomendación,Web,Recomendados
I006633,U00168,C0018,2025-05-24 20:23:28,Me gusta,Web,Búsqueda
I006634,U00168,C0195,2025-04-26 01:24:41,Agregar a mi lista,Web,Búsqueda
I006635,U00168,C0392,2025-06-12 21:47:43,Quitar de mi lista,Web,Búsqueda
I006636,U00168,C0118,2025-01-07 23:12:42,Agregar a mi lista,App,Búsqueda
I006637,U00168,C0091,2025-10-16 15:33:51,Me gusta,Web,Inicio
I006638,U00168,C0145,2025-12-27 22:48:09,Me gusta,Web,Inicio
I006639,U00168,C0348,2025-11-27 02:21:41,Clic recomendación,App,Recomendados
I006640,U00168,C0339,2025-01-30 08:55:11,Clic recomendación,Web,Recomendados
I006641,U00168,C0282,2025-02-02 18:09:22,Agregar a mi lista,App,Inicio
I006642,U00245,C0141,2025-01-28 23:51:24,Agregar a mi lista,App,Recomendados
I006643,U00245,C0231,2025-03-01 20:26:52,No me gusta,App,Inicio
I006644,U00245,C0295,2025-01-07 18:36:50,Clic recomendación,App,Recomendados
I006645,U00245,C0070,2025-01-11 03:51:59,Agregar a mi lista,App,Continuar viendo
I006646,U01330,C0364,2025-11-04 20:02:50,Clic recomendación,Web,Inicio
I006647,U00421,C0364,2025-10-07 20:49:04,Me gusta,Web,Inicio
I006648,U00421,C0374,2025-06-01 12:49:35,Me gusta,Web,Búsqueda
I006649,U00421,C0028,2025-02-12 17:19:10,Agregar a mi lista,App,Búsqueda
I006650,U00694,C0294,2025-02-01 20:46:48,Clic recomendación,App,Tendencias
I006651,U00694,C0326,2025-02-09 22:21:09,No me gusta,App,Inicio
I006652,U00694,C0007,2025-01-25 10:10:46,Agregar a mi lista,App,Búsqueda
I006653,U00694,C0111,2025-02-23 18:16:15,Agregar a mi lista,App,Recomendados
I006654,U00694,C0336,2025-02-04 07:26:52,Clic recomendación,App,Recomendados
I006655,U00694,C0028,2025-02-18 23:46:09,Clic recomendación,App,Recomendados
I006656,U00237,C0137,2025-06-08 19:14:44,Me gusta,App,Tendencias
I006657,U00237,C0314,2025-01-27 21:16:42,Clic recomendación,App,Recomendados
I006658,U00237,C0399,2025-10-14 19:10:23,Agregar a mi lista,App,Inicio
I006659,U00931,C0417,2025-12-26 14:33:11,Descarga,App,Continuar viendo
I006660,U00931,C0227,2025-07-26 15:40:10,Agregar a mi lista,App,Recomendados
I006661,U00931,C0067,2025-11-23 23:52:24,Clic recomendación,App,Recomendados
I006662,U00931,C0263,2025-02-04 23:23:41,Me gusta,App,Recomendados
I006663,U00866,C0409,2025-06-15 18:34:27,Compartir,App,Búsqueda
I006664,U00866,C0262,2025-10-20 20:31:45,Me gusta,App,Recomendados
I006665,U00866,C0415,2025-07-27 19:23:37,Agregar a mi lista,App,Búsqueda
I006666,U00866,C0096,2025-09-08 05:10:43,Me gusta,App,Recomendados
I006667,U00643,C0270,2025-11-03 00:09:46,Me gusta,App,Búsqueda
I006668,U00643,C0152,2025-05-19 23:03:36,Quitar de mi lista,App,Tendencias
I006669,U00643,C0010,2025-09-12 19:30:27,Clic recomendación,App,Inicio
I006670,U00871,C0073,2025-12-24 23:54:29,Descarga,App,Recomendados
I006671,U00871,C0047,2025-07-15 13:47:36,Me gusta,Web,Inicio
I006672,U00871,C0118,2025-02-08 13:50:58,Quitar de mi lista,App,Búsqueda
I006673,U00871,C0002,2025-09-28 19:20:23,Descarga,App,Continuar viendo
I006674,U00871,C0113,2025-10-28 23:56:25,Clic recomendación,Web,Recomendados
I006675,U00871,C0193,2025-09-22 12:37:49,Me gusta,Web,Recomendados
I006676,U00871,C0051,2025-12-01 15:57:48,No me gusta,App,Continuar viendo
I006677,U00871,C0310,2025-03-02 23:16:31,Me gusta,Web,Búsqueda
I006678,U01258,C0211,2025-12-22 16:38:38,Clic recomendación,App,Tendencias
I006679,U01258,C0355,2025-02-08 02:20:50,Clic recomendación,App,Inicio
I006680,U01258,C0222,2025-11-13 23:55:45,Clic recomendación,App,Recomendados
I006681,U01499,C0225,2025-03-06 21:32:22,Clic recomendación,Web,Inicio
I006682,U01499,C0379,2025-04-23 12:51:56,Agregar a mi lista,App,Tendencias
I006683,U01499,C0108,2025-04-12 00:27:17,Clic recomendación,App,Recomendados
I006684,U01499,C0392,2025-03-02 23:14:58,Descarga,Web,Búsqueda
I006685,U01499,C0099,2025-08-08 18:30:34,Quitar de mi lista,App,Recomendados
I006686,U00808,C0204,2025-01-26 20:12:33,Me gusta,App,Recomendados
I006687,U00808,C0320,2025-02-04 20:41:34,Quitar de mi lista,App,Inicio
I006688,U00808,C0362,2025-04-10 22:13:45,Agregar a mi lista,App,Búsqueda
I006689,U00808,C0192,2025-09-04 09:07:08,Agregar a mi lista,App,Recomendados
I006690,U00808,C0055,2025-09-20 11:10:00,Clic recomendación,App,Recomendados
I006691,U00485,C0370,2025-10-05 08:11:43,Descarga,Web,Búsqueda
I006692,U00031,C0085,2025-03-01 22:53:43,Compartir,Web,Continuar viendo
I006693,U00031,C0222,2025-05-23 08:40:40,Agregar a mi lista,App,Continuar viendo
I006694,U00031,C0067,2025-02-01 05:30:03,No me gusta,App,Recomendados
I006695,U00031,C0288,2025-02-21 20:15:07,Agregar a mi lista,App,Continuar viendo
I006696,U00031,C0030,2025-06-09 20:15:50,Agregar a mi lista,Web,Continuar viendo
I006697,U00031,C0175,2025-03-21 20:05:37,Agregar a mi lista,Web,Búsqueda
I006698,U00031,C0326,2025-02-06 19:58:12,Clic recomendación,App,Recomendados
I006699,U00031,C0341,2025-05-25 15:15:41,Agregar a mi lista,Web,Recomendados
I006700,U00031,C0027,2025-01-24 08:26:24,Me gusta,Web,Recomendados
I006701,U00031,C0359,2025-01-16 21:52:03,Descarga,App,Tendencias
I006702,U00954,C0377,2025-06-27 01:51:43,Clic recomendación,Web,Inicio
I006703,U01342,C0394,2025-04-04 16:40:53,Me gusta,Web,Continuar viendo
I006704,U01342,C0153,2025-12-13 19:03:00,Agregar a mi lista,App,Búsqueda
I006705,U00891,C0303,2025-02-26 19:12:17,Agregar a mi lista,Web,Búsqueda
I006706,U00891,C0333,2025-02-06 22:18:17,Agregar a mi lista,Web,Búsqueda
I006707,U00891,C0069,2025-03-17 16:35:01,Descarga,Web,Tendencias
I006708,U00891,C0207,2025-04-19 18:54:32,Me gusta,Web,Tendencias
I006709,U00891,C0036,2025-05-02 23:25:12,No me gusta,Web,Búsqueda
I006710,U00538,C0163,2025-07-25 23:28:32,Quitar de mi lista,App,Inicio
I006711,U00538,C0348,2025-12-06 19:29:13,Clic recomendación,App,Recomendados
I006712,U00538,C0331,2025-11-08 18:57:34,Clic recomendación,App,Recomendados
I006713,U00538,C0094,2025-10-07 22:05:18,Clic recomendación,App,Tendencias
I006714,U00538,C0256,2025-10-26 22:05:04,Me gusta,App,Búsqueda
I006715,U00538,C0363,2025-05-21 16:09:21,Agregar a mi lista,App,Recomendados
I006716,U00538,C0383,2025-06-12 20:58:30,Agregar a mi lista,App,Recomendados
I006717,U00538,C0126,2025-05-25 19:27:52,Me gusta,App,Continuar viendo
I006718,U00538,C0109,2025-10-21 08:48:02,No me gusta,App,Recomendados
I006719,U00538,C0109,2025-08-10 20:04:52,Me gusta,App,Continuar viendo
I006720,U00495,C0109,2025-07-26 11:27:12,Me gusta,App,Recomendados
I006721,U00495,C0101,2025-07-17 19:54:58,Compartir,App,Recomendados
I006722,U00495,C0389,2025-12-12 16:39:09,Agregar a mi lista,App,Inicio
I006723,U00495,C0418,2025-07-28 21:06:24,Me gusta,App,Tendencias
I006724,U00495,C0098,2025-03-09 22:46:36,Clic recomendación,App,Recomendados
I006725,U00495,C0367,2025-10-21 11:38:28,Agregar a mi lista,App,Continuar viendo
I006726,U00495,C0309,2025-12-25 20:39:16,No me gusta,App,Recomendados
I006727,U00495,C0046,2025-04-15 12:38:59,Clic recomendación,App,Recomendados
I006728,U00495,C0290,2025-06-10 23:49:30,Clic recomendación,App,Recomendados
I006729,U00495,C0186,2025-08-18 14:01:08,Compartir,App,Tendencias
I006730,U00495,C0170,2025-01-18 22:12:36,Agregar a mi lista,App,Tendencias
I006731,U00495,C0214,2025-03-29 18:01:56,Clic recomendación,App,Recomendados
I006732,U01193,C0318,2025-12-28 16:55:12,Agregar a mi lista,Web,Continuar viendo
I006733,U01193,C0241,2025-12-03 22:43:07,Agregar a mi lista,Web,Inicio
I006734,U01193,C0012,2025-07-14 08:06:21,Agregar a mi lista,Web,Recomendados
I006735,U01193,C0225,2025-08-20 07:29:33,Compartir,Web,Continuar viendo
I006736,U01193,C0006,2025-06-25 22:57:20,Me gusta,Web,Tendencias
I006737,U01193,C0149,2025-05-19 23:39:50,Descarga,Web,Continuar viendo
I006738,U01193,C0403,2025-04-07 18:52:23,Agregar a mi lista,Web,Recomendados
I006739,U01193,C0138,2025-11-15 21:00:15,Me gusta,Web,Recomendados
I006740,U00382,C0318,2025-10-17 11:00:03,Clic recomendación,Web,Recomendados
I006741,U00382,C0227,2025-05-01 22:14:09,No me gusta,Web,Continuar viendo
I006742,U00535,C0184,2025-06-02 16:15:43,Clic recomendación,App,Inicio
I006743,U00535,C0294,2025-11-17 17:08:57,Agregar a mi lista,Web,Inicio
I006744,U00535,C0055,2025-09-16 23:04:37,Clic recomendación,Web,Recomendados
I006745,U00535,C0086,2025-12-31 18:26:23,Agregar a mi lista,Web,Recomendados
I006746,U00535,C0085,2025-10-11 21:18:38,Agregar a mi lista,App,Inicio
I006747,U00535,C0050,2025-03-28 11:59:13,Agregar a mi lista,App,Recomendados
I006748,U00535,C0377,2025-05-02 10:20:32,Me gusta,App,Inicio
I006749,U00535,C0035,2025-04-09 08:42:08,No me gusta,App,Recomendados
I006750,U00426,C0189,2025-10-10 22:45:58,Clic recomendación,App,Inicio
I006751,U00426,C0168,2025-10-14 13:23:32,Me gusta,App,Recomendados
I006752,U00522,C0226,2025-11-26 22:22:23,Agregar a mi lista,App,Tendencias
I006753,U00522,C0173,2025-10-29 18:33:59,Me gusta,App,Búsqueda
I006754,U00522,C0081,2025-11-02 18:23:51,Me gusta,App,Recomendados
I006755,U00522,C0117,2025-02-23 18:42:26,Me gusta,App,Búsqueda
I006756,U00522,C0289,2025-06-13 10:35:50,Me gusta,Web,Continuar viendo
I006757,U00522,C0319,2025-01-31 22:24:47,Agregar a mi lista,Web,Continuar viendo
I006758,U00522,C0303,2025-06-25 14:11:25,Clic recomendación,App,Recomendados
I006759,U00522,C0200,2025-03-18 19:05:11,Agregar a mi lista,App,Inicio
I006760,U01395,C0367,2025-06-17 10:59:47,No me gusta,App,Continuar viendo
I006761,U01395,C0028,2025-06-04 13:39:15,Clic recomendación,App,Recomendados
I006762,U01395,C0351,2025-06-13 09:59:20,Clic recomendación,App,Inicio
I006763,U01395,C0381,2025-06-12 04:46:16,Clic recomendación,App,Inicio
I006764,U01395,C0383,2025-09-11 20:01:05,Clic recomendación,App,Recomendados
I006765,U01395,C0065,2025-06-01 21:21:56,Agregar a mi lista,App,Continuar viendo
I006766,U01395,C0363,2025-06-26 19:55:25,Clic recomendación,App,Inicio
I006767,U01395,C0087,2025-04-28 15:17:41,Agregar a mi lista,App,Inicio
I006768,U01491,C0358,2025-01-03 19:01:42,Descarga,Web,Búsqueda
I006769,U01491,C0215,2025-02-03 13:24:10,Clic recomendación,Web,Recomendados
I006770,U00303,C0411,2025-06-08 05:44:20,Me gusta,App,Recomendados
I006771,U00303,C0116,2025-07-18 11:23:31,Agregar a mi lista,App,Recomendados
I006772,U01128,C0175,2025-10-30 15:39:02,Clic recomendación,App,Recomendados
I006773,U01128,C0039,2025-11-10 22:20:01,Descarga,App,Búsqueda
I006774,U01128,C0014,2025-11-17 23:27:59,Clic recomendación,App,Recomendados
I006775,U01128,C0211,2025-11-18 14:10:52,Agregar a mi lista,App,Búsqueda
I006776,U00604,C0135,2025-01-28 07:05:51,Quitar de mi lista,App,Recomendados
I006777,U00604,C0275,2025-12-18 21:13:33,Agregar a mi lista,App,Búsqueda
I006778,U00604,C0234,2025-04-07 23:03:48,Agregar a mi lista,App,Inicio
I006779,U00604,C0223,2025-02-06 16:29:12,Agregar a mi lista,Web,Continuar viendo
I006780,U00175,C0226,2025-10-07 13:48:43,Clic recomendación,App,Recomendados
I006781,U00175,C0294,2025-07-20 20:26:18,Me gusta,App,Recomendados
I006782,U00900,C0115,2025-02-15 23:29:52,Clic recomendación,App,Tendencias
I006783,U00900,C0251,2025-02-08 22:21:25,Clic recomendación,App,Recomendados
I006784,U00900,C0186,2025-01-25 18:48:09,Me gusta,App,Búsqueda
I006785,U00900,C0371,2025-01-08 22:54:22,Clic recomendación,App,Inicio
I006786,U00900,C0080,2025-02-12 22:54:25,Clic recomendación,App,Recomendados
I006787,U00900,C0311,2025-01-06 20:13:44,Me gusta,App,Búsqueda
I006788,U00900,C0280,2025-01-07 02:25:53,Descarga,App,Inicio
I006789,U00900,C0296,2025-01-26 02:53:05,Clic recomendación,App,Inicio
I006790,U00145,C0210,2025-12-19 17:28:23,Me gusta,Web,Continuar viendo
I006791,U00145,C0289,2025-09-27 16:55:42,Clic recomendación,Web,Recomendados
I006792,U00145,C0163,2025-09-30 08:42:12,Me gusta,Web,Recomendados
I006793,U00145,C0368,2025-09-09 21:45:19,Me gusta,Web,Inicio
I006794,U00145,C0414,2025-12-23 21:23:04,No me gusta,Web,Continuar viendo
I006795,U00145,C0419,2025-07-25 21:56:42,Quitar de mi lista,Web,Recomendados
I006796,U00145,C0150,2025-08-05 08:11:50,Agregar a mi lista,Web,Inicio
I006797,U00145,C0405,2025-09-12 11:51:07,Clic recomendación,Web,Recomendados
I006798,U00435,C0298,2025-12-02 22:19:00,Me gusta,App,Tendencias
I006799,U00435,C0181,2025-10-19 11:38:12,Me gusta,App,Búsqueda
I006800,U00435,C0212,2025-09-18 19:23:54,Clic recomendación,App,Inicio
I006801,U00435,C0391,2025-07-31 21:41:54,Quitar de mi lista,App,Inicio
I006802,U00435,C0403,2025-05-06 19:17:39,Clic recomendación,App,Recomendados
I006803,U00435,C0209,2025-10-09 22:27:48,Agregar a mi lista,App,Inicio
I006804,U00435,C0364,2025-10-19 15:53:11,Quitar de mi lista,App,Búsqueda
I006805,U00435,C0224,2025-08-13 19:01:58,Compartir,App,Recomendados
I006806,U00435,C0018,2025-03-03 04:05:07,Agregar a mi lista,App,Búsqueda
I006807,U00435,C0187,2025-01-24 17:13:02,Clic recomendación,App,Tendencias
I006808,U00999,C0021,2025-03-18 12:11:56,Clic recomendación,App,Inicio
I006809,U00242,C0274,2025-02-05 09:13:41,Clic recomendación,App,Tendencias
I006810,U00242,C0092,2025-07-23 00:37:09,Descarga,Web,Tendencias
I006811,U00242,C0061,2025-06-29 23:53:13,Clic recomendación,Web,Tendencias
I006812,U00242,C0241,2025-02-19 09:33:25,Me gusta,App,Inicio
I006813,U00242,C0330,2025-06-01 20:53:16,Me gusta,App,Recomendados
I006814,U00242,C0008,2025-03-16 16:06:40,Agregar a mi lista,App,Búsqueda
I006815,U01344,C0158,2025-01-11 21:51:13,Agregar a mi lista,App,Recomendados
I006816,U01344,C0108,2025-04-10 20:39:31,Agregar a mi lista,App,Inicio
I006817,U01344,C0358,2025-01-19 22:51:16,Compartir,App,Búsqueda
I006818,U01344,C0073,2025-05-24 00:05:07,Agregar a mi lista,App,Tendencias
I006819,U01344,C0082,2025-01-25 15:43:09,Clic recomendación,App,Recomendados
I006820,U01344,C0263,2025-01-14 20:16:24,Me gusta,App,Tendencias
I006821,U01344,C0374,2025-03-08 09:35:08,No me gusta,App,Recomendados
I006822,U01344,C0321,2025-05-13 23:33:38,Agregar a mi lista,App,Tendencias
I006823,U00651,C0098,2025-10-16 20:49:06,Agregar a mi lista,Web,Búsqueda
I006824,U00651,C0040,2025-11-16 10:14:39,Clic recomendación,Web,Recomendados
I006825,U00651,C0408,2025-05-23 19:33:58,Me gusta,Web,Recomendados
I006826,U00651,C0140,2025-01-27 20:47:06,Agregar a mi lista,Web,Recomendados
I006827,U00651,C0051,2025-09-20 20:21:33,Clic recomendación,Web,Recomendados
I006828,U00651,C0034,2025-12-21 13:02:31,Me gusta,Web,Continuar viendo
I006829,U00651,C0035,2025-10-27 22:14:14,Me gusta,Web,Búsqueda
I006830,U00651,C0138,2025-06-17 07:36:20,Clic recomendación,Web,Inicio
I006831,U00651,C0266,2025-06-28 23:51:41,Agregar a mi lista,Web,Tendencias
I006832,U00651,C0386,2025-02-16 18:55:31,Clic recomendación,Web,Recomendados
I006833,U00924,C0393,2025-12-05 08:50:31,Agregar a mi lista,Web,Inicio
I006834,U00924,C0076,2025-12-07 13:33:17,No me gusta,Web,Búsqueda
I006835,U00924,C0142,2025-11-01 21:55:39,Clic recomendación,Web,Recomendados
I006836,U00924,C0067,2025-11-24 22:39:02,Me gusta,Web,Recomendados
I006837,U00924,C0218,2025-11-21 09:08:50,Agregar a mi lista,Web,Búsqueda
I006838,U00210,C0321,2025-03-13 13:40:01,Descarga,App,Continuar viendo
I006839,U00210,C0371,2025-03-27 19:12:38,Me gusta,App,Inicio
I006840,U00210,C0300,2025-04-17 02:26:49,Clic recomendación,App,Recomendados
I006841,U00210,C0254,2025-06-01 23:51:35,Me gusta,App,Inicio
I006842,U00210,C0217,2025-01-23 13:39:59,Clic recomendación,App,Recomendados
I006843,U00937,C0235,2025-11-13 22:58:46,Me gusta,Web,Recomendados
I006844,U00937,C0001,2025-09-28 13:09:09,Clic recomendación,App,Recomendados
I006845,U00937,C0409,2025-11-21 01:23:31,No me gusta,Web,Búsqueda
I006846,U00937,C0211,2025-10-19 23:42:41,Compartir,Web,Recomendados
I006847,U00937,C0286,2025-11-04 20:49:01,Descarga,Web,Tendencias
I006848,U00937,C0383,2025-12-07 18:46:49,Quitar de mi lista,App,Tendencias
I006849,U00638,C0111,2025-06-19 20:40:34,Agregar a mi lista,App,Búsqueda
I006850,U00638,C0328,2025-03-28 21:32:38,Clic recomendación,App,Recomendados
I006851,U00638,C0026,2025-08-09 19:39:45,Me gusta,App,Tendencias
I006852,U00638,C0148,2025-07-13 17:15:55,Clic recomendación,App,Tendencias
I006853,U00638,C0315,2025-10-25 21:03:57,Compartir,App,Recomendados
I006854,U00599,C0311,2025-03-24 10:18:29,Agregar a mi lista,App,Continuar viendo
I006855,U00599,C0003,2025-04-24 12:35:22,Clic recomendación,App,Recomendados
I006856,U00599,C0278,2025-05-24 18:28:57,Me gusta,App,Recomendados
I006857,U00599,C0326,2025-03-20 00:56:48,Clic recomendación,App,Recomendados
I006858,U00071,C0015,2025-07-17 21:05:29,Me gusta,App,Búsqueda
I006859,U00071,C0092,2025-02-27 17:20:01,Clic recomendación,App,Recomendados
I006860,U00071,C0399,2025-04-27 10:29:18,Clic recomendación,App,Recomendados
I006861,U00071,C0043,2025-02-27 05:36:09,Clic recomendación,App,Recomendados
I006862,U00843,C0048,2025-01-19 01:05:23,Compartir,App,Continuar viendo
I006863,U00843,C0142,2025-01-26 20:50:33,Me gusta,App,Tendencias
I006864,U00640,C0402,2025-09-28 07:41:11,Quitar de mi lista,Web,Búsqueda
I006865,U00640,C0261,2025-06-27 19:12:06,Agregar a mi lista,Web,Tendencias
I006866,U00327,C0060,2025-01-25 13:21:33,Me gusta,App,Inicio
I006867,U00327,C0048,2025-01-03 17:49:10,Agregar a mi lista,App,Recomendados
I006868,U00327,C0167,2025-01-22 22:47:19,Clic recomendación,Web,Recomendados
I006869,U00327,C0245,2025-01-11 20:17:21,Me gusta,App,Búsqueda
I006870,U00327,C0351,2025-01-09 22:20:00,Me gusta,Web,Búsqueda
I006871,U01190,C0409,2025-07-03 21:30:33,Clic recomendación,Web,Recomendados
I006872,U01190,C0191,2025-06-04 12:44:59,Compartir,Web,Tendencias
I006873,U01190,C0360,2025-06-10 12:33:06,Compartir,Web,Recomendados
I006874,U01190,C0273,2025-04-15 15:52:27,Descarga,Web,Búsqueda
I006875,U00794,C0353,2025-09-14 22:05:30,Descarga,App,Recomendados
I006876,U00794,C0182,2025-09-15 20:50:23,Agregar a mi lista,App,Continuar viendo
I006877,U00292,C0394,2025-06-09 14:48:07,Me gusta,App,Continuar viendo
I006878,U00856,C0409,2025-01-06 13:49:10,Me gusta,Web,Continuar viendo
I006879,U00856,C0004,2025-04-03 17:12:57,Me gusta,Web,Búsqueda
I006880,U00856,C0103,2025-08-07 19:10:06,Me gusta,App,Continuar viendo
I006881,U00835,C0324,2025-10-11 19:04:33,Me gusta,App,Recomendados
I006882,U00835,C0267,2025-10-24 22:40:09,Descarga,App,Tendencias
I006883,U00835,C0225,2025-10-24 19:36:20,Clic recomendación,App,Recomendados
I006884,U00120,C0059,2025-08-05 12:31:43,Clic recomendación,App,Inicio
I006885,U00948,C0129,2025-12-22 16:22:46,Compartir,Web,Inicio
I006886,U01386,C0359,2025-03-13 08:02:39,No me gusta,App,Recomendados
I006887,U01386,C0291,2025-08-21 18:35:19,Clic recomendación,App,Recomendados
I006888,U00305,C0198,2025-08-01 09:09:16,Me gusta,App,Recomendados
I006889,U00305,C0077,2025-11-03 13:53:06,Agregar a mi lista,Web,Inicio
I006890,U00305,C0140,2025-11-15 19:58:42,Agregar a mi lista,App,Recomendados
I006891,U00305,C0326,2025-10-17 12:27:22,No me gusta,Web,Búsqueda
I006892,U01463,C0068,2025-09-11 19:38:51,Descarga,App,Recomendados
I006893,U01463,C0286,2025-11-03 14:41:31,Agregar a mi lista,Web,Inicio
I006894,U01463,C0237,2025-09-11 11:18:50,Me gusta,App,Tendencias
I006895,U01463,C0045,2025-10-23 15:31:57,Clic recomendación,App,Recomendados
I006896,U00404,C0174,2025-06-05 12:20:41,Compartir,App,Recomendados
I006897,U00404,C0091,2025-04-02 14:41:35,Compartir,Web,Continuar viendo
I006898,U00683,C0412,2025-11-28 09:53:09,Clic recomendación,App,Recomendados
I006899,U00683,C0132,2025-12-23 22:26:45,Me gusta,App,Continuar viendo
I006900,U00683,C0114,2025-12-26 19:50:49,Compartir,App,Inicio
I006901,U00683,C0046,2025-11-25 00:43:47,Clic recomendación,App,Inicio
I006902,U00278,C0176,2025-12-16 19:34:21,Descarga,Web,Inicio
I006903,U00278,C0389,2025-01-30 12:57:46,Quitar de mi lista,Web,Continuar viendo
I006904,U00278,C0276,2025-06-03 22:09:42,Me gusta,App,Búsqueda
I006905,U00278,C0302,2025-08-22 21:02:54,Agregar a mi lista,Web,Tendencias
I006906,U00278,C0413,2025-04-11 14:08:42,Clic recomendación,App,Recomendados
I006907,U00278,C0196,2025-06-14 18:06:02,Agregar a mi lista,App,Búsqueda
I006908,U00847,C0225,2025-04-29 01:41:10,Clic recomendación,App,Recomendados
I006909,U00847,C0252,2025-04-12 09:48:59,Agregar a mi lista,App,Continuar viendo
I006910,U00847,C0303,2025-12-11 07:39:37,Me gusta,App,Inicio
I006911,U00847,C0364,2025-11-24 00:15:19,Descarga,App,Inicio
I006912,U00847,C0009,2025-12-28 23:57:52,Compartir,App,Recomendados
I006913,U00847,C0213,2025-07-01 13:14:16,Descarga,App,Recomendados
I006914,U01265,C0032,2025-11-12 10:25:47,Compartir,Web,Continuar viendo
I006915,U01265,C0160,2025-10-09 09:46:20,Agregar a mi lista,Web,Recomendados
I006916,U01265,C0231,2025-05-14 20:21:04,Clic recomendación,App,Recomendados
I006917,U01265,C0243,2025-05-10 12:38:09,Me gusta,App,Recomendados
I006918,U01265,C0240,2025-07-16 22:41:31,No me gusta,Web,Continuar viendo
I006919,U01265,C0239,2025-05-26 20:40:09,Clic recomendación,App,Recomendados
I006920,U00559,C0349,2025-12-22 07:43:30,Me gusta,App,Tendencias
I006921,U00559,C0005,2025-07-24 10:19:02,Compartir,App,Recomendados
I006922,U00559,C0212,2025-04-23 22:50:19,Agregar a mi lista,App,Recomendados
I006923,U00559,C0243,2025-11-15 17:12:21,Agregar a mi lista,App,Continuar viendo
I006924,U00559,C0016,2025-11-08 00:19:40,No me gusta,App,Continuar viendo
I006925,U00559,C0179,2025-11-03 19:25:47,Descarga,App,Búsqueda
I006926,U00559,C0017,2025-06-25 17:06:25,Me gusta,App,Tendencias
I006927,U00559,C0235,2025-07-27 22:28:31,Clic recomendación,App,Tendencias
I006928,U00559,C0040,2025-04-07 01:43:39,Compartir,App,Tendencias
I006929,U00559,C0046,2025-12-11 21:01:29,Agregar a mi lista,App,Búsqueda
I006930,U00559,C0049,2025-07-18 18:48:35,Compartir,App,Continuar viendo
I006931,U00271,C0246,2025-04-04 23:49:10,No me gusta,App,Inicio
I006932,U00271,C0015,2025-03-17 17:21:58,Clic recomendación,App,Recomendados
I006933,U00271,C0075,2025-03-11 12:33:16,Me gusta,App,Inicio
I006934,U00271,C0237,2025-03-10 20:13:22,Clic recomendación,App,Recomendados
I006935,U00110,C0380,2025-07-01 00:00:05,Agregar a mi lista,App,Tendencias
I006936,U00110,C0326,2025-05-30 22:35:40,Compartir,App,Recomendados
I006937,U00110,C0373,2025-04-30 03:43:05,Agregar a mi lista,App,Tendencias
I006938,U00110,C0078,2025-05-16 10:22:46,Clic recomendación,App,Recomendados
I006939,U00707,C0311,2025-07-25 13:52:04,Me gusta,App,Continuar viendo
I006940,U00707,C0221,2025-08-24 23:49:37,Descarga,Web,Tendencias
I006941,U00707,C0244,2025-07-08 15:07:49,Clic recomendación,App,Recomendados
I006942,U00707,C0351,2025-07-14 22:59:39,Me gusta,Web,Recomendados
I006943,U00707,C0021,2025-08-07 17:51:54,No me gusta,Web,Recomendados
I006944,U00707,C0144,2025-09-02 08:46:21,Clic recomendación,App,Recomendados
I006945,U00946,C0010,2025-04-26 20:10:59,Quitar de mi lista,Web,Inicio
I006946,U00946,C0325,2025-07-20 19:22:31,Descarga,Web,Recomendados
I006947,U00946,C0036,2025-10-20 14:51:48,Me gusta,Web,Búsqueda
I006948,U00615,C0418,2025-07-24 10:56:47,Descarga,App,Tendencias
I006949,U00615,C0242,2025-11-24 19:47:39,Clic recomendación,App,Tendencias
I006950,U00615,C0059,2025-09-03 23:46:37,Clic recomendación,App,Recomendados
I006951,U00615,C0383,2025-06-04 20:27:47,Compartir,App,Recomendados
I006952,U00615,C0143,2025-11-04 00:54:51,Me gusta,App,Continuar viendo
I006953,U00615,C0111,2025-08-31 18:36:43,Compartir,App,Recomendados
I006954,U00615,C0134,2025-10-03 17:30:16,Agregar a mi lista,App,Inicio
I006955,U00615,C0221,2025-07-01 21:22:41,Descarga,App,Inicio
I006956,U00634,C0091,2025-12-21 07:59:07,Clic recomendación,Web,Recomendados
I006957,U00634,C0153,2025-11-04 17:01:26,Quitar de mi lista,Web,Continuar viendo
I006958,U01235,C0356,2025-11-21 20:46:51,Agregar a mi lista,App,Inicio
I006959,U01235,C0047,2025-11-28 02:32:01,Agregar a mi lista,App,Recomendados
I006960,U01235,C0317,2025-12-22 18:00:49,Compartir,App,Inicio
I006961,U01235,C0274,2025-12-14 20:31:18,Agregar a mi lista,App,Inicio
I006962,U01235,C0020,2025-12-09 22:01:59,Agregar a mi lista,App,Inicio
I006963,U01235,C0260,2025-11-15 22:46:51,Me gusta,App,Inicio
I006964,U01439,C0382,2025-05-25 15:18:11,Agregar a mi lista,App,Inicio
I006965,U01439,C0405,2025-10-02 18:31:13,Descarga,App,Búsqueda
I006966,U01439,C0200,2025-06-06 17:25:23,Quitar de mi lista,App,Recomendados
I006967,U01439,C0216,2025-05-18 18:40:24,Clic recomendación,App,Tendencias
I006968,U00804,C0084,2025-02-11 00:03:45,Me gusta,App,Recomendados
I006969,U00804,C0366,2025-10-24 15:43:21,Me gusta,App,Tendencias
I006970,U00804,C0107,2025-08-25 21:19:00,Me gusta,App,Búsqueda
I006971,U00804,C0347,2025-01-06 23:43:19,Quitar de mi lista,App,Continuar viendo
I006972,U00804,C0306,2025-05-12 08:42:31,No me gusta,App,Búsqueda
I006973,U00804,C0061,2025-06-23 22:32:43,Clic recomendación,App,Recomendados
I006974,U00804,C0122,2025-08-18 18:44:40,Agregar a mi lista,App,Continuar viendo
I006975,U00804,C0114,2025-01-05 00:28:56,Clic recomendación,App,Inicio
I006976,U00804,C0045,2025-11-30 10:34:43,Clic recomendación,App,Inicio
I006977,U00804,C0225,2025-01-31 15:10:45,Descarga,App,Recomendados
I006978,U00402,C0216,2025-11-14 18:24:22,Clic recomendación,App,Recomendados
I006979,U00402,C0419,2025-11-26 10:53:53,Me gusta,App,Tendencias
I006980,U00402,C0136,2025-10-27 10:41:49,Agregar a mi lista,App,Tendencias
I006981,U00402,C0207,2025-12-09 23:25:58,Clic recomendación,App,Tendencias
I006982,U00402,C0039,2025-12-23 23:15:15,Me gusta,App,Continuar viendo
I006983,U00402,C0416,2025-11-26 22:19:23,Clic recomendación,App,Recomendados
I006984,U01264,C0328,2025-10-11 20:04:41,Clic recomendación,Web,Inicio
I006985,U01264,C0391,2025-12-12 19:19:42,Me gusta,App,Continuar viendo
I006986,U01264,C0116,2025-06-05 19:44:38,Clic recomendación,App,Recomendados
I006987,U01264,C0366,2025-09-27 18:59:37,Agregar a mi lista,App,Búsqueda
I006988,U01264,C0150,2025-06-02 10:06:09,Agregar a mi lista,App,Recomendados
I006989,U01264,C0274,2025-06-19 13:29:06,Me gusta,Web,Inicio
I006990,U00944,C0003,2025-04-15 15:13:40,Compartir,App,Continuar viendo
I006991,U00944,C0345,2025-03-21 17:33:56,Clic recomendación,App,Recomendados
I006992,U00944,C0299,2025-05-25 16:21:04,No me gusta,App,Inicio
I006993,U00944,C0091,2025-01-08 11:44:20,Quitar de mi lista,App,Búsqueda
I006994,U00944,C0342,2025-05-18 19:05:04,Agregar a mi lista,App,Tendencias
I006995,U00944,C0289,2025-06-14 00:10:47,Me gusta,App,Inicio
I006996,U01053,C0246,2025-12-24 11:27:52,Clic recomendación,App,Recomendados
I006997,U01053,C0281,2025-09-26 22:10:25,Agregar a mi lista,App,Continuar viendo
I006998,U01053,C0134,2025-10-15 22:04:33,Me gusta,Web,Recomendados
I006999,U01053,C0392,2025-12-23 21:14:33,Me gusta,Web,Recomendados
I007000,U01053,C0030,2025-11-23 22:12:48,Clic recomendación,Web,Recomendados
I007001,U01053,C0293,2025-11-02 08:20:42,Agregar a mi lista,App,Búsqueda
I007002,U00658,C0394,2025-06-26 20:32:27,Me gusta,App,Tendencias
I007003,U00658,C0028,2025-01-28 08:51:44,Me gusta,App,Recomendados
I007004,U00658,C0343,2025-07-20 20:34:34,Compartir,App,Búsqueda
I007005,U00658,C0105,2025-02-16 10:28:25,Agregar a mi lista,App,Recomendados
I007006,U00658,C0319,2025-02-25 13:55:13,Me gusta,App,Inicio
I007007,U01388,C0413,2025-06-17 22:26:15,Agregar a mi lista,App,Tendencias
I007008,U01388,C0113,2025-12-14 18:06:01,Clic recomendación,App,Recomendados
I007009,U01207,C0175,2025-08-27 18:18:17,Agregar a mi lista,Web,Recomendados
I007010,U01207,C0341,2025-08-29 11:16:54,Descarga,App,Tendencias
I007011,U01207,C0090,2025-07-19 18:49:32,Clic recomendación,App,Recomendados
I007012,U01207,C0055,2025-03-16 21:30:50,Me gusta,Web,Continuar viendo
I007013,U01207,C0376,2025-07-06 00:33:51,Clic recomendación,Web,Recomendados
I007014,U00269,C0124,2025-10-01 19:39:16,Agregar a mi lista,Web,Inicio
I007015,U00269,C0036,2025-01-26 22:43:26,Me gusta,Web,Continuar viendo
I007016,U00269,C0194,2025-04-10 10:57:14,Agregar a mi lista,Web,Inicio
I007017,U00269,C0265,2025-07-05 16:00:25,Clic recomendación,Web,Tendencias
I007018,U00269,C0140,2025-02-05 23:34:58,Clic recomendación,Web,Recomendados
I007019,U00269,C0299,2025-01-16 00:14:02,Agregar a mi lista,Web,Inicio
I007020,U00269,C0385,2025-05-18 20:53:35,Me gusta,Web,Inicio
I007021,U00269,C0052,2025-10-03 20:00:31,Clic recomendación,Web,Inicio
I007022,U00269,C0118,2025-04-17 15:24:23,Agregar a mi lista,Web,Recomendados
I007023,U00269,C0277,2025-05-18 22:37:54,Agregar a mi lista,Web,Búsqueda
I007024,U00997,C0184,2025-11-18 21:08:48,Clic recomendación,App,Tendencias
I007025,U00545,C0328,2025-10-06 17:30:14,Clic recomendación,App,Inicio
I007026,U00545,C0082,2025-09-10 23:03:09,Compartir,App,Búsqueda
I007027,U00545,C0417,2025-07-03 13:44:45,Compartir,App,Tendencias
I007028,U00545,C0080,2025-12-31 23:59:59,Clic recomendación,App,Inicio
I007029,U01426,C0324,2025-11-22 23:38:37,Compartir,App,Búsqueda
I007030,U01426,C0171,2025-12-09 23:12:36,Clic recomendación,App,Inicio
I007031,U01426,C0389,2025-12-20 20:15:43,Clic recomendación,App,Recomendados
I007032,U01426,C0270,2025-12-20 01:35:46,Descarga,App,Recomendados
I007033,U01092,C0167,2025-05-05 23:13:55,Agregar a mi lista,App,Continuar viendo
I007034,U01092,C0193,2025-03-10 23:15:07,Clic recomendación,App,Inicio
I007035,U01092,C0140,2025-03-24 06:47:56,Me gusta,App,Continuar viendo
I007036,U00962,C0299,2025-11-20 16:49:04,Descarga,App,Tendencias
I007037,U00962,C0070,2025-09-20 23:16:20,Quitar de mi lista,App,Continuar viendo
I007038,U00962,C0194,2025-11-22 13:52:36,Agregar a mi lista,App,Continuar viendo
I007039,U00962,C0340,2025-08-31 12:45:47,Quitar de mi lista,App,Continuar viendo
I007040,U01131,C0023,2025-10-02 18:36:55,Agregar a mi lista,App,Búsqueda
I007041,U01381,C0030,2025-04-07 01:05:15,Me gusta,App,Búsqueda
I007042,U01381,C0266,2025-02-17 13:12:50,Clic recomendación,App,Recomendados
I007043,U00801,C0215,2025-03-29 08:18:23,Me gusta,App,Búsqueda
I007044,U00801,C0199,2025-11-21 17:06:15,Agregar a mi lista,App,Continuar viendo
I007045,U00801,C0218,2025-09-08 19:07:39,Clic recomendación,App,Inicio
I007046,U00801,C0042,2025-02-22 22:47:58,Clic recomendación,App,Inicio
I007047,U00801,C0042,2025-09-27 23:07:37,Clic recomendación,App,Inicio
I007048,U00801,C0101,2025-01-09 18:21:55,Agregar a mi lista,App,Búsqueda
I007049,U00801,C0154,2025-11-09 15:26:35,Clic recomendación,App,Inicio
I007050,U00801,C0317,2025-12-12 17:14:18,Clic recomendación,App,Inicio
I007051,U00502,C0418,2025-12-09 19:36:35,Clic recomendación,App,Inicio
I007052,U00502,C0124,2025-11-05 12:51:50,Clic recomendación,Web,Recomendados
I007053,U01280,C0266,2025-07-13 12:20:07,Clic recomendación,App,Recomendados
I007054,U01280,C0033,2025-02-03 21:06:33,Agregar a mi lista,App,Recomendados
I007055,U01280,C0226,2025-03-25 22:40:20,Agregar a mi lista,App,Búsqueda
I007056,U01280,C0030,2025-10-21 19:48:22,Agregar a mi lista,App,Inicio
I007057,U01280,C0332,2025-04-29 03:37:57,Clic recomendación,App,Recomendados
I007058,U01280,C0235,2025-02-12 00:11:14,Agregar a mi lista,App,Inicio
I007059,U01280,C0267,2025-10-25 21:54:46,Me gusta,App,Búsqueda
I007060,U01280,C0139,2025-04-06 20:38:18,Descarga,App,Recomendados
I007061,U01177,C0338,2025-04-18 20:34:33,Agregar a mi lista,App,Recomendados
I007062,U01177,C0329,2025-01-04 00:21:13,Clic recomendación,App,Recomendados
I007063,U01177,C0055,2025-05-14 19:38:33,Compartir,App,Recomendados
I007064,U01177,C0159,2025-04-03 14:40:52,Clic recomendación,App,Inicio
I007065,U01181,C0150,2025-10-11 17:51:14,Agregar a mi lista,App,Continuar viendo
I007066,U01181,C0384,2025-09-12 13:56:29,Clic recomendación,App,Recomendados
I007067,U01432,C0249,2025-10-15 19:23:38,Agregar a mi lista,App,Búsqueda
I007068,U01432,C0069,2025-08-08 00:27:39,Compartir,App,Recomendados
I007069,U01432,C0149,2025-10-14 22:37:10,Me gusta,App,Inicio
I007070,U01432,C0140,2025-10-30 18:44:33,Compartir,App,Continuar viendo
I007071,U01432,C0066,2025-09-30 20:41:57,Agregar a mi lista,App,Continuar viendo
I007072,U01432,C0324,2025-09-19 00:25:47,Quitar de mi lista,App,Continuar viendo
I007073,U01432,C0172,2025-11-10 00:08:47,Compartir,App,Continuar viendo
I007074,U01432,C0387,2025-10-10 18:47:32,Compartir,App,Inicio
I007075,U00275,C0198,2025-09-13 21:53:36,Clic recomendación,App,Recomendados
I007076,U00275,C0062,2025-03-21 19:43:41,Me gusta,App,Continuar viendo
I007077,U00275,C0406,2025-06-06 18:23:55,Clic recomendación,App,Recomendados
I007078,U00275,C0320,2025-08-09 05:51:40,Agregar a mi lista,App,Recomendados
I007079,U00275,C0192,2025-09-08 10:14:37,Compartir,App,Recomendados
I007080,U00275,C0111,2025-07-31 23:13:41,Me gusta,App,Inicio
I007081,U01076,C0196,2025-11-25 20:50:26,Agregar a mi lista,App,Búsqueda
I007082,U01076,C0012,2025-09-06 23:00:15,Agregar a mi lista,Web,Búsqueda
I007083,U01076,C0352,2025-04-30 21:20:24,Agregar a mi lista,App,Recomendados
I007084,U00063,C0084,2025-12-12 10:42:30,Agregar a mi lista,App,Recomendados
I007085,U00063,C0223,2025-10-15 21:42:00,Agregar a mi lista,App,Búsqueda
I007086,U01477,C0055,2025-01-11 13:58:10,Clic recomendación,App,Inicio
I007087,U01477,C0086,2025-01-12 20:34:26,No me gusta,Web,Continuar viendo
I007088,U01477,C0340,2025-01-12 21:07:48,Me gusta,App,Continuar viendo
I007089,U01477,C0296,2025-01-17 16:58:09,No me gusta,App,Recomendados
I007090,U01477,C0334,2025-01-08 08:18:50,No me gusta,App,Tendencias
I007091,U01477,C0147,2025-01-14 21:52:19,Me gusta,App,Búsqueda
I007092,U01477,C0115,2025-01-09 00:27:38,Agregar a mi lista,Web,Recomendados
I007093,U01477,C0257,2025-01-17 20:04:46,Agregar a mi lista,App,Recomendados
I007094,U01477,C0382,2025-01-11 17:32:46,Agregar a mi lista,App,Recomendados
I007095,U01477,C0294,2025-01-17 22:36:58,Compartir,App,Recomendados
I007096,U00296,C0128,2025-12-08 01:05:09,Me gusta,Web,Recomendados
I007097,U00296,C0050,2025-12-24 11:37:04,Me gusta,Web,Inicio
I007098,U00296,C0269,2025-09-03 19:39:18,Me gusta,App,Inicio
I007099,U00296,C0001,2025-12-05 00:52:02,Compartir,Web,Búsqueda
I007100,U00296,C0115,2025-11-09 22:37:32,Clic recomendación,App,Recomendados
I007101,U00850,C0157,2025-12-04 16:00:01,Agregar a mi lista,App,Búsqueda
I007102,U00850,C0032,2025-02-15 00:58:32,Clic recomendación,App,Recomendados
I007103,U00850,C0226,2025-07-23 22:27:21,Me gusta,App,Tendencias
I007104,U00850,C0267,2025-01-08 16:31:19,Compartir,App,Inicio
I007105,U00850,C0151,2025-12-01 13:34:27,Clic recomendación,App,Recomendados
I007106,U00504,C0263,2025-12-28 19:53:18,No me gusta,Web,Búsqueda
I007107,U00504,C0274,2025-02-12 21:45:42,Agregar a mi lista,Web,Inicio
I007108,U00504,C0411,2025-02-24 19:32:37,No me gusta,App,Recomendados
I007109,U00504,C0261,2025-07-11 01:13:19,Agregar a mi lista,Web,Recomendados
I007110,U00504,C0042,2025-12-21 23:40:11,Me gusta,App,Búsqueda
I007111,U00504,C0052,2025-05-19 19:41:16,Me gusta,Web,Recomendados
I007112,U00613,C0227,2025-12-15 21:34:15,Me gusta,App,Búsqueda
I007113,U00613,C0186,2025-07-01 18:28:25,Agregar a mi lista,App,Recomendados
I007114,U00613,C0043,2025-07-11 21:16:04,Quitar de mi lista,App,Recomendados
I007115,U00759,C0240,2025-09-28 17:53:01,Compartir,App,Tendencias
I007116,U00759,C0196,2025-08-04 13:23:00,Quitar de mi lista,App,Búsqueda
I007117,U00759,C0313,2025-12-03 14:08:40,Me gusta,App,Recomendados
I007118,U00759,C0212,2025-08-12 18:58:59,Clic recomendación,App,Recomendados
I007119,U00759,C0360,2025-08-29 21:06:59,Agregar a mi lista,App,Continuar viendo
I007120,U00759,C0307,2025-10-11 23:24:46,Me gusta,App,Inicio
I007121,U00393,C0025,2025-01-23 14:46:01,Me gusta,App,Inicio
I007122,U00393,C0236,2025-02-16 00:19:39,Compartir,App,Tendencias
I007123,U00060,C0241,2025-07-12 16:09:23,Me gusta,App,Recomendados
I007124,U00060,C0266,2025-05-26 20:26:24,Descarga,Web,Búsqueda
I007125,U00060,C0131,2025-11-11 10:19:41,No me gusta,Web,Inicio
I007126,U00060,C0033,2025-08-14 22:09:02,Agregar a mi lista,App,Inicio
I007127,U00060,C0208,2025-12-12 16:14:03,Clic recomendación,App,Recomendados
I007128,U00329,C0231,2025-10-28 00:41:39,Clic recomendación,Web,Recomendados
I007129,U00329,C0419,2025-04-22 21:38:39,Compartir,Web,Tendencias
I007130,U00329,C0099,2025-02-13 22:14:26,Me gusta,Web,Tendencias
I007131,U00921,C0126,2025-01-16 12:50:42,Clic recomendación,App,Recomendados
I007132,U00921,C0133,2025-01-07 19:32:22,Clic recomendación,Web,Inicio
I007133,U00921,C0198,2025-05-20 18:44:47,Agregar a mi lista,Web,Inicio
I007134,U00921,C0410,2025-03-01 10:17:03,Me gusta,App,Inicio
I007135,U01116,C0241,2025-04-09 22:39:56,Clic recomendación,App,Tendencias
I007136,U01116,C0329,2025-06-02 00:06:38,Me gusta,App,Continuar viendo
I007137,U01116,C0119,2025-08-02 23:01:38,Agregar a mi lista,App,Recomendados
I007138,U01116,C0353,2025-02-27 22:41:36,Compartir,App,Tendencias
I007139,U01116,C0101,2025-07-08 21:09:20,No me gusta,App,Recomendados
I007140,U01116,C0223,2025-11-26 19:59:31,Agregar a mi lista,App,Recomendados
I007141,U01116,C0128,2025-02-05 09:44:16,Quitar de mi lista,App,Recomendados
I007142,U01116,C0154,2025-08-22 10:39:13,Clic recomendación,App,Inicio
I007143,U01212,C0221,2025-12-16 08:47:11,Clic recomendación,App,Recomendados
I007144,U01212,C0383,2025-10-01 18:55:28,Compartir,Web,Tendencias
I007145,U01470,C0279,2025-02-18 08:24:14,Clic recomendación,App,Recomendados
I007146,U01470,C0410,2025-04-18 12:36:43,Descarga,App,Inicio
I007147,U01470,C0352,2025-06-15 06:19:19,Me gusta,App,Continuar viendo
I007148,U00335,C0318,2025-10-17 18:23:46,Clic recomendación,App,Recomendados
I007149,U00335,C0300,2025-11-21 22:35:46,Clic recomendación,App,Recomendados
I007150,U00335,C0342,2025-09-06 15:29:09,Clic recomendación,App,Recomendados
I007151,U01469,C0271,2025-04-02 15:23:28,Agregar a mi lista,App,Recomendados
I007152,U01469,C0049,2025-11-26 16:08:06,Me gusta,Web,Continuar viendo
I007153,U01469,C0363,2025-06-23 09:39:58,Me gusta,App,Continuar viendo
I007154,U01469,C0358,2025-08-09 15:25:00,Me gusta,App,Recomendados
I007155,U01469,C0248,2025-11-24 13:03:24,Clic recomendación,Web,Tendencias
I007156,U00969,C0040,2025-05-01 15:09:20,Clic recomendación,App,Recomendados
I007157,U00969,C0199,2025-05-30 18:05:35,Compartir,App,Recomendados
I007158,U00969,C0359,2025-05-31 19:13:37,Agregar a mi lista,Web,Inicio
I007159,U00969,C0056,2025-02-20 21:58:19,Agregar a mi lista,App,Tendencias
I007160,U01215,C0306,2025-07-13 17:45:41,Descarga,App,Recomendados
I007161,U01215,C0081,2025-04-28 18:49:38,Me gusta,App,Recomendados
I007162,U01215,C0352,2025-05-26 23:47:20,No me gusta,App,Recomendados
I007163,U01215,C0349,2025-04-28 08:31:39,Me gusta,App,Inicio
I007164,U01215,C0362,2025-06-14 17:43:12,Clic recomendación,App,Inicio
I007165,U00064,C0350,2025-11-06 21:27:08,Clic recomendación,Web,Tendencias
I007166,U00064,C0022,2025-02-02 20:33:55,Quitar de mi lista,App,Búsqueda
I007167,U00064,C0146,2025-11-25 19:16:54,Agregar a mi lista,Web,Búsqueda
I007168,U00747,C0184,2025-07-28 21:01:27,Compartir,Web,Recomendados
I007169,U00042,C0295,2025-09-29 22:51:29,Quitar de mi lista,App,Recomendados
I007170,U00042,C0268,2025-11-18 18:09:18,Me gusta,App,Búsqueda
I007171,U00042,C0228,2025-10-28 09:48:16,Clic recomendación,App,Recomendados
I007172,U00042,C0267,2025-09-28 21:45:35,Me gusta,App,Continuar viendo
I007173,U01000,C0408,2025-05-01 00:41:34,Clic recomendación,App,Recomendados
I007174,U01000,C0193,2025-09-22 21:26:31,Descarga,Web,Recomendados
I007175,U01000,C0083,2025-04-22 10:13:31,Descarga,Web,Tendencias
I007176,U01000,C0411,2025-03-17 19:18:48,Me gusta,App,Recomendados
I007177,U01000,C0235,2025-09-14 21:02:22,Agregar a mi lista,App,Inicio
I007178,U01000,C0348,2025-02-07 21:28:33,Me gusta,App,Búsqueda
I007179,U01000,C0069,2025-02-27 00:19:15,Agregar a mi lista,App,Recomendados
I007180,U01000,C0002,2025-11-01 19:35:03,Me gusta,Web,Continuar viendo
I007181,U00668,C0101,2025-02-21 00:11:20,Agregar a mi lista,Web,Recomendados
I007182,U01435,C0374,2025-12-24 19:19:40,Agregar a mi lista,App,Recomendados
I007183,U01435,C0078,2025-03-25 01:17:04,Agregar a mi lista,Web,Búsqueda
I007184,U01435,C0281,2025-01-31 23:40:13,Me gusta,App,Inicio
I007185,U01435,C0305,2025-12-23 07:34:49,Clic recomendación,Web,Recomendados
I007186,U01435,C0296,2025-05-06 01:13:47,Clic recomendación,App,Recomendados
I007187,U01435,C0331,2025-04-24 22:47:58,Agregar a mi lista,App,Inicio
I007188,U01435,C0178,2025-08-21 22:49:10,Clic recomendación,App,Recomendados
I007189,U01435,C0416,2025-06-06 21:22:33,Compartir,App,Continuar viendo
I007190,U01380,C0347,2025-08-02 12:24:44,Clic recomendación,App,Tendencias
I007191,U01380,C0373,2025-02-07 22:54:08,Clic recomendación,App,Inicio
I007192,U01380,C0410,2025-04-10 20:43:23,Descarga,App,Recomendados
I007193,U01380,C0343,2025-11-18 20:26:53,Agregar a mi lista,App,Recomendados
I007194,U01380,C0021,2025-08-14 17:57:10,Quitar de mi lista,App,Inicio
I007195,U01380,C0181,2025-09-07 16:18:43,Clic recomendación,App,Inicio
I007196,U01380,C0307,2025-09-16 23:24:39,Agregar a mi lista,App,Inicio
I007197,U01380,C0239,2025-03-03 11:35:43,Compartir,App,Tendencias
I007198,U01380,C0194,2025-07-07 01:23:17,Descarga,App,Inicio
I007199,U01380,C0374,2025-11-27 12:36:47,Me gusta,App,Recomendados
I007200,U01380,C0243,2025-01-22 00:14:03,Me gusta,App,Búsqueda
I007201,U01380,C0403,2025-10-29 23:31:40,Descarga,App,Inicio
I007202,U00425,C0280,2025-06-30 21:53:10,No me gusta,Web,Tendencias
I007203,U00425,C0410,2025-09-20 16:44:34,Descarga,Web,Tendencias
I007204,U00623,C0247,2025-08-23 12:44:05,Me gusta,App,Recomendados
I007205,U00623,C0147,2025-05-18 00:08:31,Clic recomendación,Web,Inicio
I007206,U00623,C0238,2025-10-07 20:18:44,Quitar de mi lista,Web,Recomendados
I007207,U00623,C0380,2025-12-09 21:08:51,Clic recomendación,App,Recomendados
I007208,U00623,C0131,2025-03-20 21:35:14,Agregar a mi lista,App,Tendencias
I007209,U00579,C0281,2025-04-28 20:10:20,Me gusta,Web,Inicio
I007210,U00789,C0274,2025-02-21 13:49:33,Quitar de mi lista,App,Tendencias
I007211,U00789,C0217,2025-01-15 11:54:02,Clic recomendación,App,Inicio
I007212,U00789,C0212,2025-03-26 16:48:51,Clic recomendación,App,Inicio
I007213,U00789,C0210,2025-03-11 23:34:55,Agregar a mi lista,App,Tendencias
I007214,U00789,C0369,2025-03-01 21:03:50,No me gusta,App,Continuar viendo
I007215,U00789,C0277,2025-03-16 00:13:02,Agregar a mi lista,App,Inicio
I007216,U00789,C0336,2025-01-17 22:02:27,Descarga,App,Recomendados
I007217,U00789,C0150,2025-02-16 19:19:12,Agregar a mi lista,App,Inicio
I007218,U00789,C0360,2025-04-16 13:47:11,Agregar a mi lista,App,Recomendados
I007219,U01410,C0073,2025-10-18 01:11:41,Descarga,App,Recomendados
I007220,U01410,C0069,2025-10-30 18:03:26,Me gusta,App,Inicio
I007221,U01410,C0166,2025-09-27 21:25:32,Agregar a mi lista,App,Recomendados
I007222,U01410,C0412,2025-09-09 23:58:57,Clic recomendación,App,Recomendados
I007223,U01410,C0305,2025-09-11 22:43:22,Agregar a mi lista,App,Continuar viendo
I007224,U01410,C0118,2025-11-03 21:15:33,Clic recomendación,App,Recomendados
I007225,U00196,C0031,2025-01-01 08:06:20,Quitar de mi lista,App,Tendencias
I007226,U00196,C0326,2025-04-04 17:01:40,Compartir,App,Recomendados
I007227,U00196,C0197,2025-01-01 10:45:37,Clic recomendación,App,Tendencias
I007228,U00196,C0276,2025-02-14 23:08:38,Clic recomendación,App,Inicio
I007229,U00196,C0113,2025-04-29 23:55:33,Agregar a mi lista,App,Búsqueda
I007230,U00196,C0405,2025-05-01 14:16:31,Clic recomendación,App,Inicio
I007231,U00196,C0006,2025-06-25 20:34:07,Agregar a mi lista,App,Búsqueda
I007232,U00196,C0221,2025-08-22 00:30:14,Me gusta,App,Recomendados
I007233,U00761,C0036,2025-06-02 21:50:37,Descarga,Web,Inicio
I007234,U00761,C0004,2025-06-18 22:45:35,Clic recomendación,Web,Inicio
I007235,U00761,C0112,2025-06-24 11:57:50,Clic recomendación,Web,Recomendados
I007236,U00494,C0234,2025-01-25 20:58:36,Agregar a mi lista,App,Recomendados
I007237,U00494,C0080,2025-03-10 09:34:44,Clic recomendación,App,Recomendados
I007238,U00494,C0279,2025-01-15 22:26:03,Agregar a mi lista,App,Inicio
I007239,U00494,C0416,2025-04-18 19:25:40,Me gusta,App,Tendencias
I007240,U01191,C0115,2025-12-02 14:51:18,Clic recomendación,App,Recomendados
I007241,U01191,C0405,2025-11-01 22:33:18,Agregar a mi lista,App,Tendencias
I007242,U01191,C0309,2025-12-26 01:19:18,Clic recomendación,App,Recomendados
I007243,U01191,C0367,2025-10-27 11:04:43,Agregar a mi lista,App,Tendencias
I007244,U01191,C0276,2025-11-17 09:23:08,Compartir,App,Recomendados
I007245,U01191,C0384,2025-10-21 16:08:27,Compartir,App,Inicio
I007246,U01191,C0387,2025-12-15 10:12:13,Descarga,App,Recomendados
I007247,U01191,C0014,2025-11-03 23:28:01,Me gusta,App,Tendencias
I007248,U01231,C0295,2025-03-28 22:39:13,Me gusta,Web,Recomendados
I007249,U00430,C0310,2025-05-24 16:24:03,Clic recomendación,App,Recomendados
I007250,U00430,C0274,2025-04-06 14:53:47,Descarga,App,Búsqueda
I007251,U00430,C0064,2025-04-06 00:27:54,Clic recomendación,App,Recomendados
I007252,U01125,C0222,2025-06-25 23:18:45,Clic recomendación,App,Recomendados
I007253,U01125,C0348,2025-06-06 21:56:25,Clic recomendación,App,Inicio
I007254,U01125,C0188,2025-02-06 14:48:19,Agregar a mi lista,App,Tendencias
I007255,U01125,C0257,2025-07-23 15:23:01,Clic recomendación,App,Recomendados
I007256,U01125,C0142,2025-09-09 08:44:07,Me gusta,App,Continuar viendo
I007257,U01125,C0125,2025-01-10 17:04:59,Descarga,App,Inicio
I007258,U01106,C0098,2025-08-13 23:09:31,Me gusta,App,Tendencias
I007259,U01106,C0310,2025-09-09 23:49:04,Me gusta,App,Continuar viendo
I007260,U01106,C0238,2025-04-16 19:19:07,Clic recomendación,App,Tendencias
I007261,U01106,C0242,2025-01-27 22:45:21,Me gusta,App,Recomendados
I007262,U01106,C0225,2025-02-25 23:37:54,Me gusta,Web,Tendencias
I007263,U01106,C0030,2025-01-26 16:25:21,Clic recomendación,App,Recomendados
I007264,U00675,C0109,2025-10-11 19:14:37,Agregar a mi lista,App,Recomendados
I007265,U00675,C0420,2025-08-02 21:57:28,No me gusta,App,Tendencias
I007266,U00675,C0356,2025-10-03 20:51:52,Agregar a mi lista,App,Búsqueda
I007267,U01428,C0136,2025-12-08 08:49:48,Clic recomendación,App,Recomendados
I007268,U01428,C0149,2025-06-03 02:21:45,Agregar a mi lista,App,Continuar viendo
I007269,U01034,C0312,2025-03-22 18:40:57,Me gusta,App,Recomendados
I007270,U01034,C0049,2025-10-25 21:50:31,Clic recomendación,App,Recomendados
I007271,U01034,C0418,2025-09-01 09:50:59,Quitar de mi lista,App,Continuar viendo
I007272,U01034,C0372,2025-05-29 10:10:06,No me gusta,App,Inicio
I007273,U01034,C0271,2025-03-14 20:13:33,Me gusta,App,Continuar viendo
I007274,U01034,C0249,2025-05-15 16:58:33,Me gusta,App,Inicio
I007275,U01454,C0044,2025-07-22 23:42:55,Descarga,App,Búsqueda
I007276,U01454,C0380,2025-09-17 19:01:42,Quitar de mi lista,App,Continuar viendo
I007277,U01454,C0203,2025-09-13 11:27:48,Me gusta,App,Búsqueda
I007278,U01454,C0096,2025-12-03 20:53:38,Agregar a mi lista,App,Recomendados
I007279,U01454,C0135,2025-08-04 12:48:45,Clic recomendación,App,Tendencias
I007280,U00101,C0169,2025-06-27 22:19:11,Clic recomendación,Web,Inicio
I007281,U00101,C0246,2025-10-31 19:05:12,Agregar a mi lista,Web,Recomendados
I007282,U00101,C0065,2025-12-16 00:31:42,Clic recomendación,Web,Inicio
I007283,U00101,C0238,2025-06-02 22:54:44,Compartir,App,Continuar viendo
I007284,U00101,C0041,2025-08-11 21:28:56,Compartir,Web,Recomendados
I007285,U00101,C0374,2025-03-30 21:05:32,Clic recomendación,Web,Inicio
I007286,U00101,C0210,2025-02-21 16:40:41,Quitar de mi lista,Web,Continuar viendo
I007287,U00101,C0286,2025-07-31 19:38:46,Clic recomendación,App,Inicio
I007288,U00101,C0005,2025-03-10 23:16:08,Clic recomendación,Web,Recomendados
I007289,U00101,C0117,2025-11-23 20:08:34,Me gusta,App,Recomendados
I007290,U00810,C0413,2025-07-09 16:09:02,Clic recomendación,Web,Inicio
I007291,U00810,C0311,2025-05-26 08:12:22,Descarga,Web,Recomendados
I007292,U00810,C0089,2025-06-07 13:46:01,Quitar de mi lista,Web,Tendencias
I007293,U00810,C0194,2025-06-22 11:18:22,Clic recomendación,Web,Recomendados
I007294,U00086,C0328,2025-01-23 22:15:34,Clic recomendación,Web,Recomendados
I007295,U00086,C0078,2025-10-15 15:31:36,Compartir,App,Búsqueda
I007296,U00086,C0214,2025-10-11 18:35:43,Clic recomendación,Web,Recomendados
I007297,U00086,C0318,2025-08-08 17:28:17,Clic recomendación,Web,Recomendados
I007298,U00086,C0023,2025-08-06 00:14:43,Clic recomendación,App,Recomendados
I007299,U00086,C0204,2025-07-27 18:16:00,Clic recomendación,App,Inicio
I007300,U00086,C0410,2025-07-22 02:53:36,Clic recomendación,App,Recomendados
I007301,U00086,C0012,2025-08-17 10:01:44,Me gusta,Web,Búsqueda
I007302,U00086,C0408,2025-09-23 08:25:03,Clic recomendación,Web,Inicio
I007303,U00086,C0251,2025-08-12 19:09:43,Quitar de mi lista,Web,Continuar viendo
I007304,U00746,C0357,2025-06-13 21:18:35,Agregar a mi lista,App,Recomendados
I007305,U00746,C0159,2025-07-09 22:31:22,Me gusta,App,Recomendados
I007306,U00337,C0290,2025-11-28 14:25:44,Me gusta,App,Recomendados
I007307,U00337,C0260,2025-11-08 00:47:58,Agregar a mi lista,App,Búsqueda
I007308,U00337,C0023,2025-11-17 16:56:23,Me gusta,App,Inicio
I007309,U00830,C0132,2025-11-13 19:32:35,Agregar a mi lista,Web,Tendencias
I007310,U00830,C0355,2025-07-11 13:36:45,Clic recomendación,Web,Recomendados
I007311,U00830,C0344,2025-06-14 12:18:21,Agregar a mi lista,Web,Continuar viendo
I007312,U00830,C0264,2025-11-13 01:39:38,Compartir,Web,Tendencias
I007313,U00830,C0304,2025-08-06 15:59:02,Me gusta,Web,Inicio
I007314,U00830,C0342,2025-07-07 18:42:00,Clic recomendación,Web,Inicio
I007315,U00455,C0407,2025-02-23 21:21:26,Clic recomendación,App,Recomendados
I007316,U00455,C0224,2025-01-06 19:51:21,Me gusta,App,Recomendados
I007317,U00709,C0295,2025-08-15 23:11:05,Compartir,Web,Inicio
I007318,U00709,C0041,2025-04-26 22:11:53,Clic recomendación,Web,Recomendados
I007319,U00709,C0324,2025-07-23 03:09:28,Me gusta,Web,Búsqueda
I007320,U00709,C0313,2025-05-01 20:27:30,Clic recomendación,Web,Recomendados
I007321,U00709,C0346,2025-04-03 22:19:47,Clic recomendación,Web,Recomendados
I007322,U00709,C0091,2025-07-03 03:05:49,Clic recomendación,Web,Recomendados
I007323,U01292,C0180,2025-05-23 00:40:26,Agregar a mi lista,App,Búsqueda
I007324,U01292,C0005,2025-07-20 16:21:13,Quitar de mi lista,App,Tendencias
I007325,U01292,C0130,2025-11-20 22:01:50,No me gusta,App,Recomendados
I007326,U01292,C0001,2025-09-15 16:26:02,Agregar a mi lista,App,Recomendados
I007327,U01292,C0078,2025-09-14 20:25:22,Clic recomendación,App,Recomendados
I007328,U01292,C0199,2025-06-23 17:11:44,Agregar a mi lista,App,Tendencias
I007329,U01292,C0109,2025-11-30 13:06:47,Me gusta,App,Búsqueda
I007330,U01292,C0260,2025-03-28 20:25:19,Agregar a mi lista,App,Continuar viendo
I007331,U01292,C0332,2025-04-01 04:23:09,Agregar a mi lista,App,Búsqueda
I007332,U01292,C0265,2025-03-24 16:50:40,Agregar a mi lista,App,Búsqueda
I007333,U01174,C0073,2025-05-04 23:13:43,Clic recomendación,App,Recomendados
I007334,U01174,C0260,2025-05-09 20:30:54,Descarga,App,Recomendados
I007335,U00491,C0149,2025-01-08 16:09:06,Agregar a mi lista,App,Recomendados
I007336,U00491,C0209,2025-01-10 23:13:26,Compartir,App,Recomendados
I007337,U00491,C0138,2025-01-16 14:35:39,Clic recomendación,App,Recomendados
I007338,U00563,C0192,2025-04-01 16:43:42,Clic recomendación,Web,Tendencias
I007339,U01399,C0408,2025-03-23 22:33:00,Compartir,Web,Continuar viendo
I007340,U01399,C0119,2025-04-22 23:56:03,Clic recomendación,Web,Recomendados
I007341,U01399,C0379,2025-01-01 21:21:13,Me gusta,Web,Búsqueda
I007342,U01399,C0407,2025-04-12 20:19:51,Agregar a mi lista,Web,Búsqueda
I007343,U00717,C0380,2025-10-05 19:53:25,Quitar de mi lista,App,Recomendados
I007344,U00717,C0055,2025-10-10 01:28:24,Clic recomendación,App,Recomendados
I007345,U00717,C0290,2025-08-12 22:20:07,Agregar a mi lista,App,Recomendados
I007346,U00717,C0010,2025-08-06 19:35:34,Agregar a mi lista,App,Recomendados
I007347,U00294,C0167,2025-11-10 19:07:33,Clic recomendación,Web,Inicio
I007348,U00294,C0077,2025-12-08 22:20:13,Compartir,Web,Inicio
I007349,U00294,C0275,2025-10-15 17:15:48,Clic recomendación,Web,Tendencias
I007350,U00294,C0307,2025-10-20 18:26:57,Clic recomendación,Web,Recomendados
I007351,U00294,C0270,2025-12-02 22:32:25,Me gusta,Web,Búsqueda
I007352,U00294,C0249,2025-11-10 18:21:33,Compartir,Web,Inicio
I007353,U01347,C0147,2025-05-29 22:51:03,Clic recomendación,Web,Tendencias
I007354,U01347,C0003,2025-02-11 12:28:31,Quitar de mi lista,App,Recomendados
I007355,U01347,C0053,2025-09-04 08:43:53,Me gusta,App,Continuar viendo
I007356,U01347,C0240,2025-02-03 14:17:30,Clic recomendación,Web,Recomendados
I007357,U01347,C0214,2025-11-14 21:29:36,Clic recomendación,Web,Recomendados
I007358,U00281,C0072,2025-06-07 10:27:35,Quitar de mi lista,App,Continuar viendo
I007359,U00281,C0062,2025-10-11 13:56:53,Clic recomendación,App,Recomendados
I007360,U00281,C0078,2025-10-21 22:32:32,Quitar de mi lista,App,Búsqueda
I007361,U00281,C0005,2025-12-25 13:21:05,Me gusta,App,Recomendados
I007362,U00281,C0219,2025-06-28 20:00:00,Me gusta,App,Recomendados
I007363,U00281,C0278,2025-04-30 23:02:52,Agregar a mi lista,App,Recomendados
I007364,U01430,C0009,2025-07-02 23:08:46,Me gusta,App,Continuar viendo
I007365,U00409,C0107,2025-03-24 16:08:42,Clic recomendación,App,Recomendados
I007366,U00409,C0014,2025-01-12 17:31:44,Me gusta,App,Tendencias
I007367,U00447,C0056,2025-10-09 21:49:49,No me gusta,App,Búsqueda
I007368,U00447,C0271,2025-11-14 20:06:17,Clic recomendación,App,Recomendados
I007369,U00447,C0415,2025-11-09 22:04:17,Agregar a mi lista,Web,Inicio
I007370,U00447,C0389,2025-11-12 12:33:48,Agregar a mi lista,App,Búsqueda
I007371,U00848,C0212,2025-12-14 17:48:30,Me gusta,Web,Tendencias
I007372,U00848,C0109,2025-11-22 12:39:33,Me gusta,App,Recomendados
I007373,U00848,C0289,2025-11-16 20:30:30,Agregar a mi lista,Web,Continuar viendo
I007374,U01279,C0265,2025-01-07 22:50:57,Agregar a mi lista,App,Tendencias
I007375,U01279,C0097,2025-01-13 18:45:18,Clic recomendación,App,Recomendados
I007376,U01279,C0062,2025-06-28 21:11:40,Agregar a mi lista,App,Recomendados
I007377,U01279,C0177,2025-01-11 23:54:02,Agregar a mi lista,App,Tendencias
I007378,U01279,C0395,2025-03-14 19:38:33,Clic recomendación,App,Recomendados
I007379,U01279,C0251,2025-02-11 15:29:36,Me gusta,App,Búsqueda
I007380,U00512,C0310,2025-11-26 21:08:34,Me gusta,App,Inicio
I007381,U00512,C0111,2025-10-25 20:44:34,Clic recomendación,App,Tendencias
I007382,U00512,C0203,2025-10-08 22:41:44,Me gusta,App,Recomendados
I007383,U00512,C0401,2025-10-29 05:50:32,Agregar a mi lista,App,Continuar viendo
I007384,U00553,C0054,2025-02-11 15:59:11,Agregar a mi lista,App,Búsqueda
I007385,U00553,C0100,2025-01-05 11:22:15,Clic recomendación,App,Recomendados
I007386,U00553,C0028,2025-01-09 23:22:47,Agregar a mi lista,App,Tendencias
I007387,U00553,C0327,2025-02-07 10:35:47,Clic recomendación,Web,Recomendados
I007388,U00553,C0339,2025-01-30 22:52:13,Clic recomendación,App,Inicio
I007389,U00553,C0011,2025-02-18 16:37:05,Clic recomendación,App,Recomendados
I007390,U00553,C0232,2025-01-26 20:37:38,Me gusta,Web,Continuar viendo
I007391,U00553,C0373,2025-02-03 20:20:09,No me gusta,App,Recomendados
I007392,U00553,C0194,2025-01-15 16:57:46,Quitar de mi lista,Web,Tendencias
I007393,U00553,C0349,2025-01-28 07:41:18,Me gusta,App,Búsqueda
I007394,U00553,C0086,2025-01-30 18:34:12,No me gusta,App,Tendencias
I007395,U01404,C0098,2025-02-12 11:31:16,Me gusta,Web,Tendencias
I007396,U01404,C0302,2025-05-11 21:42:28,Clic recomendación,App,Inicio
I007397,U01404,C0252,2025-03-22 21:57:46,Descarga,App,Recomendados
I007398,U01404,C0337,2025-02-23 15:03:00,Me gusta,App,Recomendados
I007399,U01404,C0188,2025-01-15 16:14:21,Clic recomendación,Web,Recomendados
I007400,U01404,C0189,2025-03-16 20:27:10,Quitar de mi lista,App,Recomendados
I007401,U01242,C0412,2025-04-16 05:51:24,Compartir,App,Continuar viendo
I007402,U01242,C0216,2025-03-14 06:16:59,Agregar a mi lista,Web,Recomendados
I007403,U01242,C0373,2025-05-22 00:21:15,No me gusta,App,Continuar viendo
I007404,U01242,C0053,2025-01-07 15:39:33,Me gusta,Web,Recomendados
I007405,U01242,C0354,2025-08-18 20:50:27,Agregar a mi lista,App,Inicio
I007406,U00458,C0193,2025-03-04 21:25:58,Agregar a mi lista,App,Recomendados
I007407,U00458,C0262,2025-11-17 19:34:52,Me gusta,Web,Continuar viendo
I007408,U00458,C0271,2025-01-23 22:03:33,Quitar de mi lista,App,Inicio
I007409,U00458,C0323,2025-04-02 18:38:04,Compartir,App,Recomendados
I007410,U00458,C0201,2025-02-25 03:53:12,Descarga,Web,Inicio
I007411,U00458,C0259,2025-08-28 18:48:01,Me gusta,App,Recomendados
I007412,U00458,C0290,2025-07-09 20:35:47,Clic recomendación,App,Recomendados
I007413,U00458,C0237,2025-01-31 10:47:16,Agregar a mi lista,App,Recomendados
I007414,U01104,C0040,2025-02-01 18:22:05,Quitar de mi lista,App,Continuar viendo
I007415,U01104,C0106,2025-03-29 15:42:02,No me gusta,App,Recomendados
I007416,U01104,C0123,2025-02-25 18:08:56,Agregar a mi lista,Web,Inicio
I007417,U01104,C0332,2025-02-18 16:41:22,Clic recomendación,App,Inicio
I007418,U01247,C0394,2025-02-01 22:37:51,Me gusta,Web,Recomendados
I007419,U01247,C0077,2025-01-17 23:34:16,Quitar de mi lista,Web,Recomendados
I007420,U00374,C0183,2025-02-17 09:30:47,Clic recomendación,App,Recomendados
I007421,U00374,C0234,2025-01-21 13:02:50,Agregar a mi lista,App,Tendencias
I007422,U00374,C0275,2025-01-27 23:25:10,Me gusta,App,Inicio
I007423,U00374,C0176,2025-01-27 17:31:48,Me gusta,App,Tendencias
I007424,U01233,C0358,2025-07-27 17:38:08,Agregar a mi lista,Web,Inicio
I007425,U01233,C0176,2025-11-23 19:38:21,Me gusta,Web,Inicio
I007426,U01233,C0362,2025-05-14 23:08:05,Quitar de mi lista,Web,Continuar viendo
I007427,U00177,C0181,2025-04-18 22:35:38,Clic recomendación,Web,Tendencias
I007428,U00177,C0050,2025-06-02 02:07:59,Clic recomendación,Web,Recomendados
I007429,U00177,C0247,2025-04-29 05:45:44,Me gusta,Web,Recomendados
I007430,U00177,C0343,2025-05-19 13:02:38,Agregar a mi lista,Web,Continuar viendo
I007431,U00828,C0185,2025-05-11 14:16:24,Me gusta,Web,Continuar viendo
I007432,U00828,C0232,2025-08-28 03:55:16,Me gusta,Web,Inicio
I007433,U00828,C0135,2025-04-23 20:46:14,Me gusta,App,Inicio
I007434,U00828,C0192,2025-01-18 17:06:52,Me gusta,App,Tendencias
I007435,U00828,C0280,2025-01-29 00:28:47,Me gusta,App,Continuar viendo
I007436,U00828,C0158,2025-05-31 13:38:41,Agregar a mi lista,Web,Recomendados
I007437,U00828,C0215,2025-01-12 04:33:50,No me gusta,App,Inicio
I007438,U00828,C0402,2025-02-06 19:37:02,Agregar a mi lista,Web,Inicio
